"Phone Number 			";"Nome 					";Conta Comercial;Grupo WP;Codigo
8191313489;Sem nome;Pessoal;PHP BRASIL;1
3188764662;Pedro Augusto;Pessoal;PHP BRASIL;2
6696019743;Socialpub Marketplace;Pessoal;PHP BRASIL;3
8588781518;Sem Deus Não Sou Nada;Pessoal;PHP BRASIL;4
7197295995;Sem nome;Pessoal;PHP BRASIL;5
8288302721;Lucas...;Pessoal;PHP BRASIL;6
21984166461;Sem nome;Pessoal;PHP BRASIL;7
4396483883;Sem nome;Pessoal;PHP BRASIL;8
21974480796;andree;Pessoal;PHP BRASIL;9
9888561194;Sem nome;Pessoal;PHP BRASIL;10
11948941218;Sem nome;Pessoal;PHP BRASIL;11
7185028501;Sem nome;Pessoal;PHP BRASIL;12
21986385610;Gabi;Pessoal;PHP BRASIL;13
4196775761;Sem nome;Pessoal;PHP BRASIL;14
11947649363;Leandro Duarte;Pessoal;PHP BRASIL;15
6192736142;Sem nome;Pessoal;PHP BRASIL;16
21997675950;Só sei que nada sei.;Pessoal;PHP BRASIL;17
11970441541;Sem nome;Pessoal;PHP BRASIL;18
9484229900;Marcos Ribeiro;Pessoal;PHP BRASIL;19
11983704754;Sem nome;Pessoal;PHP BRASIL;20
9193064354;Luiz Sérgio;Pessoal;PHP BRASIL;21
4398036308;Sem nome;Pessoal;PHP BRASIL;22
6381094853;Sem nome;Pessoal;PHP BRASIL;23
11970390129;Sem nome;Pessoal;PHP BRASIL;24
8499551259;Eng. Delio Costa ????;Pessoal;PHP BRASIL;25
5491789741;Sem nome;Pessoal;PHP BRASIL;26
15996120684;Sem nome;Pessoal;PHP BRASIL;27
11940812113;Karina;Pessoal;PHP BRASIL;28
6291584084;Sem nome;Pessoal;PHP BRASIL;29
19982143690;Leonardo Izepi;Pessoal;PHP BRASIL;30
11967377929;Sem nome;Pessoal;PHP BRASIL;31
6292146447;Sem nome;Pessoal;PHP BRASIL;32
17991475685;Sem nome;Pessoal;PHP BRASIL;33
6481049679;Sem nome;Pessoal;PHP BRASIL;34
3597555915;Sem nome;Pessoal;PHP BRASIL;35
6581159380;Sem nome;Pessoal;PHP BRASIL;36
3192687645;Lucas Vilhena Soluções Di;Pessoal;PHP BRASIL;37
27997813275;Elcio;Pessoal;PHP BRASIL;38
7192169685;Ruan Ribeiro;Pessoal;PHP BRASIL;39
3192967024;Suzanne Camelier;Pessoal;PHP BRASIL;40
4192809600;Sem nome;Pessoal;PHP BRASIL;41
11992699958;Sem nome;Pessoal;PHP BRASIL;42
5181285285;Sem nome;Pessoal;PHP BRASIL;43
11941114322;Sem nome;Pessoal;PHP BRASIL;44
6183457591;Sem nome;Pessoal;PHP BRASIL;45
11960787370;Sem nome;Pessoal;PHP BRASIL;46
11985652783;Jeferson Menezes ;Pessoal;PHP BRASIL;47
11941376013;Silvana Ferreira;Pessoal;PHP BRASIL;48
8387219239;Wellington Lopes;Pessoal;PHP BRASIL;49
9284534089;Sem nome;Pessoal;PHP BRASIL;50
6191859066;Sem nome;Pessoal;PHP BRASIL;51
21982097330;Sem nome;Pessoal;PHP BRASIL;52
3484011088;Sem nome;Pessoal;PHP BRASIL;53
7192356501;Valdemir Monteiro;Pessoal;PHP BRASIL;54
3193922506;Thiago Vieira;Pessoal;PHP BRASIL;55
8287086209;Sem nome;Pessoal;PHP BRASIL;56
8592725107;Rômulo lima;Pessoal;PHP BRASIL;57
8599900879;Sem nome;Pessoal;PHP BRASIL;58
19998653406;Fenix Sistemas;Pessoal;PHP BRASIL;59
12996217025;Virtual&Bank;Pessoal;PHP BRASIL;60
24999993011;Sem nome;Pessoal;PHP BRASIL;61
11982820057;Sem nome;Pessoal;PHP BRASIL;62
8288593276;Djalma Alves;Pessoal;PHP BRASIL;63
8195753865;Sem nome;Pessoal;PHP BRASIL;64
19991161816;Sem nome;Pessoal;PHP BRASIL;65
4796774739;Sem nome;Pessoal;PHP BRASIL;66
8186152352;Ipage Software;Conta Comercial;PHP BRASIL;67
6186056392;Hirlei Carlos;Pessoal;PHP BRASIL;68
13997777887;Sem nome;Pessoal;PHP BRASIL;69
9185626457;Rodrigo/Léo ;Pessoal;PHP BRASIL;70
3791194030;Sem nome;Pessoal;PHP BRASIL;71
4197313304;Sem nome;Pessoal;PHP BRASIL;72
11982712051;Sem nome;Pessoal;PHP BRASIL;73
6282508955;Artur Jr;Pessoal;PHP BRASIL;74
6384245025;Leandro Henrique;Pessoal;PHP BRASIL;75
3199721985;cleberconde;Pessoal;PHP BRASIL;76
5193315081;Sem nome;Pessoal;PHP BRASIL;77
19987110888;Sem nome;Pessoal;PHP BRASIL;78
11994345127;Sem nome;Pessoal;PHP BRASIL;79
22992685018;Isaac Rodrigues;Pessoal;PHP BRASIL;80
11989692766;Sem nome;Pessoal;PHP BRASIL;81
6791602771;Carlos Douglas;Pessoal;PHP BRASIL;82
5184327399;Sem nome;Pessoal;PHP BRASIL;83
3175928795;Sem nome;Pessoal;PHP BRASIL;84
6496419754;Sem nome;Pessoal;PHP BRASIL;85
4499247950;Sem nome;Pessoal;PHP BRASIL;86
9988461248;Sem nome;Pessoal;PHP BRASIL;87
4384079768;Edson Pereira;Pessoal;PHP BRASIL;88
11980690420;Camila de Almeida;Pessoal;PHP BRASIL;89
6296963774;Rocha Mídia;Pessoal;PHP BRASIL;90
11963729227;Francisco Tiago;Pessoal;PHP BRASIL;91
11984677824;Edinilson;Pessoal;PHP BRASIL;92
11975735877;Carla Moura;Pessoal;PHP BRASIL;93
8599963221;Sem nome;Pessoal;PHP BRASIL;94
8185410556;Sem nome;Pessoal;PHP BRASIL;95
11970181657;Sem nome;Pessoal;PHP BRASIL;96
11975548353;Sem nome;Pessoal;PHP BRASIL;97
5391418246;Sem nome;Pessoal;PHP BRASIL;98
8699513439;James Kelson;Pessoal;PHP BRASIL;99
8396053078;Ricardo Faria;Pessoal;PHP BRASIL;100
11997434848;Sem nome;Pessoal;PHP BRASIL;101
5399364177;Brites;Pessoal;PHP BRASIL;102
21996261659;Richard;Pessoal;PHP BRASIL;103
84920038581;Ag2 Midias Digitais - Gestão de Tráfego e Automação;Conta Comercial;PHP - BRASIL;104
4197679106;David;Pessoal;PHP - BRASIL;105
6196958368;Sem nome;Pessoal;PHP - BRASIL;106
4896684462;Sem nome;Pessoal;PHP - BRASIL;107
21974480796;andree;Pessoal;PHP - BRASIL;108
16982520741;Sem nome;Pessoal;PHP - BRASIL;109
11962102709;Sem nome;Pessoal;PHP - BRASIL;110
11981100211;Douglas Santos - Consultoria, Análise de Sistemas e Gestão de Times;Conta Comercial;PHP - BRASIL;111
18998108495;Sem nome;Pessoal;PHP - BRASIL;112
4599800392;Sem nome;Pessoal;PHP - BRASIL;113
11940412886;Sem nome;Pessoal;PHP - BRASIL;114
6484279708;cPlus;Conta Comercial;PHP - BRASIL;115
4499716081;Sem nome;Pessoal;PHP - BRASIL;116
3291267196;Sem nome;Pessoal;PHP - BRASIL;117
6196692738;Sem nome;Pessoal;PHP - BRASIL;118
11981898780;Sem nome;Pessoal;PHP - BRASIL;119
5391623404;Sem nome;Pessoal;PHP - BRASIL;120
8597385551;Sem nome;Pessoal;PHP - BRASIL;121
15996120684;Sem nome;Pessoal;PHP - BRASIL;122
11997895787;Sem nome;Pessoal;PHP - BRASIL;123
6193330333;Bruno - Conduta info;Conta Comercial;PHP - BRASIL;124
21974468098;Sem nome;Pessoal;PHP - BRASIL;125
7798111007;Sem nome;Pessoal;PHP - BRASIL;126
14997876427;Sem nome;Pessoal;PHP - BRASIL;127
21964406222;Sem nome;Pessoal;PHP - BRASIL;128
6195768252;Sem nome;Pessoal;PHP - BRASIL;129
9981299438;Sem nome;Pessoal;PHP - BRASIL;130
17981098543;Sem nome;Pessoal;PHP - BRASIL;131
3175831201;Sem nome;Pessoal;PHP - BRASIL;132
21989223002;Sem nome;Pessoal;PHP - BRASIL;133
8585603922;Sem nome;Pessoal;PHP - BRASIL;134
6198809893;Jéssica Almeida | Roots Gestão;Conta Comercial;PHP - BRASIL;135
7592291674;Sem nome;Pessoal;PHP - BRASIL;136
4891655137;Psicóloga Larissa Aguiar;Conta Comercial;PHP - BRASIL;137
3192967024;Suzanne Camelier;Pessoal;PHP - BRASIL;138
5181285285;Sem nome;Pessoal;PHP - BRASIL;139
8288665081;Sem nome;Pessoal;PHP - BRASIL;140
18997027699;André;Conta Comercial;PHP - BRASIL;141
5184924026;Eurico;Conta Comercial;PHP - BRASIL;142
11953511551;Sem nome;Pessoal;PHP - BRASIL;143
21980308379;Sem nome;Pessoal;PHP - BRASIL;144
18997648751;Sem nome;Pessoal;PHP - BRASIL;145
4199934441;Sem nome;Pessoal;PHP - BRASIL;146
11942713176;alves;Conta Comercial;PHP - BRASIL;147
4196346667;Sem nome;Pessoal;PHP - BRASIL;148
3899486476;Sem nome;Pessoal;PHP - BRASIL;149
8894114193;Sem nome;Pessoal;PHP - BRASIL;150
5193237977;Elias Machado;Pessoal;PHP - BRASIL;151
8387219239;Wellington Lopes;Pessoal;PHP - BRASIL;152
11959784862;Sem nome;Pessoal;PHP - BRASIL;153
22988096143;Sem nome;Pessoal;PHP - BRASIL;154
11946874090;Sem nome;Pessoal;PHP - BRASIL;155
6793381990;Sem nome;Pessoal;PHP - BRASIL;156
21999336771;Sem nome;Pessoal;PHP - BRASIL;157
6791821660;Sem nome;Pessoal;PHP - BRASIL;158
7399625516;Sem nome;Pessoal;PHP - BRASIL;159
5192245389;Sem nome;Pessoal;PHP - BRASIL;160
11977740086;Sem nome;Pessoal;PHP - BRASIL;161
3597296516;Sem nome;Pessoal;PHP - BRASIL;162
3888353744;Sem nome;Pessoal;PHP - BRASIL;163
21979815209;Sem nome;Pessoal;PHP - BRASIL;164
6596307206;Sem nome;Pessoal;PHP - BRASIL;165
7588998312;Sem nome;Pessoal;PHP - BRASIL;166
8699757629;Sem nome;Pessoal;PHP - BRASIL;167
11975312600;Sem nome;Pessoal;PHP - BRASIL;168
15997007659;Sem nome;Pessoal;PHP - BRASIL;169
8491346314;Sem nome;Pessoal;PHP - BRASIL;170
11980333159;Sem nome;Pessoal;PHP - BRASIL;171
6596644901;Sem nome;Pessoal;PHP - BRASIL;172
11985078151;Sem nome;Pessoal;PHP - BRASIL;173
8182700853;Sem nome;Pessoal;PHP - BRASIL;174
21987310701;Sem nome;Pessoal;PHP - BRASIL;175
8184683280;Sem nome;Pessoal;PHP - BRASIL;176
9183644261;Sem nome;Pessoal;PHP - BRASIL;177
3487008751;Sem nome;Pessoal;PHP - BRASIL;178
6581170765;Sem nome;Pessoal;PHP - BRASIL;179
11985409693;Sem nome;Pessoal;PHP - BRASIL;180
6285009878;Sem nome;Pessoal;PHP - BRASIL;181
11976741962;Carlos Correia;Conta Comercial;PHP - BRASIL;182
18981116543;Sem nome;Pessoal;PHP - BRASIL;183
22992685018;Isaac Rodrigues;Pessoal;PHP - BRASIL;184
18997176098;Sem nome;Pessoal;PHP - BRASIL;185
8281549780;Sem nome;Pessoal;PHP - BRASIL;186
11975735877;Carla Moura;Pessoal;PHP - BRASIL;187
5181431439;Sem nome;Pessoal;PHP - BRASIL;188
4188593107;Sem nome;Pessoal;PHP - BRASIL;189
21986581407;Sem nome;Pessoal;PHP - BRASIL;190
9292526942;Seventech Soluções;Conta Comercial;PHP - BRASIL;191
7583357190;Sem nome;Pessoal;PHP - BRASIL;192
8185410556;Sem nome;Pessoal;PHP - BRASIL;193
18997135371;Sem nome;Pessoal;PHP - BRASIL;194
11970181657;Sem nome;Pessoal;PHP - BRASIL;195
16992841186;Sem nome;Pessoal;PHP - BRASIL;196
6193173193;Sem nome;Pessoal;PHP - BRASIL;197
8695293026;Sem nome;Pessoal;PHP - BRASIL;198
8396053078;Ricardo Faria;Pessoal;PHP - BRASIL;199
8196770029;Sem nome;Pessoal;!019 Inteligência Artificial - Fred da Hashtag;200
3184586814;Sem nome;Pessoal;!019 Inteligência Artificial - Fred da Hashtag;201
9196033450;Sem nome;Pessoal;!019 Inteligência Artificial - Fred da Hashtag;202
4784622524;Sem nome;Pessoal;!019 Inteligência Artificial - Fred da Hashtag;203
11959499866;Sem nome;Pessoal;!019 Inteligência Artificial - Fred da Hashtag;204
21999542881;Sem nome;Pessoal;!019 Inteligência Artificial - Fred da Hashtag;205
3588442598;Sem nome;Pessoal;!019 Inteligência Artificial - Fred da Hashtag;206
6798359796;Sem nome;Pessoal;!019 Inteligência Artificial - Fred da Hashtag;207
8196399389;Sem nome;Pessoal;!019 Inteligência Artificial - Fred da Hashtag;208
7499859008;Sem nome;Pessoal;!019 Inteligência Artificial - Fred da Hashtag;209
6292068970;Sem nome;Pessoal;!019 Inteligência Artificial - Fred da Hashtag;210
4199318443;Sem nome;Pessoal;!019 Inteligência Artificial - Fred da Hashtag;211
11962630700;Sem nome;Pessoal;!019 Inteligência Artificial - Fred da Hashtag;212
8588575185;Sem nome;Pessoal;!019 Inteligência Artificial - Fred da Hashtag;213
6199704941;Sem nome;Pessoal;!019 Inteligência Artificial - Fred da Hashtag;214
7781139449;Sem nome;Pessoal;!019 Inteligência Artificial - Fred da Hashtag;215
4299640901;Sem nome;Pessoal;!019 Inteligência Artificial - Fred da Hashtag;216
9291164675;Sem nome;Pessoal;!019 Inteligência Artificial - Fred da Hashtag;217
9285239179;Sem nome;Pessoal;!019 Inteligência Artificial - Fred da Hashtag;218
4391269573;Sem nome;Pessoal;!019 Inteligência Artificial - Fred da Hashtag;219
21967631354;Sem nome;Pessoal;!019 Inteligência Artificial - Fred da Hashtag;220
3499604430;Sem nome;Pessoal;!019 Inteligência Artificial - Fred da Hashtag;221
7991385705;Sem nome;Pessoal;!019 Inteligência Artificial - Fred da Hashtag;222
9885383707;Sem nome;Pessoal;!019 Inteligência Artificial - Fred da Hashtag;223
21991101371;Sem nome;Pessoal;!019 Inteligência Artificial - Fred da Hashtag;224
6185299725;Sem nome;Pessoal;!019 Inteligência Artificial - Fred da Hashtag;225
21992430459;Sem nome;Pessoal;!019 Inteligência Artificial - Fred da Hashtag;226
11970255997;Sem nome;Pessoal;!019 Inteligência Artificial - Fred da Hashtag;227
9185310544;Sem nome;Pessoal;!019 Inteligência Artificial - Fred da Hashtag;228
21996780554;Sem nome;Pessoal;!019 Inteligência Artificial - Fred da Hashtag;229
6599475122;Sem nome;Pessoal;!019 Inteligência Artificial - Fred da Hashtag;230
11997405905;Sem nome;Pessoal;!019 Inteligência Artificial - Fred da Hashtag;231
11976774213;Sem nome;Pessoal;!019 Inteligência Artificial - Fred da Hashtag;232
11994551787;Sem nome;Pessoal;!019 Inteligência Artificial - Fred da Hashtag;233
19987282371;Sem nome;Pessoal;!019 Inteligência Artificial - Fred da Hashtag;234
11966106877;Sem nome;Pessoal;!019 Inteligência Artificial - Fred da Hashtag;235
8185747205;Sem nome;Pessoal;!019 Inteligência Artificial - Fred da Hashtag;236
11973286231;Sem nome;Pessoal;!019 Inteligência Artificial - Fred da Hashtag;237
3299294448;Sem nome;Pessoal;!019 Inteligência Artificial - Fred da Hashtag;238
11999884212;Sem nome;Pessoal;!019 Inteligência Artificial - Fred da Hashtag;239
5199597125;Sem nome;Pessoal;!019 Inteligência Artificial - Fred da Hashtag;240
21999883069;Sem nome;Pessoal;!019 Inteligência Artificial - Fred da Hashtag;241
7799753397;Sem nome;Pessoal;!019 Inteligência Artificial - Fred da Hashtag;242
11994022186;Sem nome;Pessoal;!019 Inteligência Artificial - Fred da Hashtag;243
11997107752;Sem nome;Pessoal;!019 Inteligência Artificial - Fred da Hashtag;244
21991250069;Sem nome;Pessoal;!019 Inteligência Artificial - Fred da Hashtag;245
11933406229;Sem nome;Pessoal;!019 Inteligência Artificial - Fred da Hashtag;246
7196265508;Sem nome;Pessoal;!019 Inteligência Artificial - Fred da Hashtag;247
15996481471;Sem nome;Pessoal;!019 Inteligência Artificial - Fred da Hashtag;248
7588071282;Sem nome;Pessoal;!019 Inteligência Artificial - Fred da Hashtag;249
21976582861;Sem nome;Pessoal;!019 Inteligência Artificial - Fred da Hashtag;250
11949302718;Sem nome;Pessoal;!019 Inteligência Artificial - Fred da Hashtag;251
11957102826;Sem nome;Pessoal;!019 Inteligência Artificial - Fred da Hashtag;252
3175921514;Sem nome;Pessoal;!019 Inteligência Artificial - Fred da Hashtag;253
11976254880;Sem nome;Pessoal;!019 Inteligência Artificial - Fred da Hashtag;254
12982332086;Sem nome;Pessoal;!019 Inteligência Artificial - Fred da Hashtag;255
6592979134;Sem nome;Pessoal;!019 Inteligência Artificial - Fred da Hashtag;256
11952361518;Sem nome;Pessoal;!019 Inteligência Artificial - Fred da Hashtag;257
21970835306;Sem nome;Pessoal;!019 Inteligência Artificial - Fred da Hashtag;258
3191291623;Sem nome;Pessoal;!019 Inteligência Artificial - Fred da Hashtag;259
21987076099;Sem nome;Pessoal;!019 Inteligência Artificial - Fred da Hashtag;260
11983832630;Sem nome;Pessoal;!019 Inteligência Artificial - Fred da Hashtag;261
19997311857;Sem nome;Pessoal;!019 Inteligência Artificial - Fred da Hashtag;262
22997646128;Sem nome;Pessoal;!019 Inteligência Artificial - Fred da Hashtag;263
4799187808;Sem nome;Pessoal;!019 Inteligência Artificial - Fred da Hashtag;264
11993601010;Sem nome;Pessoal;!019 Inteligência Artificial - Fred da Hashtag;265
11983273600;Sem nome;Pessoal;!019 Inteligência Artificial - Fred da Hashtag;266
6699036580;Sem nome;Pessoal;!019 Inteligência Artificial - Fred da Hashtag;267
5499451246;Sem nome;Pessoal;!019 Inteligência Artificial - Fred da Hashtag;268
11963041513;Sem nome;Pessoal;!019 Inteligência Artificial - Fred da Hashtag;269
6799135716;Sem nome;Pessoal;!019 Inteligência Artificial - Fred da Hashtag;270
11984789609;Sem nome;Pessoal;!019 Inteligência Artificial - Fred da Hashtag;271
8897210351;Sem nome;Pessoal;!019 Inteligência Artificial - Fred da Hashtag;272
9884174406;Sem nome;Pessoal;!019 Inteligência Artificial - Fred da Hashtag;273
21995752837;Sem nome;Pessoal;!019 Inteligência Artificial - Fred da Hashtag;274
8896625914;Sem nome;Pessoal;!019 Inteligência Artificial - Fred da Hashtag;275
11998912219;Sem nome;Pessoal;!019 Inteligência Artificial - Fred da Hashtag;276
3899574445;Sem nome;Pessoal;!019 Inteligência Artificial - Fred da Hashtag;277
3198045840;Sem nome;Pessoal;!019 Inteligência Artificial - Fred da Hashtag;278
19988249321;Sem nome;Pessoal;!019 Inteligência Artificial - Fred da Hashtag;279
11968919128;Sem nome;Pessoal;!019 Inteligência Artificial - Fred da Hashtag;280
11941038447;Sem nome;Pessoal;!019 Inteligência Artificial - Fred da Hashtag;281
11993063485;Sem nome;Pessoal;!019 Inteligência Artificial - Fred da Hashtag;282
11962223418;Sem nome;Pessoal;!019 Inteligência Artificial - Fred da Hashtag;283
9282092366;Sem nome;Pessoal;!019 Inteligência Artificial - Fred da Hashtag;284
11984649528;Sem nome;Pessoal;!019 Inteligência Artificial - Fred da Hashtag;285
11948675216;Sem nome;Pessoal;!019 Inteligência Artificial - Fred da Hashtag;286
21964295836;Sem nome;Pessoal;!019 Inteligência Artificial - Fred da Hashtag;287
7581114031;Sem nome;Pessoal;!019 Inteligência Artificial - Fred da Hashtag;288
8198049888;Sem nome;Pessoal;!019 Inteligência Artificial - Fred da Hashtag;289
4588042789;Sem nome;Pessoal;!019 Inteligência Artificial - Fred da Hashtag;290
8183267281;Sem nome;Pessoal;!019 Inteligência Artificial - Fred da Hashtag;291
3193100167;Sem nome;Pessoal;!019 Inteligência Artificial - Fred da Hashtag;292
21982614660;Sem nome;Pessoal;!019 Inteligência Artificial - Fred da Hashtag;293
21999742996;Sem nome;Pessoal;!019 Inteligência Artificial - Fred da Hashtag;294
21996994220;Sem nome;Pessoal;!019 Inteligência Artificial - Fred da Hashtag;295
21980318478;Sem nome;Pessoal;!019 Inteligência Artificial - Fred da Hashtag;296
11996491778;Sem nome;Pessoal;!019 Inteligência Artificial - Fred da Hashtag;297
8387577096;Sem nome;Pessoal;!019 Inteligência Artificial - Fred da Hashtag;298
4399755545;Sem nome;Pessoal;!019 Inteligência Artificial - Fred da Hashtag;299
8699716549;Sem nome;Pessoal;!019 Inteligência Artificial - Fred da Hashtag;300
3291934668;Sem nome;Pessoal;!019 Inteligência Artificial - Fred da Hashtag;301
6984051325;Sem nome;Pessoal;!019 Inteligência Artificial - Fred da Hashtag;302
3184185540;Sem nome;Pessoal;!019 Inteligência Artificial - Fred da Hashtag;303
3192948615;Sem nome;Pessoal;!019 Inteligência Artificial - Fred da Hashtag;304
11950666203;Sem nome;Pessoal;!019 Inteligência Artificial - Fred da Hashtag;305
21999877034;Sem nome;Pessoal;!019 Inteligência Artificial - Fred da Hashtag;306
6181975151;Sem nome;Pessoal;!019 Inteligência Artificial - Fred da Hashtag;307
4196239159;Sem nome;Pessoal;!019 Inteligência Artificial - Fred da Hashtag;308
21996384884;Sem nome;Pessoal;!019 Inteligência Artificial - Fred da Hashtag;309
3899721807;Sem nome;Pessoal;!019 Inteligência Artificial - Fred da Hashtag;310
5191123806;Sem nome;Pessoal;!019 Inteligência Artificial - Fred da Hashtag;311
11963211839;Sem nome;Pessoal;!019 Inteligência Artificial - Fred da Hashtag;312
6282648462;Sem nome;Pessoal;!019 Inteligência Artificial - Fred da Hashtag;313
11993473877;Sem nome;Pessoal;!019 Inteligência Artificial - Fred da Hashtag;314
9870205077;Sem nome;Pessoal;!019 Inteligência Artificial - Fred da Hashtag;315
6282545512;Sem nome;Pessoal;!019 Inteligência Artificial - Fred da Hashtag;316
6282821495;Sem nome;Pessoal;!019 Inteligência Artificial - Fred da Hashtag;317
4384521243;Sem nome;Pessoal;!019 Inteligência Artificial - Fred da Hashtag;318
3198058453;Sem nome;Pessoal;!019 Inteligência Artificial - Fred da Hashtag;319
16991468746;Sem nome;Pessoal;!019 Inteligência Artificial - Fred da Hashtag;320
8189247881;Sem nome;Pessoal;!019 Inteligência Artificial - Fred da Hashtag;321
6182122141;Sem nome;Pessoal;!019 Inteligência Artificial - Fred da Hashtag;322
4884828800;Sem nome;Pessoal;!019 Inteligência Artificial - Fred da Hashtag;323
15981788920;Sem nome;Pessoal;!019 Inteligência Artificial - Fred da Hashtag;324
11951596382;Sem nome;Pessoal;!019 Inteligência Artificial - Fred da Hashtag;325
3488754146;Sem nome;Pessoal;!019 Inteligência Artificial - Fred da Hashtag;326
11974085099;Sem nome;Pessoal;!019 Inteligência Artificial - Fred da Hashtag;327
7481149551;Sem nome;Pessoal;!019 Inteligência Artificial - Fred da Hashtag;328
6984333844;Sem nome;Pessoal;!019 Inteligência Artificial - Fred da Hashtag;329
11932221233;Sem nome;Pessoal;!019 Inteligência Artificial - Fred da Hashtag;330
4198300755;Sem nome;Pessoal;!019 Inteligência Artificial - Fred da Hashtag;331
7196605814;Sem nome;Pessoal;!019 Inteligência Artificial - Fred da Hashtag;332
11940885904;Sem nome;Pessoal;!019 Inteligência Artificial - Fred da Hashtag;333
9384322182;Sem nome;Pessoal;!019 Inteligência Artificial - Fred da Hashtag;334
8198146185;Sem nome;Pessoal;!019 Inteligência Artificial - Fred da Hashtag;335
19997950574;Sem nome;Pessoal;!019 Inteligência Artificial - Fred da Hashtag;336
14996458159;Sem nome;Pessoal;!019 Inteligência Artificial - Fred da Hashtag;337
11958024184;Sem nome;Pessoal;!019 Inteligência Artificial - Fred da Hashtag;338
6191374545;Sem nome;Pessoal;!019 Inteligência Artificial - Fred da Hashtag;339
11983676162;Sem nome;Pessoal;!019 Inteligência Artificial - Fred da Hashtag;340
11972514594;Sem nome;Pessoal;!019 Inteligência Artificial - Fred da Hashtag;341
11982048692;Sem nome;Pessoal;!019 Inteligência Artificial - Fred da Hashtag;342
8486238643;Sem nome;Pessoal;!019 Inteligência Artificial - Fred da Hashtag;343
12997984700;Sem nome;Pessoal;!019 Inteligência Artificial - Fred da Hashtag;344
11946667863;Sem nome;Pessoal;!019 Inteligência Artificial - Fred da Hashtag;345
11951513295;Sem nome;Pessoal;!019 Inteligência Artificial - Fred da Hashtag;346
6185906164;Sem nome;Pessoal;!019 Inteligência Artificial - Fred da Hashtag;347
8499648872;Sem nome;Pessoal;!019 Inteligência Artificial - Fred da Hashtag;348
11942825831;Sem nome;Pessoal;!019 Inteligência Artificial - Fred da Hashtag;349
9281413598;Sem nome;Pessoal;!019 Inteligência Artificial - Fred da Hashtag;350
4991521108;Sem nome;Pessoal;!019 Inteligência Artificial - Fred da Hashtag;351
11950490627;Sem nome;Pessoal;!019 Inteligência Artificial - Fred da Hashtag;352
4888426631;Sem nome;Pessoal;!019 Inteligência Artificial - Fred da Hashtag;353
3185348710;Sem nome;Pessoal;!019 Inteligência Artificial - Fred da Hashtag;354
21996999779;Sem nome;Pessoal;!019 Inteligência Artificial - Fred da Hashtag;355
6791571305;Sem nome;Pessoal;!019 Inteligência Artificial - Fred da Hashtag;356
3298848998;Sem nome;Pessoal;!019 Inteligência Artificial - Fred da Hashtag;357
11943607505;Sem nome;Pessoal;!019 Inteligência Artificial - Fred da Hashtag;358
3496876468;Sem nome;Pessoal;!019 Inteligência Artificial - Fred da Hashtag;359
11973310572;Sem nome;Pessoal;!019 Inteligência Artificial - Fred da Hashtag;360
11989365746;Sem nome;Pessoal;!019 Inteligência Artificial - Fred da Hashtag;361
8597032556;Sem nome;Pessoal;!019 Inteligência Artificial - Fred da Hashtag;362
6181807855;Sem nome;Pessoal;!019 Inteligência Artificial - Fred da Hashtag;363
21981693874;Sem nome;Pessoal;!019 Inteligência Artificial - Fred da Hashtag;364
6199720011;Sem nome;Pessoal;!019 Inteligência Artificial - Fred da Hashtag;365
4891065889;Sem nome;Pessoal;!019 Inteligência Artificial - Fred da Hashtag;366
5181646742;Sem nome;Pessoal;!019 Inteligência Artificial - Fred da Hashtag;367
11973055008;Sem nome;Pessoal;!019 Inteligência Artificial - Fred da Hashtag;368
11981338108;Sem nome;Pessoal;!019 Inteligência Artificial - Fred da Hashtag;369
7187360446;Sem nome;Pessoal;!019 Inteligência Artificial - Fred da Hashtag;370
8197369419;Sem nome;Pessoal;!019 Inteligência Artificial - Fred da Hashtag;371
14999094015;Sem nome;Pessoal;!019 Inteligência Artificial - Fred da Hashtag;372
9885177765;Sem nome;Pessoal;!019 Inteligência Artificial - Fred da Hashtag;373
8187749079;Sem nome;Pessoal;!019 Inteligência Artificial - Fred da Hashtag;374
4191695507;Sem nome;Pessoal;!019 Inteligência Artificial - Fred da Hashtag;375
21982535940;Sem nome;Pessoal;!019 Inteligência Artificial - Fred da Hashtag;376
3291037822;Sem nome;Pessoal;!019 Inteligência Artificial - Fred da Hashtag;377
19988004620;Sem nome;Pessoal;!019 Inteligência Artificial - Fred da Hashtag;378
3299794429;Sem nome;Pessoal;!019 Inteligência Artificial - Fred da Hashtag;379
6592227847;Sem nome;Pessoal;!019 Inteligência Artificial - Fred da Hashtag;380
21997642954;Sem nome;Pessoal;!019 Inteligência Artificial - Fred da Hashtag;381
3195842482;Sem nome;Pessoal;!019 Inteligência Artificial - Fred da Hashtag;382
19993258149;Sem nome;Pessoal;!019 Inteligência Artificial - Fred da Hashtag;383
8196111002;Sem nome;Pessoal;!019 Inteligência Artificial - Fred da Hashtag;384
16988334637;Sem nome;Pessoal;!019 Inteligência Artificial - Fred da Hashtag;385
8288705877;Sem nome;Pessoal;!019 Inteligência Artificial - Fred da Hashtag;386
3492112225;Sem nome;Pessoal;!019 Inteligência Artificial - Fred da Hashtag;387
9388021377;Sem nome;Pessoal;!019 Inteligência Artificial - Fred da Hashtag;388
4396099350;Sem nome;Pessoal;!019 Inteligência Artificial - Fred da Hashtag;389
9183500949;Sem nome;Pessoal;!019 Inteligência Artificial - Fred da Hashtag;390
19998401110;Sem nome;Pessoal;!019 Inteligência Artificial - Fred da Hashtag;391
6291507970;Sem nome;Pessoal;!019 Inteligência Artificial - Fred da Hashtag;392
22992296392;Sem nome;Pessoal;!019 Inteligência Artificial - Fred da Hashtag;393
3198171554;Sem nome;Pessoal;!019 Inteligência Artificial - Fred da Hashtag;394
21976845854;Sem nome;Pessoal;!019 Inteligência Artificial - Fred da Hashtag;395
12981499051;Sem nome;Pessoal;!019 Inteligência Artificial - Fred da Hashtag;396
21980022484;Sem nome;Pessoal;!019 Inteligência Artificial - Fred da Hashtag;397
1134281069;Sem nome;Pessoal;!019 Inteligência Artificial - Fred da Hashtag;398
3186133911;Sem nome;Pessoal;!019 Inteligência Artificial - Fred da Hashtag;399
8197743366;Sem nome;Pessoal;!019 Inteligência Artificial - Fred da Hashtag;400
11999378720;Sem nome;Pessoal;!019 Inteligência Artificial - Fred da Hashtag;401
21980089797;Sem nome;Pessoal;!019 Inteligência Artificial - Fred da Hashtag;402
14996608037;Sem nome;Pessoal;!019 Inteligência Artificial - Fred da Hashtag;403
6184410585;Sem nome;Pessoal;!019 Inteligência Artificial - Fred da Hashtag;404
8291438094;Sem nome;Pessoal;!019 Inteligência Artificial - Fred da Hashtag;405
11948276588;Sem nome;Pessoal;!019 Inteligência Artificial - Fred da Hashtag;406
8499990462;Sem nome;Pessoal;!019 Inteligência Artificial - Fred da Hashtag;407
11945276266;Sem nome;Pessoal;!019 Inteligência Artificial - Fred da Hashtag;408
9294021854;Sem nome;Pessoal;!019 Inteligência Artificial - Fred da Hashtag;409
17991715740;Sem nome;Pessoal;!019 Inteligência Artificial - Fred da Hashtag;410
11977271205;Sem nome;Pessoal;!019 Inteligência Artificial - Fred da Hashtag;411
7388010345;Sem nome;Pessoal;!019 Inteligência Artificial - Fred da Hashtag;412
24999117452;Sem nome;Pessoal;!019 Inteligência Artificial - Fred da Hashtag;413
8396357489;Sem nome;Pessoal;!019 Inteligência Artificial - Fred da Hashtag;414
3173039786;Sem nome;Pessoal;!019 Inteligência Artificial - Fred da Hashtag;415
21968859151;Sem nome;Pessoal;!019 Inteligência Artificial - Fred da Hashtag;416
8185092016;Sem nome;Pessoal;!019 Inteligência Artificial - Fred da Hashtag;417
9888933220;Sem nome;Pessoal;!019 Inteligência Artificial - Fred da Hashtag;418
9191954417;Sem nome;Pessoal;!019 Inteligência Artificial - Fred da Hashtag;419
3187131122;Sem nome;Pessoal;!019 Inteligência Artificial - Fred da Hashtag;420
3194175750;Sem nome;Pessoal;!019 Inteligência Artificial - Fred da Hashtag;421
5399007318;Sem nome;Pessoal;!019 Inteligência Artificial - Fred da Hashtag;422
8899273512;Sem nome;Pessoal;!019 Inteligência Artificial - Fred da Hashtag;423
6196650373;Sem nome;Pessoal;!019 Inteligência Artificial - Fred da Hashtag;424
11982273842;Sem nome;Pessoal;!019 Inteligência Artificial - Fred da Hashtag;425
8188386998;Sem nome;Pessoal;!019 Inteligência Artificial - Fred da Hashtag;426
8688963747;Sem nome;Pessoal;!019 Inteligência Artificial - Fred da Hashtag;427
8281639141;Sem nome;Pessoal;!019 Inteligência Artificial - Fred da Hashtag;428
7191465482;Sem nome;Pessoal;!019 Inteligência Artificial - Fred da Hashtag;429
9884666262;Sem nome;Pessoal;!019 Inteligência Artificial - Fred da Hashtag;430
8584268818;Sem nome;Pessoal;!019 Inteligência Artificial - Fred da Hashtag;431
13988044599;Sem nome;Pessoal;!019 Inteligência Artificial - Fred da Hashtag;432
9198332123;Sem nome;Pessoal;!019 Inteligência Artificial - Fred da Hashtag;433
5499145265;Sem nome;Pessoal;!019 Inteligência Artificial - Fred da Hashtag;434
3186006682;Sem nome;Pessoal;!019 Inteligência Artificial - Fred da Hashtag;435
21993324685;Sem nome;Pessoal;!019 Inteligência Artificial - Fred da Hashtag;436
7998742290;Sem nome;Pessoal;!019 Inteligência Artificial - Fred da Hashtag;437
21982814886;Sem nome;Pessoal;!019 Inteligência Artificial - Fred da Hashtag;438
5196111981;Sem nome;Pessoal;!019 Inteligência Artificial - Fred da Hashtag;439
22988033879;Sem nome;Pessoal;!019 Inteligência Artificial - Fred da Hashtag;440
4196244033;Sem nome;Pessoal;!019 Inteligência Artificial - Fred da Hashtag;441
8599882576;Sem nome;Pessoal;!019 Inteligência Artificial - Fred da Hashtag;442
3187171775;Sem nome;Pessoal;!019 Inteligência Artificial - Fred da Hashtag;443
8197912993;Sem nome;Pessoal;!019 Inteligência Artificial - Fred da Hashtag;444
12997785978;Sem nome;Pessoal;!019 Inteligência Artificial - Fred da Hashtag;445
11976912981;Sem nome;Pessoal;!019 Inteligência Artificial - Fred da Hashtag;446
11993427225;Sem nome;Pessoal;!019 Inteligência Artificial - Fred da Hashtag;447
8899542679;Sem nome;Pessoal;!019 Inteligência Artificial - Fred da Hashtag;448
7597025553;Sem nome;Pessoal;!019 Inteligência Artificial - Fred da Hashtag;449
8585279527;Sem nome;Pessoal;!019 Inteligência Artificial - Fred da Hashtag;450
19997385036;Sem nome;Pessoal;!019 Inteligência Artificial - Fred da Hashtag;451
18981547342;Sem nome;Pessoal;!019 Inteligência Artificial - Fred da Hashtag;452
3598229520;Sem nome;Pessoal;!019 Inteligência Artificial - Fred da Hashtag;453
27981488466;Sem nome;Pessoal;!019 Inteligência Artificial - Fred da Hashtag;454
7488081113;Sem nome;Pessoal;!019 Inteligência Artificial - Fred da Hashtag;455
3192061029;Sem nome;Pessoal;!019 Inteligência Artificial - Fred da Hashtag;456
22988251559;Sem nome;Pessoal;!019 Inteligência Artificial - Fred da Hashtag;457
8897857478;Sem nome;Pessoal;!019 Inteligência Artificial - Fred da Hashtag;458
11987579194;Sem nome;Pessoal;!019 Inteligência Artificial - Fred da Hashtag;459
4398584734;Sem nome;Pessoal;!019 Inteligência Artificial - Fred da Hashtag;460
21991293539;Sem nome;Pessoal;!019 Inteligência Artificial - Fred da Hashtag;461
9181929897;Sem nome;Pessoal;!019 Inteligência Artificial - Fred da Hashtag;462
8488409820;Sem nome;Pessoal;!019 Inteligência Artificial - Fred da Hashtag;463
7188202983;Sem nome;Pessoal;!019 Inteligência Artificial - Fred da Hashtag;464
11957800742;Sem nome;Pessoal;!019 Inteligência Artificial - Fred da Hashtag;465
14981886405;Sem nome;Pessoal;!019 Inteligência Artificial - Fred da Hashtag;466
8399712116;Sem nome;Pessoal;!019 Inteligência Artificial - Fred da Hashtag;467
4899606483;Sem nome;Pessoal;!019 Inteligência Artificial - Fred da Hashtag;468
11972497742;Sem nome;Pessoal;!019 Inteligência Artificial - Fred da Hashtag;469
5184138951;Sem nome;Pessoal;!019 Inteligência Artificial - Fred da Hashtag;470
19995098181;Sem nome;Pessoal;!019 Inteligência Artificial - Fred da Hashtag;471
8581506375;Sem nome;Pessoal;!019 Inteligência Artificial - Fred da Hashtag;472
19995943343;Sem nome;Pessoal;!019 Inteligência Artificial - Fred da Hashtag;473
11994976701;Sem nome;Pessoal;!019 Inteligência Artificial - Fred da Hashtag;474
14991330841;Sem nome;Pessoal;!019 Inteligência Artificial - Fred da Hashtag;475
21975731780;Sem nome;Pessoal;!019 Inteligência Artificial - Fred da Hashtag;476
6792932280;Sem nome;Pessoal;!019 Inteligência Artificial - Fred da Hashtag;477
27998911845;Sem nome;Pessoal;!019 Inteligência Artificial - Fred da Hashtag;478
3191362013;Sem nome;Pessoal;!019 Inteligência Artificial - Fred da Hashtag;479
9888333389;Sem nome;Pessoal;!019 Inteligência Artificial - Fred da Hashtag;480
19995245234;Sem nome;Pessoal;!019 Inteligência Artificial - Fred da Hashtag;481
19987149563;Sem nome;Pessoal;!019 Inteligência Artificial - Fred da Hashtag;482
3191797480;Sem nome;Pessoal;!019 Inteligência Artificial - Fred da Hashtag;483
11986026089;Sem nome;Pessoal;!019 Inteligência Artificial - Fred da Hashtag;484
6791825914;Sem nome;Pessoal;!019 Inteligência Artificial - Fred da Hashtag;485
8196005115;Sem nome;Pessoal;!019 Inteligência Artificial - Fred da Hashtag;486
11964493870;Sem nome;Pessoal;!019 Inteligência Artificial - Fred da Hashtag;487
8396301460;Sem nome;Pessoal;!019 Inteligência Artificial - Fred da Hashtag;488
11993718299;Sem nome;Pessoal;!019 Inteligência Artificial - Fred da Hashtag;489
21966111890;Sem nome;Pessoal;!019 Inteligência Artificial - Fred da Hashtag;490
9881661645;Sem nome;Pessoal;!019 Inteligência Artificial - Fred da Hashtag;491
6798459303;Sem nome;Pessoal;!019 Inteligência Artificial - Fred da Hashtag;492
17982229707;Sem nome;Pessoal;!019 Inteligência Artificial - Fred da Hashtag;493
6195571217;Sem nome;Pessoal;!019 Inteligência Artificial - Fred da Hashtag;494
11998642148;Sem nome;Pessoal;!019 Inteligência Artificial - Fred da Hashtag;495
16974013132;Sem nome;Pessoal;!019 Inteligência Artificial - Fred da Hashtag;496
9492879514;Sem nome;Pessoal;!019 Inteligência Artificial - Fred da Hashtag;497
9991229239;Sem nome;Pessoal;!019 Inteligência Artificial - Fred da Hashtag;498
4999309856;Sem nome;Pessoal;!019 Inteligência Artificial - Fred da Hashtag;499
12991210521;Sem nome;Pessoal;!019 Inteligência Artificial - Fred da Hashtag;500
6596057278;Sem nome;Pessoal;!019 Inteligência Artificial - Fred da Hashtag;501
11973527499;Sem nome;Pessoal;!019 Inteligência Artificial - Fred da Hashtag;502
15981115449;Sem nome;Pessoal;!019 Inteligência Artificial - Fred da Hashtag;503
5192814904;Sem nome;Pessoal;!019 Inteligência Artificial - Fred da Hashtag;504
19984512119;Sem nome;Pessoal;!019 Inteligência Artificial - Fred da Hashtag;505
21985881596;Sem nome;Pessoal;!019 Inteligência Artificial - Fred da Hashtag;506
8486340380;Sem nome;Pessoal;!019 Inteligência Artificial - Fred da Hashtag;507
8299101807;Sem nome;Pessoal;!019 Inteligência Artificial - Fred da Hashtag;508
3189837475;Sem nome;Pessoal;!019 Inteligência Artificial - Fred da Hashtag;509
11979513843;Sem nome;Pessoal;!019 Inteligência Artificial - Fred da Hashtag;510
9889203759;Sem nome;Pessoal;!132 Power BI - Alon da Hashtag;511
7186630173;Sem nome;Pessoal;!132 Power BI - Alon da Hashtag;512
11985788123;Sem nome;Pessoal;!132 Power BI - Alon da Hashtag;513
13991413424;Sem nome;Pessoal;!132 Power BI - Alon da Hashtag;514
11952922521;Sem nome;Pessoal;!132 Power BI - Alon da Hashtag;515
17997929388;Sem nome;Pessoal;!132 Power BI - Alon da Hashtag;516
11940379247;Sem nome;Pessoal;!132 Power BI - Alon da Hashtag;517
11960774405;Sem nome;Pessoal;!132 Power BI - Alon da Hashtag;518
8893294020;Sem nome;Pessoal;!132 Power BI - Alon da Hashtag;519
27998735620;Sem nome;Pessoal;!132 Power BI - Alon da Hashtag;520
21970086530;Sem nome;Pessoal;!132 Power BI - Alon da Hashtag;521
6296517420;Sem nome;Pessoal;!132 Power BI - Alon da Hashtag;522
6284580884;Sem nome;Pessoal;!132 Power BI - Alon da Hashtag;523
21980827511;Sem nome;Pessoal;!132 Power BI - Alon da Hashtag;524
7188731058;Sem nome;Pessoal;!132 Power BI - Alon da Hashtag;525
21980075797;Sem nome;Pessoal;!132 Power BI - Alon da Hashtag;526
3491774627;Sem nome;Pessoal;!132 Power BI - Alon da Hashtag;527
21974998984;Sem nome;Pessoal;!132 Power BI - Alon da Hashtag;528
4399226076;Sem nome;Pessoal;!132 Power BI - Alon da Hashtag;529
21964788533;Sem nome;Pessoal;!132 Power BI - Alon da Hashtag;530
6799714987;Sem nome;Pessoal;!132 Power BI - Alon da Hashtag;531
8488167832;Sem nome;Pessoal;!132 Power BI - Alon da Hashtag;532
19986071058;Sem nome;Pessoal;!132 Power BI - Alon da Hashtag;533
8496367575;Sem nome;Pessoal;!132 Power BI - Alon da Hashtag;534
3496622836;Sem nome;Pessoal;!132 Power BI - Alon da Hashtag;535
21984127017;Sem nome;Pessoal;!132 Power BI - Alon da Hashtag;536
24999395633;Sem nome;Pessoal;!132 Power BI - Alon da Hashtag;537
8182212342;Sem nome;Pessoal;!132 Power BI - Alon da Hashtag;538
11992106911;Sem nome;Pessoal;!132 Power BI - Alon da Hashtag;539
11956580264;Sem nome;Pessoal;!132 Power BI - Alon da Hashtag;540
11952854864;Sem nome;Pessoal;!132 Power BI - Alon da Hashtag;541
9183809016;Sem nome;Pessoal;!132 Power BI - Alon da Hashtag;542
11959698152;Sem nome;Pessoal;!132 Power BI - Alon da Hashtag;543
11978023005;Sem nome;Pessoal;!132 Power BI - Alon da Hashtag;544
9187080300;Sem nome;Pessoal;!132 Power BI - Alon da Hashtag;545
11996699518;Sem nome;Pessoal;!132 Power BI - Alon da Hashtag;546
6295030688;Sem nome;Pessoal;!132 Power BI - Alon da Hashtag;547
11974530922;Sem nome;Pessoal;!132 Power BI - Alon da Hashtag;548
11983896806;Sem nome;Pessoal;!132 Power BI - Alon da Hashtag;549
4491239829;Sem nome;Pessoal;!132 Power BI - Alon da Hashtag;550
16992567994;Sem nome;Pessoal;!132 Power BI - Alon da Hashtag;551
6282440939;Sem nome;Pessoal;!132 Power BI - Alon da Hashtag;552
16992520000;Sem nome;Pessoal;!132 Power BI - Alon da Hashtag;553
21992320537;Sem nome;Pessoal;!132 Power BI - Alon da Hashtag;554
11970528442;Sem nome;Pessoal;!132 Power BI - Alon da Hashtag;555
21999997739;Sem nome;Pessoal;!132 Power BI - Alon da Hashtag;556
9887342517;Sem nome;Pessoal;!132 Power BI - Alon da Hashtag;557
16993924487;Sem nome;Pessoal;!132 Power BI - Alon da Hashtag;558
19995323450;Sem nome;Pessoal;!132 Power BI - Alon da Hashtag;559
3182189292;Sem nome;Pessoal;!132 Power BI - Alon da Hashtag;560
16997286714;Sem nome;Pessoal;!132 Power BI - Alon da Hashtag;561
21997483268;Sem nome;Pessoal;!132 Power BI - Alon da Hashtag;562
3171800568;Sem nome;Pessoal;!132 Power BI - Alon da Hashtag;563
5184195879;Sem nome;Pessoal;!132 Power BI - Alon da Hashtag;564
12981157613;Sem nome;Pessoal;!132 Power BI - Alon da Hashtag;565
4699864183;Sem nome;Pessoal;!132 Power BI - Alon da Hashtag;566
8496642714;Sem nome;Pessoal;!132 Power BI - Alon da Hashtag;567
6593576644;Sem nome;Pessoal;!132 Power BI - Alon da Hashtag;568
7381778847;Sem nome;Pessoal;!132 Power BI - Alon da Hashtag;569
11950545331;Sem nome;Pessoal;!132 Power BI - Alon da Hashtag;570
8896720754;Sem nome;Pessoal;!132 Power BI - Alon da Hashtag;571
7192629683;Sem nome;Pessoal;!132 Power BI - Alon da Hashtag;572
9198314047;Sem nome;Pessoal;!132 Power BI - Alon da Hashtag;573
8591367588;Sem nome;Pessoal;!132 Power BI - Alon da Hashtag;574
11977159041;Sem nome;Pessoal;!132 Power BI - Alon da Hashtag;575
21987475206;Sem nome;Pessoal;!132 Power BI - Alon da Hashtag;576
6792068626;Sem nome;Pessoal;!132 Power BI - Alon da Hashtag;577
4884285206;Sem nome;Pessoal;!132 Power BI - Alon da Hashtag;578
11971348728;Sem nome;Pessoal;!132 Power BI - Alon da Hashtag;579
4197375695;Sem nome;Pessoal;!132 Power BI - Alon da Hashtag;580
4991650188;Sem nome;Pessoal;!132 Power BI - Alon da Hashtag;581
8597392069;Sem nome;Pessoal;!132 Power BI - Alon da Hashtag;582
21976520282;Sem nome;Pessoal;!132 Power BI - Alon da Hashtag;583
27997945723;Sem nome;Pessoal;!132 Power BI - Alon da Hashtag;584
11988295781;Sem nome;Pessoal;!132 Power BI - Alon da Hashtag;585
7188348222;Sem nome;Pessoal;!132 Power BI - Alon da Hashtag;586
3599083480;Sem nome;Pessoal;!132 Power BI - Alon da Hashtag;587
3185382067;Sem nome;Pessoal;!132 Power BI - Alon da Hashtag;588
21983696246;Sem nome;Pessoal;!132 Power BI - Alon da Hashtag;589
11984478884;Sem nome;Pessoal;!132 Power BI - Alon da Hashtag;590
8198327494;Sem nome;Pessoal;!132 Power BI - Alon da Hashtag;591
8788740358;Sem nome;Pessoal;!132 Power BI - Alon da Hashtag;592
21967067431;Sem nome;Pessoal;!132 Power BI - Alon da Hashtag;593
11981330229;Sem nome;Pessoal;!132 Power BI - Alon da Hashtag;594
11945055198;Sem nome;Pessoal;!132 Power BI - Alon da Hashtag;595
3788151101;Sem nome;Pessoal;!132 Power BI - Alon da Hashtag;596
3187942717;Sem nome;Pessoal;!132 Power BI - Alon da Hashtag;597
8591743153;Sem nome;Pessoal;!132 Power BI - Alon da Hashtag;598
5581700811;Sem nome;Pessoal;!132 Power BI - Alon da Hashtag;599
11962795911;Sem nome;Pessoal;!132 Power BI - Alon da Hashtag;600
3491487666;Sem nome;Pessoal;!132 Power BI - Alon da Hashtag;601
8585217623;Sem nome;Pessoal;!132 Power BI - Alon da Hashtag;602
12974013254;Sem nome;Pessoal;!132 Power BI - Alon da Hashtag;603
21984399424;Sem nome;Pessoal;!132 Power BI - Alon da Hashtag;604
27981111539;Sem nome;Pessoal;!132 Power BI - Alon da Hashtag;605
21971134499;Sem nome;Pessoal;!132 Power BI - Alon da Hashtag;606
11954693480;Sem nome;Pessoal;!132 Power BI - Alon da Hashtag;607
21998998910;Sem nome;Pessoal;!132 Power BI - Alon da Hashtag;608
11957261517;Sem nome;Pessoal;!132 Power BI - Alon da Hashtag;609
16996004682;Sem nome;Pessoal;!132 Power BI - Alon da Hashtag;610
11968993106;Sem nome;Pessoal;!132 Power BI - Alon da Hashtag;611
19996055108;Sem nome;Pessoal;!132 Power BI - Alon da Hashtag;612
11983356314;Sem nome;Pessoal;!132 Power BI - Alon da Hashtag;613
19992535111;Sem nome;Pessoal;!132 Power BI - Alon da Hashtag;614
6191560018;Sem nome;Pessoal;!132 Power BI - Alon da Hashtag;615
11967115471;Sem nome;Pessoal;!132 Power BI - Alon da Hashtag;616
11958071732;Sem nome;Pessoal;!132 Power BI - Alon da Hashtag;617
21981127813;Sem nome;Pessoal;!132 Power BI - Alon da Hashtag;618
19988040758;Sem nome;Pessoal;!132 Power BI - Alon da Hashtag;619
11941426423;Sem nome;Pessoal;!132 Power BI - Alon da Hashtag;620
8897330637;Sem nome;Pessoal;!132 Power BI - Alon da Hashtag;621
8596618989;Sem nome;Pessoal;!132 Power BI - Alon da Hashtag;622
7187576848;Sem nome;Pessoal;!132 Power BI - Alon da Hashtag;623
19981630580;Sem nome;Pessoal;!132 Power BI - Alon da Hashtag;624
19981464988;Sem nome;Pessoal;!132 Power BI - Alon da Hashtag;625
11969079149;Sem nome;Pessoal;!132 Power BI - Alon da Hashtag;626
16997570111;Sem nome;Pessoal;!132 Power BI - Alon da Hashtag;627
11993740322;Sem nome;Pessoal;!132 Power BI - Alon da Hashtag;628
7181152378;Sem nome;Pessoal;!132 Power BI - Alon da Hashtag;629
7192577050;Sem nome;Pessoal;!132 Power BI - Alon da Hashtag;630
9870109395;Sem nome;Pessoal;!132 Power BI - Alon da Hashtag;631
8481578598;Sem nome;Pessoal;!132 Power BI - Alon da Hashtag;632
11983241747;Sem nome;Pessoal;!132 Power BI - Alon da Hashtag;633
11964249994;Sem nome;Pessoal;!132 Power BI - Alon da Hashtag;634
8499082963;Sem nome;Pessoal;!132 Power BI - Alon da Hashtag;635
11985858184;Sem nome;Pessoal;!132 Power BI - Alon da Hashtag;636
3599061758;Sem nome;Pessoal;!132 Power BI - Alon da Hashtag;637
5399523930;Sem nome;Pessoal;!132 Power BI - Alon da Hashtag;638
11987499350;Sem nome;Pessoal;!132 Power BI - Alon da Hashtag;639
8486227592;Sem nome;Pessoal;!132 Power BI - Alon da Hashtag;640
8391006110;Sem nome;Pessoal;!132 Power BI - Alon da Hashtag;641
11960728850;Sem nome;Pessoal;!132 Power BI - Alon da Hashtag;642
6292557100;Sem nome;Pessoal;!132 Power BI - Alon da Hashtag;643
13997019099;Sem nome;Pessoal;!132 Power BI - Alon da Hashtag;644
4192887459;Sem nome;Pessoal;!132 Power BI - Alon da Hashtag;645
7592587614;Sem nome;Pessoal;!132 Power BI - Alon da Hashtag;646
4796939828;Sem nome;Pessoal;!132 Power BI - Alon da Hashtag;647
21988404881;Sem nome;Pessoal;!132 Power BI - Alon da Hashtag;648
11968229982;Sem nome;Pessoal;!132 Power BI - Alon da Hashtag;649
9984181921;Sem nome;Pessoal;!132 Power BI - Alon da Hashtag;650
6295640404;Sem nome;Pessoal;!132 Power BI - Alon da Hashtag;651
9491132246;Sem nome;Pessoal;!132 Power BI - Alon da Hashtag;652
6293360208;Sem nome;Pessoal;!132 Power BI - Alon da Hashtag;653
11949287276;Sem nome;Pessoal;!132 Power BI - Alon da Hashtag;654
8195406048;Sem nome;Pessoal;!132 Power BI - Alon da Hashtag;655
5496897477;Sem nome;Pessoal;!132 Power BI - Alon da Hashtag;656
9481205573;Sem nome;Pessoal;!132 Power BI - Alon da Hashtag;657
11986771156;Sem nome;Pessoal;!132 Power BI - Alon da Hashtag;658
8199264669;Sem nome;Pessoal;!132 Power BI - Alon da Hashtag;659
21994867696;Sem nome;Pessoal;!132 Power BI - Alon da Hashtag;660
9492726881;Sem nome;Pessoal;!132 Power BI - Alon da Hashtag;661
24999075483;Sem nome;Pessoal;!132 Power BI - Alon da Hashtag;662
19997442459;Sem nome;Pessoal;!158 Power BI - Alon da Hashtag;663
21991051995;Sem nome;Pessoal;!158 Power BI - Alon da Hashtag;664
11961097707;Sem nome;Pessoal;!158 Power BI - Alon da Hashtag;665
11947275031;Sem nome;Pessoal;!158 Power BI - Alon da Hashtag;666
11958492270;Sem nome;Pessoal;!158 Power BI - Alon da Hashtag;667
11992292752;Sem nome;Pessoal;!158 Power BI - Alon da Hashtag;668
21981104811;Sem nome;Pessoal;!158 Power BI - Alon da Hashtag;669
21986869992;Sem nome;Pessoal;!158 Power BI - Alon da Hashtag;670
5497078551;Sem nome;Pessoal;!158 Power BI - Alon da Hashtag;671
24992094151;Sem nome;Pessoal;!158 Power BI - Alon da Hashtag;672
19992012328;Sem nome;Pessoal;!158 Power BI - Alon da Hashtag;673
3175215521;Sem nome;Pessoal;!158 Power BI - Alon da Hashtag;674
19989179935;Sem nome;Pessoal;!158 Power BI - Alon da Hashtag;675
11981744267;Sem nome;Pessoal;!158 Power BI - Alon da Hashtag;676
4896095809;Sem nome;Pessoal;!158 Power BI - Alon da Hashtag;677
11988440189;Sem nome;Pessoal;!158 Power BI - Alon da Hashtag;678
11948645511;Sem nome;Pessoal;!158 Power BI - Alon da Hashtag;679
11963554480;Sem nome;Pessoal;!158 Power BI - Alon da Hashtag;680
7188731058;Sem nome;Pessoal;!158 Power BI - Alon da Hashtag;681
11914462639;Sem nome;Pessoal;!158 Power BI - Alon da Hashtag;682
4796438555;Sem nome;Pessoal;!158 Power BI - Alon da Hashtag;683
21990456480;Sem nome;Pessoal;!158 Power BI - Alon da Hashtag;684
3192028586;Sem nome;Pessoal;!158 Power BI - Alon da Hashtag;685
3192913882;Sem nome;Pessoal;!158 Power BI - Alon da Hashtag;686
8388169422;Sem nome;Pessoal;!158 Power BI - Alon da Hashtag;687
15998375114;Sem nome;Pessoal;!158 Power BI - Alon da Hashtag;688
5192198666;Sem nome;Pessoal;!158 Power BI - Alon da Hashtag;689
28999740907;Sem nome;Pessoal;!158 Power BI - Alon da Hashtag;690
8694216082;Sem nome;Pessoal;!158 Power BI - Alon da Hashtag;691
11910511652;Sem nome;Pessoal;!158 Power BI - Alon da Hashtag;692
15997438803;Sem nome;Pessoal;!158 Power BI - Alon da Hashtag;693
5199102075;Sem nome;Pessoal;!158 Power BI - Alon da Hashtag;694
12982008513;Sem nome;Pessoal;!158 Power BI - Alon da Hashtag;695
11981158020;Sem nome;Pessoal;!158 Power BI - Alon da Hashtag;696
3182059819;Sem nome;Pessoal;!158 Power BI - Alon da Hashtag;697
5181710122;Sem nome;Pessoal;!158 Power BI - Alon da Hashtag;698
18997516011;Sem nome;Pessoal;!158 Power BI - Alon da Hashtag;699
11986046147;Sem nome;Pessoal;!158 Power BI - Alon da Hashtag;700
3192931010;Sem nome;Pessoal;!158 Power BI - Alon da Hashtag;701
9896146803;Sem nome;Pessoal;!158 Power BI - Alon da Hashtag;702
11996852204;Sem nome;Pessoal;!158 Power BI - Alon da Hashtag;703
11984637362;Sem nome;Pessoal;!158 Power BI - Alon da Hashtag;704
8291028210;Sem nome;Pessoal;!158 Power BI - Alon da Hashtag;705
4196842425;Sem nome;Pessoal;!158 Power BI - Alon da Hashtag;706
21968669261;Sem nome;Pessoal;!158 Power BI - Alon da Hashtag;707
11981762196;Sem nome;Pessoal;!158 Power BI - Alon da Hashtag;708
11981390086;Sem nome;Pessoal;!158 Power BI - Alon da Hashtag;709
4588018040;Sem nome;Pessoal;!158 Power BI - Alon da Hashtag;710
13988830968;Sem nome;Pessoal;!158 Power BI - Alon da Hashtag;711
11979998939;Sem nome;Pessoal;!158 Power BI - Alon da Hashtag;712
5197725335;Sem nome;Pessoal;!158 Power BI - Alon da Hashtag;713
6699772519;Sem nome;Pessoal;!158 Power BI - Alon da Hashtag;714
8391270489;Sem nome;Pessoal;!158 Power BI - Alon da Hashtag;715
3184176574;Sem nome;Pessoal;!158 Power BI - Alon da Hashtag;716
16992040451;Sem nome;Pessoal;!158 Power BI - Alon da Hashtag;717
8191111155;Sem nome;Pessoal;!158 Power BI - Alon da Hashtag;718
12982910145;Sem nome;Pessoal;!158 Power BI - Alon da Hashtag;719
19984110002;Sem nome;Pessoal;!158 Power BI - Alon da Hashtag;720
11965889848;Sem nome;Pessoal;!158 Power BI - Alon da Hashtag;721
4196497603;Sem nome;Pessoal;!158 Power BI - Alon da Hashtag;722
8496085415;Sem nome;Pessoal;!158 Power BI - Alon da Hashtag;723
8994087798;Sem nome;Pessoal;!158 Power BI - Alon da Hashtag;724
11994189005;Sem nome;Pessoal;!158 Power BI - Alon da Hashtag;725
4791506345;Sem nome;Pessoal;!158 Power BI - Alon da Hashtag;726
6392908726;Sem nome;Pessoal;!158 Power BI - Alon da Hashtag;727
11999760007;Sem nome;Pessoal;!158 Power BI - Alon da Hashtag;728
6299278821;Sem nome;Pessoal;!158 Power BI - Alon da Hashtag;729
3197460388;Sem nome;Pessoal;!158 Power BI - Alon da Hashtag;730
6293038632;Sem nome;Pessoal;!158 Power BI - Alon da Hashtag;731
21986543266;Sem nome;Pessoal;!158 Power BI - Alon da Hashtag;732
3898282642;Sem nome;Pessoal;!158 Power BI - Alon da Hashtag;733
11999370409;Sem nome;Pessoal;!158 Power BI - Alon da Hashtag;734
7188859809;Sem nome;Pessoal;!158 Power BI - Alon da Hashtag;735
8799734981;Sem nome;Pessoal;!158 Power BI - Alon da Hashtag;736
9182278769;Sem nome;Pessoal;!158 Power BI - Alon da Hashtag;737
7799111551;Sem nome;Pessoal;!158 Power BI - Alon da Hashtag;738
3288741401;Sem nome;Pessoal;!158 Power BI - Alon da Hashtag;739
11974654978;Sem nome;Pessoal;!158 Power BI - Alon da Hashtag;740
24992726916;Sem nome;Pessoal;!158 Power BI - Alon da Hashtag;741
6296865990;Sem nome;Pessoal;!158 Power BI - Alon da Hashtag;742
3192080846;Sem nome;Pessoal;!158 Power BI - Alon da Hashtag;743
4191623917;Sem nome;Pessoal;!158 Power BI - Alon da Hashtag;744
9882835247;Sem nome;Pessoal;!158 Power BI - Alon da Hashtag;745
9887873003;Sem nome;Pessoal;!158 Power BI - Alon da Hashtag;746
6584061744;Sem nome;Pessoal;!158 Power BI - Alon da Hashtag;747
27998574137;Sem nome;Pessoal;!158 Power BI - Alon da Hashtag;748
11977959040;Sem nome;Pessoal;!158 Power BI - Alon da Hashtag;749
9882549055;Sem nome;Pessoal;!158 Power BI - Alon da Hashtag;750
9291901584;Sem nome;Pessoal;!158 Power BI - Alon da Hashtag;751
28999887425;Sem nome;Pessoal;!158 Power BI - Alon da Hashtag;752
3192936290;Sem nome;Pessoal;!158 Power BI - Alon da Hashtag;753
11982627279;Sem nome;Pessoal;!158 Power BI - Alon da Hashtag;754
8189943999;Sem nome;Pessoal;!158 Power BI - Alon da Hashtag;755
8594042000;Sem nome;Pessoal;!158 Power BI - Alon da Hashtag;756
21972093045;Sem nome;Pessoal;!158 Power BI - Alon da Hashtag;757
9481251516;Sem nome;Pessoal;!158 Power BI - Alon da Hashtag;758
13991115746;Sem nome;Pessoal;!158 Power BI - Alon da Hashtag;759
11948927594;Sem nome;Pessoal;!158 Power BI - Alon da Hashtag;760
5198685503;Sem nome;Pessoal;!158 Power BI - Alon da Hashtag;761
11945270829;Sem nome;Pessoal;!158 Power BI - Alon da Hashtag;762
13997484513;Sem nome;Pessoal;!158 Power BI - Alon da Hashtag;763
3186056898;Sem nome;Pessoal;!158 Power BI - Alon da Hashtag;764
3288458100;Sem nome;Pessoal;!158 Power BI - Alon da Hashtag;765
14988049414;Sem nome;Pessoal;!158 Power BI - Alon da Hashtag;766
4891331621;Sem nome;Pessoal;!158 Power BI - Alon da Hashtag;767
11930236263;Sem nome;Pessoal;!158 Power BI - Alon da Hashtag;768
8481313301;Sem nome;Pessoal;!158 Power BI - Alon da Hashtag;769
11964824102;Sem nome;Pessoal;!158 Power BI - Alon da Hashtag;770
4991283406;Sem nome;Pessoal;!158 Power BI - Alon da Hashtag;771
17997888159;Sem nome;Pessoal;!158 Power BI - Alon da Hashtag;772
16988691400;Sem nome;Pessoal;!158 Power BI - Alon da Hashtag;773
11982090419;Sem nome;Pessoal;!158 Power BI - Alon da Hashtag;774
21988333807;Sem nome;Pessoal;!158 Power BI - Alon da Hashtag;775
8599606503;Sem nome;Pessoal;!158 Power BI - Alon da Hashtag;776
8398471650;Sem nome;Pessoal;!158 Power BI - Alon da Hashtag;777
11995867769;Sem nome;Pessoal;!158 Power BI - Alon da Hashtag;778
8398962656;Sem nome;Pessoal;!158 Power BI - Alon da Hashtag;779
11973417027;Sem nome;Pessoal;!158 Power BI - Alon da Hashtag;780
8491083393;Sem nome;Pessoal;!158 Power BI - Alon da Hashtag;781
11973288252;Sem nome;Pessoal;!158 Power BI - Alon da Hashtag;782
9199770917;Sem nome;Pessoal;!158 Power BI - Alon da Hashtag;783
7188079388;Sem nome;Pessoal;!158 Power BI - Alon da Hashtag;784
6799409030;Sem nome;Pessoal;!158 Power BI - Alon da Hashtag;785
5190142237;Sem nome;Pessoal;!158 Power BI - Alon da Hashtag;786
8994091060;Sem nome;Pessoal;!158 Power BI - Alon da Hashtag;787
5181560852;Sem nome;Pessoal;!158 Power BI - Alon da Hashtag;788
8487261570;Sem nome;Pessoal;!158 Power BI - Alon da Hashtag;789
3189336628;Sem nome;Pessoal;!158 Power BI - Alon da Hashtag;790
5199255494;Sem nome;Pessoal;!158 Power BI - Alon da Hashtag;791
8197979681;Sem nome;Pessoal;!158 Power BI - Alon da Hashtag;792
3587137280;Sem nome;Pessoal;!158 Power BI - Alon da Hashtag;793
11961558427;Sem nome;Pessoal;!158 Power BI - Alon da Hashtag;794
4998265696;Sem nome;Pessoal;!158 Power BI - Alon da Hashtag;795
9491632630;Sem nome;Pessoal;!158 Power BI - Alon da Hashtag;796
5184851544;Sem nome;Pessoal;!158 Power BI - Alon da Hashtag;797
21999622601;Sem nome;Pessoal;!158 Power BI - Alon da Hashtag;798
11985896538;Sem nome;Pessoal;!158 Power BI - Alon da Hashtag;799
8599299498;Sem nome;Pessoal;!158 Power BI - Alon da Hashtag;800
6392498945;Sem nome;Pessoal;!158 Power BI - Alon da Hashtag;801
11995785812;Sem nome;Pessoal;!158 Power BI - Alon da Hashtag;802
19994152251;Sem nome;Pessoal;!158 Power BI - Alon da Hashtag;803
3175413163;Sem nome;Pessoal;!158 Power BI - Alon da Hashtag;804
11976037768;Sem nome;Pessoal;!158 Power BI - Alon da Hashtag;805
11980286568;Sem nome;Pessoal;!158 Power BI - Alon da Hashtag;806
11986208169;Sem nome;Pessoal;!158 Power BI - Alon da Hashtag;807
27997053672;Sem nome;Pessoal;!158 Power BI - Alon da Hashtag;808
4191966237;Sem nome;Pessoal;!158 Power BI - Alon da Hashtag;809
6196393355;Sem nome;Pessoal;!158 Power BI - Alon da Hashtag;810
21979637775;Sem nome;Pessoal;!158 Power BI - Alon da Hashtag;811
17991687169;Sem nome;Pessoal;!158 Power BI - Alon da Hashtag;812
3199937480;Sem nome;Pessoal;!158 Power BI - Alon da Hashtag;813
11998474881;Sem nome;Pessoal;!158 Power BI - Alon da Hashtag;814
11992339409;Sem nome;Pessoal;!158 Power BI - Alon da Hashtag;815
6184286526;Sem nome;Pessoal;!158 Power BI - Alon da Hashtag;816
16988536390;Sem nome;Pessoal;!158 Power BI - Alon da Hashtag;817
8596424275;Sem nome;Pessoal;!158 Power BI - Alon da Hashtag;818
18997838271;Sem nome;Pessoal;!158 Power BI - Alon da Hashtag;819
7191097201;Sem nome;Pessoal;!158 Power BI - Alon da Hashtag;820
19999336950;Sem nome;Pessoal;!158 Power BI - Alon da Hashtag;821
6192986123;Sem nome;Pessoal;!158 Power BI - Alon da Hashtag;822
4789034163;Sem nome;Pessoal;!158 Power BI - Alon da Hashtag;823
11965939824;Sem nome;Pessoal;!158 Power BI - Alon da Hashtag;824
24998460702;Sem nome;Pessoal;!158 Power BI - Alon da Hashtag;825
4197559022;Sem nome;Pessoal;!158 Power BI - Alon da Hashtag;826
5496985073;Sem nome;Pessoal;!158 Power BI - Alon da Hashtag;827
21987029347;Sem nome;Pessoal;!158 Power BI - Alon da Hashtag;828
3193575038;Sem nome;Pessoal;!158 Power BI - Alon da Hashtag;829
11970800911;Sem nome;Pessoal;!158 Power BI - Alon da Hashtag;830
5196319551;Sem nome;Pessoal;!158 Power BI - Alon da Hashtag;831
11940880678;Sem nome;Pessoal;!158 Power BI - Alon da Hashtag;832
3198167318;Sem nome;Pessoal;!158 Power BI - Alon da Hashtag;833
11922961630;Sem nome;Pessoal;!158 Power BI - Alon da Hashtag;834
9184773217;Sem nome;Pessoal;!158 Power BI - Alon da Hashtag;835
8498432670;Sem nome;Pessoal;!158 Power BI - Alon da Hashtag;836
9982231527;Sem nome;Pessoal;!158 Power BI - Alon da Hashtag;837
6984873422;Sem nome;Pessoal;!158 Power BI - Alon da Hashtag;838
6291503055;Sem nome;Pessoal;!158 Power BI - Alon da Hashtag;839
4195751190;Sem nome;Pessoal;!158 Power BI - Alon da Hashtag;840
3784151704;Sem nome;Pessoal;!158 Power BI - Alon da Hashtag;841
11953013368;Sem nome;Pessoal;!158 Power BI - Alon da Hashtag;842
11994954995;Sem nome;Pessoal;!158 Power BI - Alon da Hashtag;843
11966183018;Sem nome;Pessoal;!158 Power BI - Alon da Hashtag;844
27981741516;Sem nome;Pessoal;!158 Power BI - Alon da Hashtag;845
4796760775;Sem nome;Pessoal;!158 Power BI - Alon da Hashtag;846
9192790279;Sem nome;Pessoal;!158 Power BI - Alon da Hashtag;847
8699485407;Sem nome;Pessoal;!158 Power BI - Alon da Hashtag;848
3198195345;Sem nome;Pessoal;!158 Power BI - Alon da Hashtag;849
3193435689;Sem nome;Pessoal;!158 Power BI - Alon da Hashtag;850
6281228948;Sem nome;Pessoal;!158 Power BI - Alon da Hashtag;851
24999620340;Sem nome;Pessoal;!158 Power BI - Alon da Hashtag;852
19992850469;Sem nome;Pessoal;!158 Power BI - Alon da Hashtag;853
19971308410;Sem nome;Pessoal;!158 Power BI - Alon da Hashtag;854
5199467081;Sem nome;Pessoal;!158 Power BI - Alon da Hashtag;855
7193339683;Sem nome;Pessoal;!158 Power BI - Alon da Hashtag;856
4199560011;Sem nome;Pessoal;!158 Power BI - Alon da Hashtag;857
8188612112;Sem nome;Pessoal;!158 Power BI - Alon da Hashtag;858
11986827625;Sem nome;Pessoal;!158 Power BI - Alon da Hashtag;859
11992870172;Sem nome;Pessoal;!158 Power BI - Alon da Hashtag;860
7199644908;Sem nome;Pessoal;!158 Power BI - Alon da Hashtag;861
3186277654;Sem nome;Pessoal;!158 Power BI - Alon da Hashtag;862
8588008022;Sem nome;Pessoal;!158 Power BI - Alon da Hashtag;863
3799815547;Sem nome;Pessoal;!158 Power BI - Alon da Hashtag;864
4388150326;Sem nome;Pessoal;!158 Power BI - Alon da Hashtag;865
8981237976;Sem nome;Pessoal;!158 Power BI - Alon da Hashtag;866
11949223700;Sem nome;Pessoal;!158 Power BI - Alon da Hashtag;867
3888148906;Sem nome;Pessoal;!158 Power BI - Alon da Hashtag;868
6199974138;Sem nome;Pessoal;!158 Power BI - Alon da Hashtag;869
19981832801;Sem nome;Pessoal;!213 Power BI - Alon da Hashtag;870
4198114257;Sem nome;Pessoal;!213 Power BI - Alon da Hashtag;871
8587029765;Sem nome;Pessoal;!213 Power BI - Alon da Hashtag;872
9881496722;Sem nome;Pessoal;!213 Power BI - Alon da Hashtag;873
11976135505;Sem nome;Pessoal;!213 Power BI - Alon da Hashtag;874
11957749224;Sem nome;Pessoal;!213 Power BI - Alon da Hashtag;875
12981919962;Sem nome;Pessoal;!213 Power BI - Alon da Hashtag;876
4184521220;Sem nome;Pessoal;!213 Power BI - Alon da Hashtag;877
7191175353;Sem nome;Pessoal;!213 Power BI - Alon da Hashtag;878
21979812167;Sem nome;Pessoal;!213 Power BI - Alon da Hashtag;879
6796382221;Sem nome;Pessoal;!213 Power BI - Alon da Hashtag;880
8481530816;Sem nome;Pessoal;!213 Power BI - Alon da Hashtag;881
11999920799;Sem nome;Pessoal;!213 Power BI - Alon da Hashtag;882
13996844641;Sem nome;Pessoal;!213 Power BI - Alon da Hashtag;883
9884857295;Sem nome;Pessoal;!213 Power BI - Alon da Hashtag;884
19991270051;Sem nome;Pessoal;!213 Power BI - Alon da Hashtag;885
11969531412;Sem nome;Pessoal;!213 Power BI - Alon da Hashtag;886
6199833816;Sem nome;Pessoal;!213 Power BI - Alon da Hashtag;887
8197940326;Sem nome;Pessoal;!213 Power BI - Alon da Hashtag;888
8494618758;Sem nome;Pessoal;!213 Power BI - Alon da Hashtag;889
28988060019;Sem nome;Pessoal;!213 Power BI - Alon da Hashtag;890
11998319434;Sem nome;Pessoal;!213 Power BI - Alon da Hashtag;891
22997177455;Sem nome;Pessoal;!213 Power BI - Alon da Hashtag;892
11956665279;Sem nome;Pessoal;!213 Power BI - Alon da Hashtag;893
11950855205;Sem nome;Pessoal;!213 Power BI - Alon da Hashtag;894
27995263736;Sem nome;Pessoal;!213 Power BI - Alon da Hashtag;895
18997280411;Sem nome;Pessoal;!213 Power BI - Alon da Hashtag;896
27999250247;Sem nome;Pessoal;!213 Power BI - Alon da Hashtag;897
3193131896;Sem nome;Pessoal;!213 Power BI - Alon da Hashtag;898
11997107752;Sem nome;Pessoal;!213 Power BI - Alon da Hashtag;899
8596155992;Sem nome;Pessoal;!213 Power BI - Alon da Hashtag;900
9288285510;Sem nome;Pessoal;!213 Power BI - Alon da Hashtag;901
8187444493;Sem nome;Pessoal;!213 Power BI - Alon da Hashtag;902
21976722277;Sem nome;Pessoal;!213 Power BI - Alon da Hashtag;903
9984963108;Sem nome;Pessoal;!213 Power BI - Alon da Hashtag;904
9885925807;Sem nome;Pessoal;!213 Power BI - Alon da Hashtag;905
11946007556;Sem nome;Pessoal;!213 Power BI - Alon da Hashtag;906
7188226228;Sem nome;Pessoal;!213 Power BI - Alon da Hashtag;907
8788570843;Sem nome;Pessoal;!213 Power BI - Alon da Hashtag;908
3192278625;Sem nome;Pessoal;!213 Power BI - Alon da Hashtag;909
4192250159;Sem nome;Pessoal;!213 Power BI - Alon da Hashtag;910
11960121581;Sem nome;Pessoal;!213 Power BI - Alon da Hashtag;911
3788003706;Sem nome;Pessoal;!213 Power BI - Alon da Hashtag;912
11986978577;Sem nome;Pessoal;!213 Power BI - Alon da Hashtag;913
21973399693;Sem nome;Pessoal;!213 Power BI - Alon da Hashtag;914
6281381538;Sem nome;Pessoal;!213 Power BI - Alon da Hashtag;915
11947212426;Sem nome;Pessoal;!213 Power BI - Alon da Hashtag;916
6195011765;Sem nome;Pessoal;!213 Power BI - Alon da Hashtag;917
21980571885;Sem nome;Pessoal;!213 Power BI - Alon da Hashtag;918
3798231541;Sem nome;Pessoal;!213 Power BI - Alon da Hashtag;919
8198427133;Sem nome;Pessoal;!213 Power BI - Alon da Hashtag;920
4896321060;Sem nome;Pessoal;!213 Power BI - Alon da Hashtag;921
8499835141;Sem nome;Pessoal;!213 Power BI - Alon da Hashtag;922
9891242809;Sem nome;Pessoal;!213 Power BI - Alon da Hashtag;923
3192087101;Sem nome;Pessoal;!213 Power BI - Alon da Hashtag;924
4484080173;Sem nome;Pessoal;!213 Power BI - Alon da Hashtag;925
11973453387;Sem nome;Pessoal;!213 Power BI - Alon da Hashtag;926
6592414373;Sem nome;Pessoal;!213 Power BI - Alon da Hashtag;927
9193448332;Sem nome;Pessoal;!213 Power BI - Alon da Hashtag;928
19994482255;Sem nome;Pessoal;!213 Power BI - Alon da Hashtag;929
11988067318;Sem nome;Pessoal;!213 Power BI - Alon da Hashtag;930
8396568277;Sem nome;Pessoal;!213 Power BI - Alon da Hashtag;931
4199992173;Sem nome;Pessoal;!213 Power BI - Alon da Hashtag;932
3599215581;Sem nome;Pessoal;!213 Power BI - Alon da Hashtag;933
8183339240;Sem nome;Pessoal;!213 Power BI - Alon da Hashtag;934
8599636487;Sem nome;Pessoal;!213 Power BI - Alon da Hashtag;935
11998082068;Sem nome;Pessoal;!213 Power BI - Alon da Hashtag;936
21996003892;Sem nome;Pessoal;!213 Power BI - Alon da Hashtag;937
17991269607;Sem nome;Pessoal;!213 Power BI - Alon da Hashtag;938
17996247451;Sem nome;Pessoal;!213 Power BI - Alon da Hashtag;939
8388440508;Sem nome;Pessoal;!213 Power BI - Alon da Hashtag;940
8585449394;Sem nome;Pessoal;!213 Power BI - Alon da Hashtag;941
4791545233;Sem nome;Pessoal;!213 Power BI - Alon da Hashtag;942
3187204194;Sem nome;Pessoal;!213 Power BI - Alon da Hashtag;943
3299489121;Sem nome;Pessoal;!213 Power BI - Alon da Hashtag;944
3898901329;Sem nome;Pessoal;!213 Power BI - Alon da Hashtag;945
24999216706;Sem nome;Pessoal;!213 Power BI - Alon da Hashtag;946
11978032649;Sem nome;Pessoal;!213 Power BI - Alon da Hashtag;947
9294383438;Sem nome;Pessoal;!213 Power BI - Alon da Hashtag;948
27996200377;Sem nome;Pessoal;!213 Power BI - Alon da Hashtag;949
8185133740;Sem nome;Pessoal;!213 Power BI - Alon da Hashtag;950
12997651057;Sem nome;Pessoal;!213 Power BI - Alon da Hashtag;951
6291903734;Sem nome;Pessoal;!213 Power BI - Alon da Hashtag;952
3599080900;Sem nome;Pessoal;!213 Power BI - Alon da Hashtag;953
11959718894;Sem nome;Pessoal;!213 Power BI - Alon da Hashtag;954
8196954350;Sem nome;Pessoal;!213 Power BI - Alon da Hashtag;955
22988585226;Sem nome;Pessoal;!213 Power BI - Alon da Hashtag;956
11970250679;Sem nome;Pessoal;!213 Power BI - Alon da Hashtag;957
11992662583;Sem nome;Pessoal;!213 Power BI - Alon da Hashtag;958
11954710952;Sem nome;Pessoal;!213 Power BI - Alon da Hashtag;959
11996595122;Sem nome;Pessoal;!213 Power BI - Alon da Hashtag;960
11961932451;Sem nome;Pessoal;!213 Power BI - Alon da Hashtag;961
7999504961;Sem nome;Pessoal;!213 Power BI - Alon da Hashtag;962
21993729774;Sem nome;Pessoal;!213 Power BI - Alon da Hashtag;963
17996442901;Sem nome;Pessoal;!213 Power BI - Alon da Hashtag;964
8892928875;Sem nome;Pessoal;!213 Power BI - Alon da Hashtag;965
5384773730;Sem nome;Pessoal;!213 Power BI - Alon da Hashtag;966
11972582149;Sem nome;Pessoal;!213 Power BI - Alon da Hashtag;967
21974394742;Sem nome;Pessoal;!213 Power BI - Alon da Hashtag;968
11995850306;Sem nome;Pessoal;!213 Power BI - Alon da Hashtag;969
7187963895;Sem nome;Pessoal;!213 Power BI - Alon da Hashtag;970
9184886146;Sem nome;Pessoal;!213 Power BI - Alon da Hashtag;971
19992759039;Sem nome;Pessoal;!213 Power BI - Alon da Hashtag;972
3898552030;Sem nome;Pessoal;!213 Power BI - Alon da Hashtag;973
6184881569;Sem nome;Pessoal;!213 Power BI - Alon da Hashtag;974
6384071429;Sem nome;Pessoal;!213 Power BI - Alon da Hashtag;975
8199129435;Sem nome;Pessoal;!213 Power BI - Alon da Hashtag;976
19998121568;Sem nome;Pessoal;!213 Power BI - Alon da Hashtag;977
11971631331;Sem nome;Pessoal;!213 Power BI - Alon da Hashtag;978
21984567737;Sem nome;Pessoal;!213 Power BI - Alon da Hashtag;979
11989324412;Sem nome;Pessoal;!213 Power BI - Alon da Hashtag;980
11961569533;Sem nome;Pessoal;!213 Power BI - Alon da Hashtag;981
15996105520;Sem nome;Pessoal;!213 Power BI - Alon da Hashtag;982
15998573033;Sem nome;Pessoal;!213 Power BI - Alon da Hashtag;983
5186595895;Sem nome;Pessoal;!213 Power BI - Alon da Hashtag;984
9884534334;Sem nome;Pessoal;!213 Power BI - Alon da Hashtag;985
27999290579;Sem nome;Pessoal;!213 Power BI - Alon da Hashtag;986
14998721684;Sem nome;Pessoal;!213 Power BI - Alon da Hashtag;987
6992263741;Sem nome;Pessoal;!213 Power BI - Alon da Hashtag;988
8188640109;Sem nome;Pessoal;!213 Power BI - Alon da Hashtag;989
11999841839;Sem nome;Pessoal;!213 Power BI - Alon da Hashtag;990
11920506826;Sem nome;Pessoal;!213 Power BI - Alon da Hashtag;991
11999481887;Sem nome;Pessoal;!213 Power BI - Alon da Hashtag;992
3173039786;Sem nome;Pessoal;!213 Power BI - Alon da Hashtag;993
12991118579;Sem nome;Pessoal;!213 Power BI - Alon da Hashtag;994
8288697996;Sem nome;Pessoal;!213 Power BI - Alon da Hashtag;995
8496943167;Sem nome;Pessoal;!213 Power BI - Alon da Hashtag;996
8688380534;Sem nome;Pessoal;!213 Power BI - Alon da Hashtag;997
4891239910;Sem nome;Pessoal;!213 Power BI - Alon da Hashtag;998
6193808270;Sem nome;Pessoal;!213 Power BI - Alon da Hashtag;999
11954894048;Sem nome;Pessoal;!213 Power BI - Alon da Hashtag;1000
12991604977;Sem nome;Pessoal;!213 Power BI - Alon da Hashtag;1001
3171124589;Sem nome;Pessoal;!213 Power BI - Alon da Hashtag;1002
11949053668;Sem nome;Pessoal;!213 Power BI - Alon da Hashtag;1003
8187549829;Sem nome;Pessoal;!213 Power BI - Alon da Hashtag;1004
7981188664;Sem nome;Pessoal;!213 Power BI - Alon da Hashtag;1005
6293168124;Sem nome;Pessoal;!213 Power BI - Alon da Hashtag;1006
11981891783;Sem nome;Pessoal;!213 Power BI - Alon da Hashtag;1007
11945294437;Sem nome;Pessoal;!213 Power BI - Alon da Hashtag;1008
21994930123;Sem nome;Pessoal;!213 Power BI - Alon da Hashtag;1009
8596517323;Sem nome;Pessoal;!213 Power BI - Alon da Hashtag;1010
8179013647;Sem nome;Pessoal;!213 Power BI - Alon da Hashtag;1011
4499166711;Sem nome;Pessoal;!213 Power BI - Alon da Hashtag;1012
8185155021;Sem nome;Pessoal;!213 Power BI - Alon da Hashtag;1013
11977621953;Sem nome;Pessoal;!213 Power BI - Alon da Hashtag;1014
6592346751;Sem nome;Pessoal;!213 Power BI - Alon da Hashtag;1015
9884482550;Sem nome;Pessoal;!213 Power BI - Alon da Hashtag;1016
11999159837;Sem nome;Pessoal;!213 Power BI - Alon da Hashtag;1017
3588826629;Sem nome;Pessoal;!213 Power BI - Alon da Hashtag;1018
18997686286;Sem nome;Pessoal;!213 Power BI - Alon da Hashtag;1019
24992787914;Sem nome;Pessoal;!213 Power BI - Alon da Hashtag;1020
19982087452;Sem nome;Pessoal;!213 Power BI - Alon da Hashtag;1021
3193536938;Sem nome;Pessoal;!213 Power BI - Alon da Hashtag;1022
15991957175;Sem nome;Pessoal;!213 Power BI - Alon da Hashtag;1023
9882682951;Sem nome;Pessoal;!213 Power BI - Alon da Hashtag;1024
8981034944;Sem nome;Pessoal;!213 Power BI - Alon da Hashtag;1025
3197867186;Sem nome;Pessoal;!213 Power BI - Alon da Hashtag;1026
3299772588;Sem nome;Pessoal;!213 Power BI - Alon da Hashtag;1027
9299514122;Sem nome;Pessoal;!213 Power BI - Alon da Hashtag;1028
9293570853;Sem nome;Pessoal;!213 Power BI - Alon da Hashtag;1029
11948837294;Sem nome;Pessoal;!213 Power BI - Alon da Hashtag;1030
7381171395;Sem nome;Pessoal;!213 Power BI - Alon da Hashtag;1031
19991605910;Sem nome;Pessoal;!213 Power BI - Alon da Hashtag;1032
19971431337;Sem nome;Pessoal;!213 Power BI - Alon da Hashtag;1033
3182693903;Sem nome;Pessoal;!213 Power BI - Alon da Hashtag;1034
12988656424;Sem nome;Pessoal;!213 Power BI - Alon da Hashtag;1035
3192372902;Sem nome;Pessoal;!213 Power BI - Alon da Hashtag;1036
8694509838;Sem nome;Pessoal;!213 Power BI - Alon da Hashtag;1037
11968347016;Sem nome;Pessoal;!213 Power BI - Alon da Hashtag;1038
3288102336;Sem nome;Pessoal;!213 Power BI - Alon da Hashtag;1039
21986592669;Sem nome;Pessoal;!213 Power BI - Alon da Hashtag;1040
11981128813;Sem nome;Pessoal;!213 Power BI - Alon da Hashtag;1041
11949574927;Sem nome;Pessoal;!213 Power BI - Alon da Hashtag;1042
11960169714;Sem nome;Pessoal;!213 Power BI - Alon da Hashtag;1043
3197786405;Sem nome;Pessoal;!334 Python - Lira da Hashtag;1044
11995842419;Sem nome;Pessoal;!334 Python - Lira da Hashtag;1045
11999967505;Sem nome;Pessoal;!334 Python - Lira da Hashtag;1046
3196310836;Mansueto Junior;Conta Comercial;!334 Python - Lira da Hashtag;1047
8396753556;Sem nome;Pessoal;!334 Python - Lira da Hashtag;1048
4192395993;Sem nome;Pessoal;!334 Python - Lira da Hashtag;1049
21976379449;Sem nome;Pessoal;!334 Python - Lira da Hashtag;1050
8585669040;Sem nome;Pessoal;!334 Python - Lira da Hashtag;1051
3195120207;Sem nome;Pessoal;!334 Python - Lira da Hashtag;1052
11982828872;Sem nome;Pessoal;!334 Python - Lira da Hashtag;1053
11940158717;Sem nome;Pessoal;!334 Python - Lira da Hashtag;1054
4797204921;Sem nome;Pessoal;!334 Python - Lira da Hashtag;1055
6196667868;Sem nome;Pessoal;!334 Python - Lira da Hashtag;1056
8699121522;Moisés Mota;Conta Comercial;!334 Python - Lira da Hashtag;1057
21969853265;Sem nome;Pessoal;!334 Python - Lira da Hashtag;1058
21999739243;Sem nome;Pessoal;!334 Python - Lira da Hashtag;1059
4192193289;Sem nome;Pessoal;!334 Python - Lira da Hashtag;1060
11987145327;Sem nome;Pessoal;!334 Python - Lira da Hashtag;1061
7192029854;Sem nome;Pessoal;!334 Python - Lira da Hashtag;1062
6492116011;Sem nome;Pessoal;!334 Python - Lira da Hashtag;1063
21983575643;Sem nome;Pessoal;!334 Python - Lira da Hashtag;1064
16991022166;Sem nome;Pessoal;!334 Python - Lira da Hashtag;1065
21923670717;Hashtag Treinamentos;Conta Comercial;!334 Python - Lira da Hashtag;1066
8597667527;Sem nome;Pessoal;!334 Python - Lira da Hashtag;1067
8194844928;Sem nome;Pessoal;!334 Python - Lira da Hashtag;1068
4498120031;Sem nome;Pessoal;!334 Python - Lira da Hashtag;1069
3185347970;Sem nome;Pessoal;!334 Python - Lira da Hashtag;1070
9284036534;Sem nome;Pessoal;!334 Python - Lira da Hashtag;1071
9581214090;Sem nome;Pessoal;!334 Python - Lira da Hashtag;1072
8193904389;Sem nome;Pessoal;!334 Python - Lira da Hashtag;1073
11964471156;Sem nome;Pessoal;!334 Python - Lira da Hashtag;1074
21987365482;Sem nome;Pessoal;!334 Python - Lira da Hashtag;1075
13997040302;Sem nome;Pessoal;!334 Python - Lira da Hashtag;1076
6696172358;Sem nome;Pessoal;!334 Python - Lira da Hashtag;1077
8186270409;josimar lourenço;Conta Comercial;!334 Python - Lira da Hashtag;1078
4188577487;Sem nome;Pessoal;!334 Python - Lira da Hashtag;1079
6196419015;Sem nome;Pessoal;!334 Python - Lira da Hashtag;1080
8296844855;Sem nome;Pessoal;!334 Python - Lira da Hashtag;1081
9888938986;Sem nome;Pessoal;!334 Python - Lira da Hashtag;1082
14988029762;Sem nome;Pessoal;!334 Python - Lira da Hashtag;1083
4998123813;Sem nome;Pessoal;!334 Python - Lira da Hashtag;1084
6282753954;Sem nome;Pessoal;!334 Python - Lira da Hashtag;1085
5591569223;Sem nome;Pessoal;!334 Python - Lira da Hashtag;1086
11976220256;Sem nome;Pessoal;!334 Python - Lira da Hashtag;1087
6798141361;Sem nome;Pessoal;!334 Python - Lira da Hashtag;1088
8196721262;Sem nome;Pessoal;!334 Python - Lira da Hashtag;1089
4195887579;Sem nome;Pessoal;!334 Python - Lira da Hashtag;1090
11985813652;Sem nome;Pessoal;!334 Python - Lira da Hashtag;1091
17991347655;Sem nome;Pessoal;!334 Python - Lira da Hashtag;1092
11975147994;Sem nome;Pessoal;!334 Python - Lira da Hashtag;1093
11997479082;Sem nome;Pessoal;!334 Python - Lira da Hashtag;1094
4497454459;Sem nome;Pessoal;!334 Python - Lira da Hashtag;1095
11984991242;Sem nome;Pessoal;!334 Python - Lira da Hashtag;1096
11997352351;Sem nome;Pessoal;!334 Python - Lira da Hashtag;1097
15997862270;Sem nome;Pessoal;!334 Python - Lira da Hashtag;1098
21990061307;Sem nome;Pessoal;!334 Python - Lira da Hashtag;1099
19999748554;Sem nome;Pessoal;!334 Python - Lira da Hashtag;1100
11966630576;Sem nome;Pessoal;!334 Python - Lira da Hashtag;1101
6296000012;Sem nome;Pessoal;!334 Python - Lira da Hashtag;1102
6295242398;Sem nome;Pessoal;!334 Python - Lira da Hashtag;1103
8587789390;Sem nome;Pessoal;!334 Python - Lira da Hashtag;1104
21968045339;Sem nome;Pessoal;!334 Python - Lira da Hashtag;1105
4791545233;Sem nome;Pessoal;!334 Python - Lira da Hashtag;1106
8171153088;Sem nome;Pessoal;!334 Python - Lira da Hashtag;1107
6181866915;Sem nome;Pessoal;!334 Python - Lira da Hashtag;1108
21975650081;Sem nome;Pessoal;!334 Python - Lira da Hashtag;1109
6281793308;Sem nome;Pessoal;!334 Python - Lira da Hashtag;1110
6186140102;Sem nome;Pessoal;!334 Python - Lira da Hashtag;1111
7798062133;Sem nome;Pessoal;!334 Python - Lira da Hashtag;1112
12997625503;Sem nome;Pessoal;!334 Python - Lira da Hashtag;1113
8182251714;Sem nome;Pessoal;!334 Python - Lira da Hashtag;1114
5381261667;Sem nome;Pessoal;!334 Python - Lira da Hashtag;1115
11961717322;Sem nome;Pessoal;!334 Python - Lira da Hashtag;1116
11949341830;Sem nome;Pessoal;!334 Python - Lira da Hashtag;1117
9884202852;Sem nome;Pessoal;!334 Python - Lira da Hashtag;1118
3191968698;Sem nome;Pessoal;!334 Python - Lira da Hashtag;1119
7187926647;Sem nome;Pessoal;!334 Python - Lira da Hashtag;1120
6294997873;Sem nome;Pessoal;!334 Python - Lira da Hashtag;1121
9192012404;Sem nome;Pessoal;!334 Python - Lira da Hashtag;1122
4792497306;Sem nome;Pessoal;!334 Python - Lira da Hashtag;1123
4888208545;Sem nome;Pessoal;!334 Python - Lira da Hashtag;1124
17997749639;Sem nome;Pessoal;!334 Python - Lira da Hashtag;1125
16997299893;Sem nome;Pessoal;!334 Python - Lira da Hashtag;1126
11996924300;Sem nome;Pessoal;!334 Python - Lira da Hashtag;1127
9681039192;Sem nome;Pessoal;!334 Python - Lira da Hashtag;1128
11991251766;Sem nome;Pessoal;!334 Python - Lira da Hashtag;1129
4185010922;Sem nome;Pessoal;!334 Python - Lira da Hashtag;1130
11920101684;Sem nome;Pessoal;!334 Python - Lira da Hashtag;1131
4192066566;Sem nome;Pessoal;!334 Python - Lira da Hashtag;1132
4195462250;Sem nome;Pessoal;!334 Python - Lira da Hashtag;1133
6792835943;Sem nome;Pessoal;!334 Python - Lira da Hashtag;1134
11930339202;Sem nome;Pessoal;!334 Python - Lira da Hashtag;1135
8183415637;Sem nome;Pessoal;!334 Python - Lira da Hashtag;1136
8496591089;Sem nome;Pessoal;!334 Python - Lira da Hashtag;1137
21990539920;Sem nome;Pessoal;!334 Python - Lira da Hashtag;1138
4491216395;Sem nome;Pessoal;!334 Python - Lira da Hashtag;1139
11973288252;Sem nome;Pessoal;!334 Python - Lira da Hashtag;1140
16996260994;Sem nome;Pessoal;!334 Python - Lira da Hashtag;1141
6199044976;Rafael Metal Omega Service;Conta Comercial;!334 Python - Lira da Hashtag;1142
24999524048;Sem nome;Pessoal;!334 Python - Lira da Hashtag;1143
4188954025;Sem nome;Pessoal;!334 Python - Lira da Hashtag;1144
21971253024;Sem nome;Pessoal;!334 Python - Lira da Hashtag;1145
4284255389;Sem nome;Pessoal;!334 Python - Lira da Hashtag;1146
14996611935;Sem nome;Pessoal;!334 Python - Lira da Hashtag;1147
21988366720;Sem nome;Pessoal;!334 Python - Lira da Hashtag;1148
11969939742;Sem nome;Pessoal;!334 Python - Lira da Hashtag;1149
11982405311;Sem nome;Pessoal;!334 Python - Lira da Hashtag;1150
8491388718;Sem nome;Pessoal;!334 Python - Lira da Hashtag;1151
16996147170;Santo Oliani Junior;Conta Comercial;!334 Python - Lira da Hashtag;1152
11965753008;Sem nome;Pessoal;!334 Python - Lira da Hashtag;1153
8386790592;Sem nome;Pessoal;!334 Python - Lira da Hashtag;1154
5185503102;Sem nome;Pessoal;!334 Python - Lira da Hashtag;1155
8598135598;Sem nome;Pessoal;!334 Python - Lira da Hashtag;1156
8588648748;Sem nome;Pessoal;!334 Python - Lira da Hashtag;1157
11995402333;Sem nome;Pessoal;!334 Python - Lira da Hashtag;1158
11912866577;Sem nome;Pessoal;!334 Python - Lira da Hashtag;1159
21976678149;Sem nome;Pessoal;!334 Python - Lira da Hashtag;1160
11972008841;Sem nome;Pessoal;!334 Python - Lira da Hashtag;1161
11992391470;Sem nome;Pessoal;!334 Python - Lira da Hashtag;1162
11953996856;Sem nome;Pessoal;!334 Python - Lira da Hashtag;1163
19994485682;Sem nome;Pessoal;!334 Python - Lira da Hashtag;1164
21991203527;Sem nome;Pessoal;!334 Python - Lira da Hashtag;1165
8592183506;Sem nome;Pessoal;!334 Python - Lira da Hashtag;1166
21936183478;Hashtag Treinamentos;Conta Comercial;!334 Python - Lira da Hashtag;1167
11952512016;Sem nome;Pessoal;!334 Python - Lira da Hashtag;1168
8488513153;Sem nome;Pessoal;!334 Python - Lira da Hashtag;1169
3171841061;Sem nome;Pessoal;!334 Python - Lira da Hashtag;1170
11931449175;Sem nome;Pessoal;!334 Python - Lira da Hashtag;1171
11976973582;Sem nome;Pessoal;!334 Python - Lira da Hashtag;1172
28992580752;Sem nome;Pessoal;!334 Python - Lira da Hashtag;1173
11941735107;Gustavo Rodrigues;Conta Comercial;!334 Python - Lira da Hashtag;1174
11956407952;Sem nome;Pessoal;!334 Python - Lira da Hashtag;1175
3291435291;Sem nome;Pessoal;!334 Python - Lira da Hashtag;1176
6792431993;Sem nome;Pessoal;!334 Python - Lira da Hashtag;1177
16991730303;Sem nome;Pessoal;!334 Python - Lira da Hashtag;1178
6496525468;Sem nome;Pessoal;!334 Python - Lira da Hashtag;1179
4898331743;Lilian Cristina;Conta Comercial;!334 Python - Lira da Hashtag;1180
4498617243;Sem nome;Pessoal;!334 Python - Lira da Hashtag;1181
8196264432;Sem nome;Pessoal;!334 Python - Lira da Hashtag;1182
19974120182;Sem nome;Pessoal;!334 Python - Lira da Hashtag;1183
7999643336;Sem nome;Pessoal;!334 Python - Lira da Hashtag;1184
9481704401;Sem nome;Pessoal;!334 Python - Lira da Hashtag;1185
11948307877;Sem nome;Pessoal;!334 Python - Lira da Hashtag;1186
8582222815;Sem nome;Pessoal;!334 Python - Lira da Hashtag;1187
4792041834;Sem nome;Pessoal;!334 Python - Lira da Hashtag;1188
21990594604;Sem nome;Pessoal;!334 Python - Lira da Hashtag;1189
6184313193;Sem nome;Pessoal;!334 Python - Lira da Hashtag;1190
8581235848;Sem nome;Pessoal;!334 Python - Lira da Hashtag;1191
19978252128;Sem nome;Pessoal;!334 Python - Lira da Hashtag;1192
5181247557;Sem nome;Pessoal;!334 Python - Lira da Hashtag;1193
21996833390;Sem nome;Pessoal;!334 Python - Lira da Hashtag;1194
11954708857;Sem nome;Pessoal;!334 Python - Lira da Hashtag;1195
22997109683;Sem nome;Pessoal;!334 Python - Lira da Hashtag;1196
11953044655;Sem nome;Pessoal;!334 Python - Lira da Hashtag;1197
4984193096;Sem nome;Pessoal;!334 Python - Lira da Hashtag;1198
11981607386;Sem nome;Pessoal;!334 Python - Lira da Hashtag;1199
11980119511;Sem nome;Pessoal;!334 Python - Lira da Hashtag;1200
13991586796;Sem nome;Pessoal;!334 Python - Lira da Hashtag;1201
3898896714;Sem nome;Pessoal;!334 Python - Lira da Hashtag;1202
6992361764;Sem nome;Pessoal;!334 Python - Lira da Hashtag;1203
3175553451;Sem nome;Pessoal;!334 Python - Lira da Hashtag;1204
21986188120;Sem nome;Pessoal;!334 Python - Lira da Hashtag;1205
14997168129;Sem nome;Pessoal;!334 Python - Lira da Hashtag;1206
3599295446;Sem nome;Pessoal;!334 Python - Lira da Hashtag;1207
6993655504;Sem nome;Pessoal;!334 Python - Lira da Hashtag;1208
21971745926;Sem nome;Pessoal;!334 Python - Lira da Hashtag;1209
7999265512;Sem nome;Pessoal;!334 Python - Lira da Hashtag;1210
27997055457;Fabricia Guedes;Conta Comercial;#57 Inteligência Artificial - Fred da Hashtag;1211
8494807520;Sem nome;Pessoal;#57 Inteligência Artificial - Fred da Hashtag;1212
7193235677;Sem nome;Pessoal;#57 Inteligência Artificial - Fred da Hashtag;1213
9391389566;Sem nome;Pessoal;#57 Inteligência Artificial - Fred da Hashtag;1214
19982106712;Sem nome;Pessoal;#57 Inteligência Artificial - Fred da Hashtag;1215
4188934551;Daniel Ernst;Conta Comercial;#57 Inteligência Artificial - Fred da Hashtag;1216
9985452132;Sem nome;Pessoal;#57 Inteligência Artificial - Fred da Hashtag;1217
27998794785;Sem nome;Pessoal;#57 Inteligência Artificial - Fred da Hashtag;1218
3599537131;Sem nome;Pessoal;#57 Inteligência Artificial - Fred da Hashtag;1219
9491206317;Sem nome;Pessoal;#57 Inteligência Artificial - Fred da Hashtag;1220
21999740080;Sem nome;Pessoal;#57 Inteligência Artificial - Fred da Hashtag;1221
8192586828;Sem nome;Pessoal;#57 Inteligência Artificial - Fred da Hashtag;1222
6194521771;Sem nome;Pessoal;#57 Inteligência Artificial - Fred da Hashtag;1223
5193331418;Sem nome;Pessoal;#57 Inteligência Artificial - Fred da Hashtag;1224
4799124063;Sem nome;Pessoal;#57 Inteligência Artificial - Fred da Hashtag;1225
11986578706;Sem nome;Pessoal;#57 Inteligência Artificial - Fred da Hashtag;1226
5599526754;Sem nome;Pessoal;#57 Inteligência Artificial - Fred da Hashtag;1227
11948695293;Ana Rodrigues;Conta Comercial;#57 Inteligência Artificial - Fred da Hashtag;1228
8494513065;Sem nome;Pessoal;#57 Inteligência Artificial - Fred da Hashtag;1229
11991227979;Sem nome;Pessoal;#57 Inteligência Artificial - Fred da Hashtag;1230
8299301366;Sem nome;Pessoal;#57 Inteligência Artificial - Fred da Hashtag;1231
8694250089;Sem nome;Pessoal;#57 Inteligência Artificial - Fred da Hashtag;1232
11983017214;Sem nome;Pessoal;#57 Inteligência Artificial - Fred da Hashtag;1233
16981161870;Sem nome;Pessoal;#57 Inteligência Artificial - Fred da Hashtag;1234
27998416055;Sem nome;Pessoal;#57 Inteligência Artificial - Fred da Hashtag;1235
8197194630;Sem nome;Pessoal;#57 Inteligência Artificial - Fred da Hashtag;1236
17992433778;Sem nome;Pessoal;#57 Inteligência Artificial - Fred da Hashtag;1237
7599665383;Sem nome;Pessoal;#57 Inteligência Artificial - Fred da Hashtag;1238
11974293845;Sem nome;Pessoal;#57 Inteligência Artificial - Fred da Hashtag;1239
6195185025;Sem nome;Pessoal;#57 Inteligência Artificial - Fred da Hashtag;1240
21964307824;Sem nome;Pessoal;#57 Inteligência Artificial - Fred da Hashtag;1241
21964843021;Sem nome;Pessoal;#57 Inteligência Artificial - Fred da Hashtag;1242
12981594324;Sem nome;Pessoal;#57 Inteligência Artificial - Fred da Hashtag;1243
11964800079;Sem nome;Pessoal;#57 Inteligência Artificial - Fred da Hashtag;1244
21974245315;Sem nome;Pessoal;#57 Inteligência Artificial - Fred da Hashtag;1245
6192104994;Sem nome;Pessoal;#57 Inteligência Artificial - Fred da Hashtag;1246
16991711580;Sem nome;Pessoal;#57 Inteligência Artificial - Fred da Hashtag;1247
21998211117;Sem nome;Pessoal;#57 Inteligência Artificial - Fred da Hashtag;1248
7188815512;Sem nome;Pessoal;#57 Inteligência Artificial - Fred da Hashtag;1249
18996051700;Sem nome;Pessoal;#57 Inteligência Artificial - Fred da Hashtag;1250
6192394855;Sem nome;Pessoal;#57 Inteligência Artificial - Fred da Hashtag;1251
3191509057;Sem nome;Pessoal;#57 Inteligência Artificial - Fred da Hashtag;1252
3499661771;Sem nome;Pessoal;#57 Inteligência Artificial - Fred da Hashtag;1253
11916162747;Sem nome;Pessoal;#57 Inteligência Artificial - Fred da Hashtag;1254
11973410370;Sem nome;Pessoal;#57 Inteligência Artificial - Fred da Hashtag;1255
21993653961;beleza e cuidado;Conta Comercial;#57 Inteligência Artificial - Fred da Hashtag;1256
21992267417;Sem nome;Pessoal;#57 Inteligência Artificial - Fred da Hashtag;1257
6199914776;Sem nome;Pessoal;#57 Inteligência Artificial - Fred da Hashtag;1258
6692129086;Sem nome;Pessoal;#57 Inteligência Artificial - Fred da Hashtag;1259
21991004134;Sem nome;Pessoal;#57 Inteligência Artificial - Fred da Hashtag;1260
28999027344;Sem nome;Pessoal;#57 Inteligência Artificial - Fred da Hashtag;1261
11982696776;Sem nome;Pessoal;#57 Inteligência Artificial - Fred da Hashtag;1262
11985786161;Sem nome;Pessoal;#57 Inteligência Artificial - Fred da Hashtag;1263
21959077518;Sem nome;Pessoal;#57 Inteligência Artificial - Fred da Hashtag;1264
11976646688;Sem nome;Pessoal;#57 Inteligência Artificial - Fred da Hashtag;1265
21995048615;Sem nome;Pessoal;#57 Inteligência Artificial - Fred da Hashtag;1266
13981221433;Sem nome;Pessoal;#57 Inteligência Artificial - Fred da Hashtag;1267
3188872506;Sem nome;Pessoal;#57 Inteligência Artificial - Fred da Hashtag;1268
7581794663;Sem nome;Pessoal;#57 Inteligência Artificial - Fred da Hashtag;1269
6191976700;Sem nome;Pessoal;#57 Inteligência Artificial - Fred da Hashtag;1270
6699069001;Sem nome;Pessoal;#57 Inteligência Artificial - Fred da Hashtag;1271
4788945294;Sem nome;Pessoal;#57 Inteligência Artificial - Fred da Hashtag;1272
9981184973;Sem nome;Pessoal;#57 Inteligência Artificial - Fred da Hashtag;1273
8491603828;JB Advocacia;Conta Comercial;#57 Inteligência Artificial - Fred da Hashtag;1274
3796699660;Sem nome;Pessoal;#57 Inteligência Artificial - Fred da Hashtag;1275
9870228893;Sem nome;Pessoal;#57 Inteligência Artificial - Fred da Hashtag;1276
11960163791;Sem nome;Pessoal;#57 Inteligência Artificial - Fred da Hashtag;1277
13991915295;Sem nome;Pessoal;#57 Inteligência Artificial - Fred da Hashtag;1278
19971062644;Mariana Pastre;Conta Comercial;#57 Inteligência Artificial - Fred da Hashtag;1279
12992177830;Sem nome;Pessoal;#57 Inteligência Artificial - Fred da Hashtag;1280
3391961178;Sem nome;Pessoal;#57 Inteligência Artificial - Fred da Hashtag;1281
21986311423;Sem nome;Pessoal;#57 Inteligência Artificial - Fred da Hashtag;1282
5198336092;Sem nome;Pessoal;#57 Inteligência Artificial - Fred da Hashtag;1283
12991177213;Sem nome;Pessoal;#57 Inteligência Artificial - Fred da Hashtag;1284
3199251332;Sem nome;Pessoal;#57 Inteligência Artificial - Fred da Hashtag;1285
7582414208;Sem nome;Pessoal;#57 Inteligência Artificial - Fred da Hashtag;1286
12996808325;Sem nome;Pessoal;#57 Inteligência Artificial - Fred da Hashtag;1287
9591339627;Sem nome;Pessoal;#57 Inteligência Artificial - Fred da Hashtag;1288
19991696120;Sem nome;Pessoal;#57 Inteligência Artificial - Fred da Hashtag;1289
11964271152;Sem nome;Pessoal;#57 Inteligência Artificial - Fred da Hashtag;1290
6993574287;Sem nome;Pessoal;#57 Inteligência Artificial - Fred da Hashtag;1291
24998346432;Sem nome;Pessoal;#57 Inteligência Artificial - Fred da Hashtag;1292
21991745063;Sem nome;Pessoal;#57 Inteligência Artificial - Fred da Hashtag;1293
3591352824;Sem nome;Pessoal;#57 Inteligência Artificial - Fred da Hashtag;1294
11996557450;Sem nome;Pessoal;#57 Inteligência Artificial - Fred da Hashtag;1295
8598482485;Kelvin R.;Conta Comercial;#57 Inteligência Artificial - Fred da Hashtag;1296
4599960959;Sem nome;Pessoal;#57 Inteligência Artificial - Fred da Hashtag;1297
8498980233;Sem nome;Pessoal;#57 Inteligência Artificial - Fred da Hashtag;1298
15981777594;Sem nome;Pessoal;#57 Inteligência Artificial - Fred da Hashtag;1299
11939365543;Sem nome;Pessoal;#57 Inteligência Artificial - Fred da Hashtag;1300
21981532244;Sem nome;Pessoal;#57 Inteligência Artificial - Fred da Hashtag;1301
5491235925;Sem nome;Pessoal;#57 Inteligência Artificial - Fred da Hashtag;1302
11943270751;Sem nome;Pessoal;#57 Inteligência Artificial - Fred da Hashtag;1303
9882896815;Sem nome;Pessoal;#57 Inteligência Artificial - Fred da Hashtag;1304
21970792493;Sem nome;Pessoal;#57 Inteligência Artificial - Fred da Hashtag;1305
6384067694;Deusa Arte;Conta Comercial;#57 Inteligência Artificial - Fred da Hashtag;1306
24998816870;Sem nome;Pessoal;#57 Inteligência Artificial - Fred da Hashtag;1307
11993158129;Josino Ti  em periodo de ferias;Conta Comercial;#57 Inteligência Artificial - Fred da Hashtag;1308
3186570093;Sem nome;Pessoal;#57 Inteligência Artificial - Fred da Hashtag;1309
9691638737;Sem nome;Pessoal;#57 Inteligência Artificial - Fred da Hashtag;1310
11982047041;Sem nome;Pessoal;#57 Inteligência Artificial - Fred da Hashtag;1311
4799244172;Sem nome;Pessoal;#57 Inteligência Artificial - Fred da Hashtag;1312
24988673762;Sem nome;Pessoal;#57 Inteligência Artificial - Fred da Hashtag;1313
8487240596;Sem nome;Pessoal;#57 Inteligência Artificial - Fred da Hashtag;1314
11995745485;Sem nome;Pessoal;#57 Inteligência Artificial - Fred da Hashtag;1315
16981028659;Sem nome;Pessoal;#57 Inteligência Artificial - Fred da Hashtag;1316
4498493636;Sem nome;Pessoal;#57 Inteligência Artificial - Fred da Hashtag;1317
22981289031;Sem nome;Pessoal;#57 Inteligência Artificial - Fred da Hashtag;1318
8199916422;Sem nome;Pessoal;#57 Inteligência Artificial - Fred da Hashtag;1319
3189236626;Sem nome;Pessoal;#57 Inteligência Artificial - Fred da Hashtag;1320
6182019403;Janaina;Conta Comercial;#57 Inteligência Artificial - Fred da Hashtag;1321
3198117024;Sem nome;Pessoal;#57 Inteligência Artificial - Fred da Hashtag;1322
3499172914;Sem nome;Pessoal;#57 Inteligência Artificial - Fred da Hashtag;1323
6399994806;Sem nome;Pessoal;#57 Inteligência Artificial - Fred da Hashtag;1324
4891153864;Sem nome;Pessoal;#57 Inteligência Artificial - Fred da Hashtag;1325
3299057714;Sem nome;Pessoal;#57 Inteligência Artificial - Fred da Hashtag;1326
24999920059;Sem nome;Pessoal;#57 Inteligência Artificial - Fred da Hashtag;1327
19984579943;Sem nome;Pessoal;#57 Inteligência Artificial - Fred da Hashtag;1328
4799538771;Sem nome;Pessoal;#57 Inteligência Artificial - Fred da Hashtag;1329
5592320702;Paulinho Salgados;Conta Comercial;#57 Inteligência Artificial - Fred da Hashtag;1330
11998347006;Sem nome;Pessoal;#57 Inteligência Artificial - Fred da Hashtag;1331
11981965001;Atelie Manelas;Conta Comercial;#57 Inteligência Artificial - Fred da Hashtag;1332
7199403456;Sem nome;Pessoal;#57 Inteligência Artificial - Fred da Hashtag;1333
6592596614;Sem nome;Pessoal;#57 Inteligência Artificial - Fred da Hashtag;1334
11945521206;Sem nome;Pessoal;#57 Inteligência Artificial - Fred da Hashtag;1335
11987202149;Sem nome;Pessoal;#57 Inteligência Artificial - Fred da Hashtag;1336
21936183484;Hashtag Treinamentos;Conta Comercial;#57 Inteligência Artificial - Fred da Hashtag;1337
8387320213;Sem nome;Pessoal;#57 Inteligência Artificial - Fred da Hashtag;1338
6193988859;Sem nome;Pessoal;#57 Inteligência Artificial - Fred da Hashtag;1339
7488232721;Sem nome;Pessoal;#57 Inteligência Artificial - Fred da Hashtag;1340
22999836242;Sem nome;Pessoal;#57 Inteligência Artificial - Fred da Hashtag;1341
11949655083;Helenice Soares;Conta Comercial;#57 Inteligência Artificial - Fred da Hashtag;1342
3898482635;Sem nome;Pessoal;#57 Inteligência Artificial - Fred da Hashtag;1343
5197818178;Sem nome;Pessoal;#57 Inteligência Artificial - Fred da Hashtag;1344
24999209320;Sem nome;Pessoal;#57 Inteligência Artificial - Fred da Hashtag;1345
8386148600;Sem nome;Pessoal;#57 Inteligência Artificial - Fred da Hashtag;1346
11984099373;Sem nome;Pessoal;#57 Inteligência Artificial - Fred da Hashtag;1347
21993924558;Sem nome;Pessoal;#57 Inteligência Artificial - Fred da Hashtag;1348
12992161516;Beto Cadilhe;Conta Comercial;#57 Inteligência Artificial - Fred da Hashtag;1349
21970040010;Thiago Mocotó;Conta Comercial;#57 Inteligência Artificial - Fred da Hashtag;1350
8197283372;Sem nome;Pessoal;#57 Inteligência Artificial - Fred da Hashtag;1351
18991862912;Sem nome;Pessoal;#57 Inteligência Artificial - Fred da Hashtag;1352
8192832502;Sem nome;Pessoal;#57 Inteligência Artificial - Fred da Hashtag;1353
11978044888;Sem nome;Pessoal;#57 Inteligência Artificial - Fred da Hashtag;1354
3588254235;Sem nome;Pessoal;#57 Inteligência Artificial - Fred da Hashtag;1355
13996667884;Sem nome;Pessoal;#57 Inteligência Artificial - Fred da Hashtag;1356
7381399281;Sem nome;Pessoal;#57 Inteligência Artificial - Fred da Hashtag;1357
8197027662;Sem nome;Pessoal;#57 Inteligência Artificial - Fred da Hashtag;1358
3591731965;Sem nome;Pessoal;#57 Inteligência Artificial - Fred da Hashtag;1359
21975599360;Sem nome;Pessoal;#57 Inteligência Artificial - Fred da Hashtag;1360
5199426474;Sem nome;Pessoal;#57 Inteligência Artificial - Fred da Hashtag;1361
21970132919;Sem nome;Pessoal;#57 Inteligência Artificial - Fred da Hashtag;1362
11945573003;Sem nome;Pessoal;#57 Inteligência Artificial - Fred da Hashtag;1363
12987126130;Sem nome;Pessoal;#57 Inteligência Artificial - Fred da Hashtag;1364
21974235492;Sem nome;Pessoal;#57 Inteligência Artificial - Fred da Hashtag;1365
15997340774;Sem nome;Pessoal;#57 Inteligência Artificial - Fred da Hashtag;1366
16992991245;Ateliê Costura Criativa;Conta Comercial;#57 Inteligência Artificial - Fred da Hashtag;1367
19983042788;Sem nome;Pessoal;#57 Inteligência Artificial - Fred da Hashtag;1368
11989393699;Sem nome;Pessoal;#57 Inteligência Artificial - Fred da Hashtag;1369
21997295888;Sem nome;Pessoal;#57 Inteligência Artificial - Fred da Hashtag;1370
11991771866;Sem nome;Pessoal;#57 Inteligência Artificial - Fred da Hashtag;1371
3187100723;Sem nome;Pessoal;#57 Inteligência Artificial - Fred da Hashtag;1372
6184222428;Sem nome;Pessoal;#57 Inteligência Artificial - Fred da Hashtag;1373
6198826737;Sem nome;Pessoal;#57 Inteligência Artificial - Fred da Hashtag;1374
14997812594;Sem nome;Pessoal;#57 Inteligência Artificial - Fred da Hashtag;1375
7996596131;Sem nome;Pessoal;#57 Inteligência Artificial - Fred da Hashtag;1376
6791768357;Rota Cred;Conta Comercial;#57 Inteligência Artificial - Fred da Hashtag;1377
11995005888;Eugênia - Corretora de imóveis;Conta Comercial;#57 Inteligência Artificial - Fred da Hashtag;1378
3384317574;Sem nome;Pessoal;#57 Inteligência Artificial - Fred da Hashtag;1379
8396268016;Sem nome;Pessoal;#57 Inteligência Artificial - Fred da Hashtag;1380
24981280139;Sem nome;Pessoal;#57 Inteligência Artificial - Fred da Hashtag;1381
5384095574;Sem nome;Pessoal;#57 Inteligência Artificial - Fred da Hashtag;1382
6196133247;Brasilia Popular Orquestra Brapo;Conta Comercial;#57 Inteligência Artificial - Fred da Hashtag;1383
11999028920;Sem nome;Pessoal;#57 Inteligência Artificial - Fred da Hashtag;1384
4399512415;Sem nome;Pessoal;#57 Inteligência Artificial - Fred da Hashtag;1385
21987012909;Sem nome;Pessoal;#57 Inteligência Artificial - Fred da Hashtag;1386
4195367725;Sem nome;Pessoal;#57 Inteligência Artificial - Fred da Hashtag;1387
22999140775;Aline;Conta Comercial;#57 Inteligência Artificial - Fred da Hashtag;1388
3899873316;Sem nome;Pessoal;#57 Inteligência Artificial - Fred da Hashtag;1389
14998483019;Sem nome;Pessoal;#57 Inteligência Artificial - Fred da Hashtag;1390
6181577526;Sem nome;Pessoal;#57 Inteligência Artificial - Fred da Hashtag;1391
24981438608;Sem nome;Pessoal;#57 Inteligência Artificial - Fred da Hashtag;1392
3199753631;Sem nome;Pessoal;#57 Inteligência Artificial - Fred da Hashtag;1393
4184605724;Jeniffer;Conta Comercial;#57 Inteligência Artificial - Fred da Hashtag;1394
3188684326;Sem nome;Pessoal;#57 Inteligência Artificial - Fred da Hashtag;1395
5185517323;Sem nome;Pessoal;#57 Inteligência Artificial - Fred da Hashtag;1396
5195351720;Sem nome;Pessoal;#57 Inteligência Artificial - Fred da Hashtag;1397
11991684860;Sem nome;Pessoal;#57 Inteligência Artificial - Fred da Hashtag;1398
9199492677;Sem nome;Pessoal;#57 Inteligência Artificial - Fred da Hashtag;1399
19991575717;Sem nome;Pessoal;#57 Inteligência Artificial - Fred da Hashtag;1400
11958164383;Sem nome;Pessoal;#57 Inteligência Artificial - Fred da Hashtag;1401
4788331996;Sem nome;Pessoal;#57 Inteligência Artificial - Fred da Hashtag;1402
21986692575;Sem nome;Pessoal;#57 Inteligência Artificial - Fred da Hashtag;1403
3484418665;Sem nome;Pessoal;#57 Inteligência Artificial - Fred da Hashtag;1404
11995282361;Anny Gregorio;Conta Comercial;#57 Inteligência Artificial - Fred da Hashtag;1405
9185811238;Sem nome;Pessoal;#57 Inteligência Artificial - Fred da Hashtag;1406
19991138325;Sem nome;Pessoal;#57 Inteligência Artificial - Fred da Hashtag;1407
8193838083;Sem nome;Pessoal;#57 Inteligência Artificial - Fred da Hashtag;1408
7196002525;Sem nome;Pessoal;#57 Inteligência Artificial - Fred da Hashtag;1409
6281560852;Sem nome;Pessoal;#57 Inteligência Artificial - Fred da Hashtag;1410
8481863500;Sem nome;Pessoal;#57 Inteligência Artificial - Fred da Hashtag;1411
11951204249;Sem nome;Pessoal;#57 Inteligência Artificial - Fred da Hashtag;1412
8799291116;Sem nome;Pessoal;#57 Inteligência Artificial - Fred da Hashtag;1413
21972122860;Anitta;Conta Comercial;#57 Inteligência Artificial - Fred da Hashtag;1414
21971498450;Sem nome;Pessoal;#57 Inteligência Artificial - Fred da Hashtag;1415
5198837676;Sem nome;Pessoal;#57 Inteligência Artificial - Fred da Hashtag;1416
8699432442;Sem nome;Pessoal;#57 Inteligência Artificial - Fred da Hashtag;1417
11994696467;Sem nome;Pessoal;#57 Inteligência Artificial - Fred da Hashtag;1418
5192939494;Sem nome;Pessoal;#57 Inteligência Artificial - Fred da Hashtag;1419
3188156465;Sem nome;Pessoal;#57 Inteligência Artificial - Fred da Hashtag;1420
19987483744;Sem nome;Pessoal;#57 Inteligência Artificial - Fred da Hashtag;1421
19997305027;Amauri da Rocha;Conta Comercial;#57 Inteligência Artificial - Fred da Hashtag;1422
4792461266;Sem nome;Pessoal;#57 Inteligência Artificial - Fred da Hashtag;1423
3788147440;Sem nome;Pessoal;#57 Inteligência Artificial - Fred da Hashtag;1424
3187461008;Sem nome;Pessoal;#57 Inteligência Artificial - Fred da Hashtag;1425
6198729468;Adriano Wesley;Conta Comercial;#57 Inteligência Artificial - Fred da Hashtag;1426
7398055939;Sem nome;Pessoal;#57 Inteligência Artificial - Fred da Hashtag;1427
21982771985;Sem nome;Pessoal;#57 Inteligência Artificial - Fred da Hashtag;1428
8587146846;Sem nome;Pessoal;#57 Inteligência Artificial - Fred da Hashtag;1429
6198503343;Sem nome;Pessoal;#57 Inteligência Artificial - Fred da Hashtag;1430
11951491189;Sem nome;Pessoal;#57 Inteligência Artificial - Fred da Hashtag;1431
8187465251;Sem nome;Pessoal;#57 Inteligência Artificial - Fred da Hashtag;1432
13991957538;Thiago Matsuda;Conta Comercial;#57 Inteligência Artificial - Fred da Hashtag;1433
11937189936;Sem nome;Pessoal;#57 Inteligência Artificial - Fred da Hashtag;1434
11932223300;Sem nome;Pessoal;#57 Inteligência Artificial - Fred da Hashtag;1435
21974975354;Sem nome;Pessoal;#57 Inteligência Artificial - Fred da Hashtag;1436
11947592706;Sem nome;Pessoal;#57 Inteligência Artificial - Fred da Hashtag;1437
8199994194;Sem nome;Pessoal;#57 Inteligência Artificial - Fred da Hashtag;1438
7188017874;Sem nome;Pessoal;#57 Inteligência Artificial - Fred da Hashtag;1439
7187727496;Sem nome;Pessoal;#57 Inteligência Artificial - Fred da Hashtag;1440
8491582552;Sem nome;Pessoal;#57 Inteligência Artificial - Fred da Hashtag;1441
7191453479;Sem nome;Pessoal;#57 Inteligência Artificial - Fred da Hashtag;1442
9185348047;Sem nome;Pessoal;#57 Inteligência Artificial - Fred da Hashtag;1443
9181611338;Sem nome;Pessoal;#57 Inteligência Artificial - Fred da Hashtag;1444
3190871245;Sem nome;Pessoal;#57 Inteligência Artificial - Fred da Hashtag;1445
9181940802;Sem nome;Pessoal;#57 Inteligência Artificial - Fred da Hashtag;1446
8188016432;Sem nome;Pessoal;#57 Inteligência Artificial - Fred da Hashtag;1447
8488614332;Sem nome;Pessoal;#57 Inteligência Artificial - Fred da Hashtag;1448
11959018433;Sem nome;Pessoal;#57 Inteligência Artificial - Fred da Hashtag;1449
8899300176;Sem nome;Pessoal;#57 Inteligência Artificial - Fred da Hashtag;1450
5599959506;Sem nome;Pessoal;#57 Inteligência Artificial - Fred da Hashtag;1451
11963803700;Artur Lacerda;Conta Comercial;#57 Inteligência Artificial - Fred da Hashtag;1452
7181586042;Sem nome;Pessoal;#57 Inteligência Artificial - Fred da Hashtag;1453
8199791356;Sem nome;Pessoal;#57 Inteligência Artificial - Fred da Hashtag;1454
11974627856;Sem nome;Pessoal;#57 Inteligência Artificial - Fred da Hashtag;1455
6699813713;Sem nome;Pessoal;#57 Inteligência Artificial - Fred da Hashtag;1456
21998787412;Sem nome;Pessoal;#57 Inteligência Artificial - Fred da Hashtag;1457
6599825281;Sem nome;Pessoal;#57 Inteligência Artificial - Fred da Hashtag;1458
5591576337;Sem nome;Pessoal;#57 Inteligência Artificial - Fred da Hashtag;1459
21993611131;Sem nome;Pessoal;#57 Inteligência Artificial - Fred da Hashtag;1460
11999878848;Sem nome;Pessoal;#57 Inteligência Artificial - Fred da Hashtag;1461
3197122663;Sem nome;Pessoal;#57 Inteligência Artificial - Fred da Hashtag;1462
7996861425;Sem nome;Pessoal;#57 Inteligência Artificial - Fred da Hashtag;1463
3195896217;Sem nome;Pessoal;#57 Inteligência Artificial - Fred da Hashtag;1464
16992084575;Sem nome;Pessoal;#57 Inteligência Artificial - Fred da Hashtag;1465
4192777930;Sem nome;Pessoal;#57 Inteligência Artificial - Fred da Hashtag;1466
21971499993;Sem nome;Pessoal;#57 Inteligência Artificial - Fred da Hashtag;1467
3181110386;Sem nome;Pessoal;#57 Inteligência Artificial - Fred da Hashtag;1468
8589747818;Romulo Rossi;Conta Comercial;#57 Inteligência Artificial - Fred da Hashtag;1469
22998978892;Sem nome;Pessoal;#57 Inteligência Artificial - Fred da Hashtag;1470
21990743672;Efatá Modas;Conta Comercial;#57 Inteligência Artificial - Fred da Hashtag;1471
16992403335;Sem nome;Pessoal;#57 Inteligência Artificial - Fred da Hashtag;1472
15996388720;Sem nome;Pessoal;#57 Inteligência Artificial - Fred da Hashtag;1473
24988351825;Sem nome;Pessoal;#57 Inteligência Artificial - Fred da Hashtag;1474
4198636980;Sem nome;Pessoal;#57 Inteligência Artificial - Fred da Hashtag;1475
4199593655;Sem nome;Pessoal;#57 Inteligência Artificial - Fred da Hashtag;1476
6282369965;Sem nome;Pessoal;#57 Inteligência Artificial - Fred da Hashtag;1477
8191142138;Sem nome;Pessoal;#57 Inteligência Artificial - Fred da Hashtag;1478
21988220054;Sem nome;Pessoal;#57 Inteligência Artificial - Fred da Hashtag;1479
7791786957;Sem nome;Pessoal;#57 Inteligência Artificial - Fred da Hashtag;1480
6185144528;Rubiana Gutierrez Fábrica Dos Cabelos Liso;Conta Comercial;#57 Inteligência Artificial - Fred da Hashtag;1481
4499457161;Sem nome;Pessoal;#57 Inteligência Artificial - Fred da Hashtag;1482
7188488812;Sem nome;Pessoal;#57 Inteligência Artificial - Fred da Hashtag;1483
16991051005;Daniela Xavier Xavier;Conta Comercial;#57 Inteligência Artificial - Fred da Hashtag;1484
21988330290;Wagner de Paula;Conta Comercial;#57 Inteligência Artificial - Fred da Hashtag;1485
18981662881;Sem nome;Pessoal;#57 Inteligência Artificial - Fred da Hashtag;1486
4197424493;Sem nome;Pessoal;#57 Inteligência Artificial - Fred da Hashtag;1487
21992870807;Sem nome;Pessoal;#57 Inteligência Artificial - Fred da Hashtag;1488
6199948178;Sem nome;Pessoal;#57 Inteligência Artificial - Fred da Hashtag;1489
9691818326;Sem nome;Pessoal;#57 Inteligência Artificial - Fred da Hashtag;1490
8186488526;Sem nome;Pessoal;#57 Inteligência Artificial - Fred da Hashtag;1491
21995520371;Sem nome;Pessoal;#57 Inteligência Artificial - Fred da Hashtag;1492
8587114846;Sem nome;Pessoal;#57 Inteligência Artificial - Fred da Hashtag;1493
18997538346;Sem nome;Pessoal;#57 Inteligência Artificial - Fred da Hashtag;1494
8799852316;Sem nome;Pessoal;#57 Inteligência Artificial - Fred da Hashtag;1495
21991670242;Sem nome;Pessoal;#57 Inteligência Artificial - Fred da Hashtag;1496
11980343117;Sem nome;Pessoal;#57 Inteligência Artificial - Fred da Hashtag;1497
11981534174;Sem nome;Pessoal;#57 Inteligência Artificial - Fred da Hashtag;1498
21994575019;Sem nome;Pessoal;#57 Inteligência Artificial - Fred da Hashtag;1499
8393016263;Sem nome;Pessoal;#57 Inteligência Artificial - Fred da Hashtag;1500
11992240606;Sem nome;Pessoal;#57 Inteligência Artificial - Fred da Hashtag;1501
11982260192;Sem nome;Pessoal;#57 Inteligência Artificial - Fred da Hashtag;1502
18997330943;Barbearia Rota66;Conta Comercial;#57 Inteligência Artificial - Fred da Hashtag;1503
9884761563;Sem nome;Pessoal;#57 Inteligência Artificial - Fred da Hashtag;1504
9181491670;Sem nome;Pessoal;#57 Inteligência Artificial - Fred da Hashtag;1505
5191136765;Sem nome;Pessoal;#57 Inteligência Artificial - Fred da Hashtag;1506
4199621836;Sem nome;Pessoal;#57 Inteligência Artificial - Fred da Hashtag;1507
11942428149;Sem nome;Pessoal;#57 Inteligência Artificial - Fred da Hashtag;1508
9991358326;Sem nome;Pessoal;#57 Inteligência Artificial - Fred da Hashtag;1509
11965676959;Sem nome;Pessoal;#57 Inteligência Artificial - Fred da Hashtag;1510
12981531763;Sem nome;Pessoal;#57 Inteligência Artificial - Fred da Hashtag;1511
9991794434;Sem nome;Pessoal;#57 Inteligência Artificial - Fred da Hashtag;1512
3188610057;Sem nome;Pessoal;#57 Inteligência Artificial - Fred da Hashtag;1513
21969150317;Sem nome;Pessoal;#57 Inteligência Artificial - Fred da Hashtag;1514
4896273161;Netsky Apps e Streamings;Conta Comercial;#57 Inteligência Artificial - Fred da Hashtag;1515
7991704949;Sem nome;Pessoal;#57 Inteligência Artificial - Fred da Hashtag;1516
21987029505;Sem nome;Pessoal;#57 Inteligência Artificial - Fred da Hashtag;1517
3198179623;Drico Funilaria;Conta Comercial;#57 Inteligência Artificial - Fred da Hashtag;1518
3298073667;Sem nome;Pessoal;#57 Inteligência Artificial - Fred da Hashtag;1519
3189817207;Sem nome;Pessoal;#57 Inteligência Artificial - Fred da Hashtag;1520
14991070420;Sem nome;Pessoal;#57 Inteligência Artificial - Fred da Hashtag;1521
7192296693;Diversos Artes;Conta Comercial;#57 Inteligência Artificial - Fred da Hashtag;1522
8197997678;Sem nome;Pessoal;#57 Inteligência Artificial - Fred da Hashtag;1523
8581400469;Deus Em Primeiro Lugar;Conta Comercial;#57 Inteligência Artificial - Fred da Hashtag;1524
11998079529;Sem nome;Pessoal;#57 Inteligência Artificial - Fred da Hashtag;1525
11992202247;Sem nome;Pessoal;#57 Inteligência Artificial - Fred da Hashtag;1526
7599429020;Sem nome;Pessoal;#57 Inteligência Artificial - Fred da Hashtag;1527
3186510990;Sem nome;Pessoal;#57 Inteligência Artificial - Fred da Hashtag;1528
6992635706;Sem nome;Pessoal;#57 Inteligência Artificial - Fred da Hashtag;1529
3299774188;Sem nome;Pessoal;#57 Inteligência Artificial - Fred da Hashtag;1530
3488450516;Sem nome;Pessoal;#57 Inteligência Artificial - Fred da Hashtag;1531
9491599755;Sem nome;Pessoal;#57 Inteligência Artificial - Fred da Hashtag;1532
22998329180;Sem nome;Pessoal;#57 Inteligência Artificial - Fred da Hashtag;1533
27999428281;Sem nome;Pessoal;#57 Inteligência Artificial - Fred da Hashtag;1534
14997294426;Sem nome;Pessoal;#57 Inteligência Artificial - Fred da Hashtag;1535
22998304050;Sem nome;Pessoal;#57 Inteligência Artificial - Fred da Hashtag;1536
7581880213;Sem nome;Pessoal;#57 Inteligência Artificial - Fred da Hashtag;1537
11988289138;Sem nome;Pessoal;#57 Inteligência Artificial - Fred da Hashtag;1538
6284937444;Sem nome;Pessoal;#57 Inteligência Artificial - Fred da Hashtag;1539
11940187755;Sem nome;Pessoal;#57 Inteligência Artificial - Fred da Hashtag;1540
3175457087;D f Gourmet;Conta Comercial;#57 Inteligência Artificial - Fred da Hashtag;1541
19991676644;Sem nome;Pessoal;#57 Inteligência Artificial - Fred da Hashtag;1542
4984197377;Sem nome;Pessoal;#57 Inteligência Artificial - Fred da Hashtag;1543
5384316708;Sem nome;Pessoal;#57 Inteligência Artificial - Fred da Hashtag;1544
6198690275;Sem nome;Pessoal;#57 Inteligência Artificial - Fred da Hashtag;1545
5599820306;Sem nome;Pessoal;#57 Inteligência Artificial - Fred da Hashtag;1546
21980465641;Sem nome;Pessoal;#57 Inteligência Artificial - Fred da Hashtag;1547
11999755455;Sem nome;Pessoal;#57 Inteligência Artificial - Fred da Hashtag;1548
21971958447;Sem nome;Pessoal;#57 Inteligência Artificial - Fred da Hashtag;1549
4699171600;Sem nome;Pessoal;#57 Inteligência Artificial - Fred da Hashtag;1550
3398780883;Sem nome;Pessoal;#57 Inteligência Artificial - Fred da Hashtag;1551
3195722151;Sem nome;Pessoal;#57 Inteligência Artificial - Fred da Hashtag;1552
7193277455;Sem nome;Pessoal;#57 Inteligência Artificial - Fred da Hashtag;1553
4184233179;Sem nome;Pessoal;#57 Inteligência Artificial - Fred da Hashtag;1554
8586331153;Sem nome;Pessoal;#57 Inteligência Artificial - Fred da Hashtag;1555
21964447666;Sem nome;Pessoal;#57 Inteligência Artificial - Fred da Hashtag;1556
8586328428;Sem nome;Pessoal;#57 Inteligência Artificial - Fred da Hashtag;1557
14997377014;Sem nome;Pessoal;#57 Inteligência Artificial - Fred da Hashtag;1558
28999373212;Sem nome;Pessoal;#57 Inteligência Artificial - Fred da Hashtag;1559
4896153494;Sem nome;Pessoal;#57 Inteligência Artificial - Fred da Hashtag;1560
8496397771;Sem nome;Pessoal;#57 Inteligência Artificial - Fred da Hashtag;1561
9883451626;Sem nome;Pessoal;#57 Inteligência Artificial - Fred da Hashtag;1562
4792408910;Alfaproject Solutions;Conta Comercial;#57 Inteligência Artificial - Fred da Hashtag;1563
6182121898;Sem nome;Pessoal;#57 Inteligência Artificial - Fred da Hashtag;1564
3584220445;Hgalo;Conta Comercial;#57 Inteligência Artificial - Fred da Hashtag;1565
3197054718;Sem nome;Pessoal;#57 Inteligência Artificial - Fred da Hashtag;1566
3799284848;Poliana oliveira;Conta Comercial;#57 Inteligência Artificial - Fred da Hashtag;1567
21964590775;Luiz Alves;Conta Comercial;#57 Inteligência Artificial - Fred da Hashtag;1568
11985203373;Sem nome;Pessoal;#57 Inteligência Artificial - Fred da Hashtag;1569
9188951008;Sem nome;Pessoal;#57 Inteligência Artificial - Fred da Hashtag;1570
24981530000;Sem nome;Pessoal;#57 Inteligência Artificial - Fred da Hashtag;1571
24992425416;Sem nome;Pessoal;#57 Inteligência Artificial - Fred da Hashtag;1572
12996777591;Sem nome;Pessoal;#57 Inteligência Artificial - Fred da Hashtag;1573
6199750077;Sem nome;Pessoal;#57 Inteligência Artificial - Fred da Hashtag;1574
5381211777;Sem nome;Pessoal;#57 Inteligência Artificial - Fred da Hashtag;1575
88921509455;Fonseca;Conta Comercial;#57 Inteligência Artificial - Fred da Hashtag;1576
11951699697;Sem nome;Pessoal;#57 Inteligência Artificial - Fred da Hashtag;1577
4796636661;"Douglas Bressan
@douglas.bressan.dbr";Conta Comercial;#57 Inteligência Artificial - Fred da Hashtag;1578
8191462285;Sem nome;Pessoal;#57 Inteligência Artificial - Fred da Hashtag;1579
3888337152;Sem nome;Pessoal;#57 Inteligência Artificial - Fred da Hashtag;1580
11981846146;Sem nome;Pessoal;#57 Inteligência Artificial - Fred da Hashtag;1581
16997044220;Sem nome;Pessoal;#57 Inteligência Artificial - Fred da Hashtag;1582
9185006206;Fornecimento De Açaí Em Caroço;Conta Comercial;#57 Inteligência Artificial - Fred da Hashtag;1583
4199063341;Sem nome;Pessoal;#57 Inteligência Artificial - Fred da Hashtag;1584
7399870116;Sem nome;Pessoal;#57 Inteligência Artificial - Fred da Hashtag;1585
8497024780;Sem nome;Pessoal;#57 Inteligência Artificial - Fred da Hashtag;1586
11947251666;Sem nome;Pessoal;#57 Inteligência Artificial - Fred da Hashtag;1587
4598356101;Sem nome;Pessoal;#57 Inteligência Artificial - Fred da Hashtag;1588
21994682426;Sem nome;Pessoal;#57 Inteligência Artificial - Fred da Hashtag;1589
7196434514;Sem nome;Pessoal;#57 Inteligência Artificial - Fred da Hashtag;1590
9294270378;Sem nome;Pessoal;#57 Inteligência Artificial - Fred da Hashtag;1591
7791716645;Sem nome;Pessoal;#57 Inteligência Artificial - Fred da Hashtag;1592
3591340876;Sem nome;Pessoal;#57 Inteligência Artificial - Fred da Hashtag;1593
9288139053;Sem nome;Pessoal;Empowerdata;1594
24998368355;Israel Virgílio da Costa;Conta Comercial;Empowerdata;1595
6599385481;Sem nome;Pessoal;Empowerdata;1596
21988014008;Sem nome;Pessoal;Empowerdata;1597
6192828856;Sem nome;Pessoal;Empowerdata;1598
21982283995;Sanduícheria do Jack;Conta Comercial;Empowerdata;1599
11972175105;Sem nome;Pessoal;Empowerdata;1600
8587579868;Sem nome;Pessoal;Empowerdata;1601
8899755991;Paulo Freitas;Conta Comercial;Empowerdata;1602
8894015509;Sem nome;Pessoal;Empowerdata;1603
21988851407;Sem nome;Pessoal;Empowerdata;1604
24992913741;Sem nome;Pessoal;Empowerdata;1605
9180161916;Sem nome;Pessoal;Empowerdata;1606
21981534036;Sem nome;Pessoal;Empowerdata;1607
11976697775;Sem nome;Pessoal;Empowerdata;1608
11983656636;Sem nome;Pessoal;Empowerdata;1609
22999735399;Sem nome;Pessoal;Empowerdata;1610
9884836822;Sem nome;Pessoal;Empowerdata;1611
21974221881;Sem nome;Pessoal;Empowerdata;1612
6195123457;Sem nome;Pessoal;Empowerdata;1613
5499170666;Guilherme Ractz;Conta Comercial;Empowerdata;1614
8195791720;Sem nome;Pessoal;Empowerdata;1615
8699284431;Sem nome;Pessoal;Empowerdata;1616
6286099567;Sem nome;Pessoal;Empowerdata;1617
11913091861;Sem nome;Pessoal;Empowerdata;1618
11981171209;Sem nome;Pessoal;Empowerdata;1619
6392330009;Sem nome;Pessoal;Empowerdata;1620
11987010997;Sem nome;Pessoal;Empowerdata;1621
21980665886;Sem nome;Pessoal;Empowerdata;1622
11940236023;Sem nome;Pessoal;Empowerdata;1623
7798202140;Lucas Lima;Conta Comercial;Empowerdata;1624
5199933622;Sem nome;Pessoal;Empowerdata;1625
11988740715;Sem nome;Pessoal;Empowerdata;1626
5181090097;Sem nome;Pessoal;Empowerdata;1627
21972731771;Sem nome;Pessoal;Empowerdata;1628
21991591966;Sem nome;Pessoal;Empowerdata;1629
21986318046;Sem nome;Pessoal;Empowerdata;1630
11999753607;Sem nome;Pessoal;Empowerdata;1631
16997089284;Sem nome;Pessoal;Empowerdata;1632
21988777792;Sem nome;Pessoal;Empowerdata;1633
18981352693;Sem nome;Pessoal;Empowerdata;1634
21976008446;Sem nome;Pessoal;MBA Data Analytics # 103;1635
4399432604;Sem nome;Pessoal;MBA Data Analytics # 103;1636
3588744958;Sem nome;Pessoal;MBA Data Analytics # 103;1637
4488191260;Sem nome;Pessoal;MBA Data Analytics # 103;1638
3591364657;Sem nome;Pessoal;MBA Data Analytics # 103;1639
19991604026;Sem nome;Pessoal;MBA Data Analytics # 103;1640
21993281468;Sem nome;Pessoal;MBA Data Analytics # 103;1641
6599516079;Sem nome;Pessoal;MBA Data Analytics # 103;1642
6294865526;Sem nome;Pessoal;MBA Data Analytics # 103;1643
11989637502;Sem nome;Pessoal;MBA Data Analytics # 103;1644
3188355735;Sem nome;Pessoal;MBA Data Analytics # 103;1645
11965795262;Sem nome;Pessoal;MBA Data Analytics # 103;1646
21993402681;Sem nome;Pessoal;MBA Data Analytics # 103;1647
11974904244;Sem nome;Pessoal;MBA Data Analytics # 103;1648
19987361956;Sem nome;Pessoal;MBA Data Analytics # 103;1649
11966431176;Sem nome;Pessoal;MBA Data Analytics # 103;1650
11986618522;Sem nome;Pessoal;MBA Data Analytics # 103;1651
11993781745;Sem nome;Pessoal;MBA Data Analytics # 103;1652
8387211939;Sem nome;Pessoal;MBA Data Analytics # 103;1653
11948685145;Sem nome;Pessoal;MBA Data Analytics # 103;1654
21981133441;Sem nome;Pessoal;MBA Data Analytics # 103;1655
6192493998;Sem nome;Pessoal;MBA Data Analytics # 103;1656
4891143373;Sem nome;Pessoal;MBA Data Analytics # 103;1657
11951790707;Sem nome;Pessoal;MBA Data Analytics # 103;1658
4598241463;Sem nome;Pessoal;MBA Data Analytics # 103;1659
21995644313;Sem nome;Pessoal;MBA Data Analytics # 103;1660
11989751369;Sem nome;Pessoal;MBA Data Analytics # 103;1661
8195983042;Sem nome;Pessoal;MBA Data Analytics # 103;1662
11937547750;Sem nome;Pessoal;MBA Data Analytics # 103;1663
7488241175;Sem nome;Pessoal;MBA Data Analytics # 103;1664
4896302210;Sem nome;Pessoal;MBA Data Analytics # 103;1665
11999041085;Sem nome;Pessoal;MBA Data Analytics # 103;1666
3175454998;Sem nome;Pessoal;MBA Data Analytics # 103;1667
3288356247;Sem nome;Pessoal;MBA Data Analytics # 103;1668
3499133751;Sem nome;Pessoal;MBA Data Analytics # 103;1669
19993640352;Sem nome;Pessoal;MBA Data Analytics # 103;1670
22998901429;Sem nome;Pessoal;MBA Data Analytics # 103;1671
8388228892;Sem nome;Pessoal;MBA Data Analytics # 103;1672
8588238891;Sem nome;Pessoal;MBA Data Analytics # 103;1673
11969590857;Sem nome;Pessoal;MBA Data Analytics # 103;1674
3291839693;Sem nome;Pessoal;MBA Data Analytics # 103;1675
19991445417;Sem nome;Pessoal;MBA Data Analytics # 103;1676
8581801582;Sem nome;Pessoal;MBA Data Analytics # 103;1677
14997857976;Sem nome;Pessoal;MBA Data Analytics # 103;1678
6193573412;Sem nome;Pessoal;MBA Data Analytics # 103;1679
9492283244;Sem nome;Pessoal;MBA Data Analytics # 103;1680
4399753835;Sem nome;Pessoal;MBA Data Analytics # 103;1681
11995086722;Sem nome;Pessoal;MBA Data Analytics # 103;1682
4391519235;Sem nome;Pessoal;MBA Data Analytics # 103;1683
8591589513;Sem nome;Pessoal;MBA Data Analytics # 103;1684
7799057982;Sem nome;Pessoal;MBA Data Analytics # 103;1685
11958207568;Sem nome;Pessoal;MBA Data Analytics # 103;1686
8598574324;Sem nome;Pessoal;MBA Data Analytics # 103;1687
4999641842;Sem nome;Pessoal;MBA Data Analytics # 103;1688
14991165008;Sem nome;Pessoal;MBA Data Analytics # 103;1689
13997649128;Sem nome;Pessoal;MBA Data Analytics # 103;1690
6781106668;Sem nome;Pessoal;MBA Data Analytics # 103;1691
4298756679;Sem nome;Pessoal;MBA Data Analytics # 103;1692
4799938133;Sem nome;Pessoal;MBA Data Analytics # 103;1693
6181355252;Sem nome;Pessoal;MBA Data Analytics # 103;1694
6796431131;Sem nome;Pessoal;MBA Data Analytics # 103;1695
3891619724;Sem nome;Pessoal;MBA Data Analytics # 103;1696
21990370664;Sem nome;Pessoal;MBA Data Analytics # 103;1697
8491902060;Sem nome;Pessoal;MBA Data Analytics # 103;1698
7388318283;Sem nome;Pessoal;MBA Data Analytics # 103;1699
8196263110;Sem nome;Pessoal;MBA Data Analytics # 103;1700
6185165231;Sem nome;Pessoal;MBA Data Analytics # 103;1701
11994696679;Sem nome;Pessoal;MBA Data Analytics # 103;1702
8199699384;Sem nome;Pessoal;MBA Data Analytics # 103;1703
11945385477;Sem nome;Pessoal;MBA Data Analytics # 103;1704
8398038263;Sem nome;Pessoal;MBA Data Analytics # 103;1705
7194044466;Sem nome;Pessoal;MBA Data Analytics # 103;1706
6899696669;Sem nome;Pessoal;MBA Data Analytics # 103;1707
3191842711;Sem nome;Pessoal;MBA Data Analytics # 103;1708
11967844072;Sem nome;Pessoal;MBA Data Analytics # 103;1709
11980981525;Sem nome;Pessoal;MBA Data Analytics # 103;1710
5180635049;Sem nome;Pessoal;MBA Data Analytics # 103;1711
11979798005;Sem nome;Pessoal;MBA Data Analytics # 103;1712
17997260899;Sem nome;Pessoal;MBA Data Analytics # 103;1713
8592034849;Sem nome;Pessoal;MBA Data Analytics # 103;1714
7588683805;Sem nome;Pessoal;MBA Data Analytics # 103;1715
9299070865;Sem nome;Pessoal;MBA Data Analytics # 103;1716
8194082918;Sem nome;Pessoal;MBA Data Analytics # 103;1717
8587430940;Sem nome;Pessoal;MBA Data Analytics # 103;1718
11995566385;Sem nome;Pessoal;MBA Data Analytics # 103;1719
13974223586;Sem nome;Pessoal;MBA Data Analytics # 103;1720
11980358443;Sem nome;Pessoal;MBA Data Analytics # 103;1721
5496378093;Sem nome;Pessoal;MBA Data Analytics # 103;1722
27997412746;Sem nome;Pessoal;MBA Data Analytics # 103;1723
11991795460;Sem nome;Pessoal;MBA Data Analytics # 103;1724
8699918494;Sem nome;Pessoal;MBA Data Analytics # 103;1725
3187048707;Sem nome;Pessoal;MBA Data Analytics # 103;1726
9891506266;Sem nome;Pessoal;MBA Data Analytics # 103;1727
6492874900;Sem nome;Pessoal;MBA Data Analytics # 103;1728
11984259049;Sem nome;Pessoal;MBA Data Analytics # 103;1729
21997867984;Sem nome;Pessoal;MBA Data Analytics # 103;1730
18996248847;Sem nome;Pessoal;MBA Data Analytics # 103;1731
11994236779;Sem nome;Pessoal;MBA Data Analytics # 103;1732
11930757000;Sem nome;Pessoal;MBA Data Analytics # 103;1733
11995365060;Sem nome;Pessoal;MBA Data Analytics # 103;1734
4398393063;Sem nome;Pessoal;MBA Data Analytics # 103;1735
9982681447;Sem nome;Pessoal;MBA Data Analytics # 103;1736
11980188493;Sem nome;Pessoal;MBA Data Analytics # 103;1737
11999073914;Sem nome;Pessoal;MBA Data Analytics # 103;1738
9291260933;Sem nome;Pessoal;MBA Data Analytics # 103;1739
11972032820;Sem nome;Pessoal;MBA Data Analytics # 103;1740
7191907479;Sem nome;Pessoal;MBA Data Analytics # 103;1741
3194981634;Sem nome;Pessoal;MBA Data Analytics # 103;1742
27992291546;Sem nome;Pessoal;MBA Data Analytics # 103;1743
8897858744;Sem nome;Pessoal;MBA Data Analytics # 103;1744
4199035938;Sem nome;Pessoal;MBA Data Analytics # 103;1745
21999258476;Sem nome;Pessoal;MBA Data Analytics # 103;1746
4396501283;Sem nome;Pessoal;MBA Data Analytics # 103;1747
14981817870;Sem nome;Pessoal;MBA Data Analytics # 103;1748
19987463746;Sem nome;Pessoal;MBA Data Analytics # 103;1749
21980833522;Sem nome;Pessoal;MBA Data Analytics # 103;1750
11958242621;Sem nome;Pessoal;MBA Data Analytics # 103;1751
8596049940;Sem nome;Pessoal;MBA Data Analytics # 103;1752
16981605001;Sem nome;Pessoal;MBA Data Analytics # 103;1753
19984573605;Sem nome;Pessoal;MBA Data Analytics # 103;1754
11993462117;Sem nome;Pessoal;MBA Data Analytics # 103;1755
6796919847;Sem nome;Pessoal;MBA Data Analytics # 103;1756
4399967061;Sem nome;Pessoal;MBA Data Analytics # 103;1757
3188001510;Sem nome;Pessoal;MBA Data Analytics # 103;1758
21983628966;Sem nome;Pessoal;MBA Data Analytics # 103;1759
6281263049;Sem nome;Pessoal;MBA Data Analytics # 103;1760
7791479282;Sem nome;Pessoal;MBA Data Analytics # 103;1761
11988607099;Sem nome;Pessoal;MBA Data Analytics # 103;1762
4199660705;Sem nome;Pessoal;MBA Data Analytics # 103;1763
11983552475;Sem nome;Pessoal;MBA Data Analytics # 103;1764
11916544598;Sem nome;Pessoal;MBA Data Analytics # 103;1765
9295117372;Sem nome;Pessoal;MBA Data Analytics # 103;1766
8296407283;Sem nome;Pessoal;MBA Data Analytics # 103;1767
8188965166;Sem nome;Pessoal;MBA Data Analytics # 103;1768
21977036676;Sem nome;Pessoal;MBA Data Analytics # 103;1769
8181783999;Sem nome;Pessoal;MBA Data Analytics # 103;1770
9282154965;Sem nome;Pessoal;MBA Data Analytics # 103;1771
3187393511;Sem nome;Pessoal;MBA Data Analytics # 103;1772
11992873063;Sem nome;Pessoal;MBA Data Analytics # 103;1773
3198953704;Sem nome;Pessoal;MBA Data Analytics # 103;1774
21983365439;Sem nome;Pessoal;MBA Data Analytics # 103;1775
11996590710;Sem nome;Pessoal;MBA Data Analytics # 103;1776
27998429397;Sem nome;Pessoal;MBA Data Analytics # 103;1777
12981004786;Sem nome;Pessoal;MBA Data Analytics # 103;1778
7991747655;Sem nome;Pessoal;MBA Data Analytics # 103;1779
4791660664;Sem nome;Pessoal;MBA Data Analytics # 103;1780
7991649094;Sem nome;Pessoal;MBA Data Analytics # 103;1781
11996659113;Sem nome;Pessoal;MBA Data Analytics # 103;1782
4188566444;Sem nome;Pessoal;MBA Data Analytics # 103;1783
6192815260;Sem nome;Pessoal;MBA Data Analytics # 103;1784
3194199735;Sem nome;Pessoal;MBA Data Analytics # 103;1785
11947366271;Sem nome;Pessoal;MBA Data Analytics # 103;1786
12991855561;Sem nome;Pessoal;MBA Data Analytics # 103;1787
11984169776;Sem nome;Pessoal;MBA Data Analytics # 103;1788
7182210402;Sem nome;Pessoal;MBA Data Analytics # 103;1789
8197823344;Sem nome;Pessoal;MBA Data Analytics # 103;1790
11987141824;Sem nome;Pessoal;MBA Data Analytics # 103;1791
6392239937;Sem nome;Pessoal;MBA Data Analytics # 103;1792
4796946121;Sem nome;Pessoal;MBA Data Analytics # 103;1793
21976596150;Sem nome;Pessoal;MBA Data Analytics # 103;1794
22992264252;Sem nome;Pessoal;MBA Data Analytics # 103;1795
5184332260;Sem nome;Pessoal;MBA Data Analytics # 103;1796
12988070924;Sem nome;Pessoal;MBA Data Analytics # 103;1797
6599457365;Sem nome;Pessoal;MBA Data Analytics # 103;1798
11986509410;Sem nome;Pessoal;MBA Data Analytics # 103;1799
8588202031;Sem nome;Pessoal;MBA Data Analytics # 103;1800
4888562521;Sem nome;Pessoal;MBA Data Analytics # 103;1801
3191418535;Sem nome;Pessoal;MBA Data Analytics # 103;1802
18997732990;Sem nome;Pessoal;MBA Data Analytics # 103;1803
8499663245;Sem nome;Pessoal;MBA Data Analytics # 103;1804
16981019111;Sem nome;Pessoal;MBA Data Analytics # 103;1805
3899943640;Sem nome;Pessoal;MBA Data Analytics # 103;1806
9292014808;Sem nome;Pessoal;MBA Data Analytics # 103;1807
21966735741;Sem nome;Pessoal;MBA Data Analytics # 103;1808
6999910754;Sem nome;Pessoal;MBA Data Analytics # 103;1809
4198231795;Sem nome;Pessoal;MBA Data Analytics # 103;1810
6992915313;Sem nome;Pessoal;MBA Data Analytics # 103;1811
15991607991;Sem nome;Pessoal;MBA Data Analytics # 103;1812
8299789026;Sem nome;Pessoal;MBA Data Analytics # 103;1813
3193983703;Sem nome;Pessoal;MBA Data Analytics # 103;1814
4284058377;Sem nome;Pessoal;MBA Data Analytics # 103;1815
7791956470;Sem nome;Pessoal;MBA Data Analytics # 103;1816
3498280120;Sem nome;Pessoal;MBA Data Analytics # 103;1817
7988410586;Sem nome;Pessoal;MBA Data Analytics # 103;1818
4199367746;Sem nome;Pessoal;MBA Data Analytics # 103;1819
8592746148;Sem nome;Pessoal;MBA Data Analytics # 103;1820
6282155272;Sem nome;Pessoal;MBA Data Analytics # 103;1821
11986733932;Sem nome;Pessoal;MBA Data Analytics # 103;1822
3591754629;Sem nome;Pessoal;MBA Data Analytics # 103;1823
6191250558;Sem nome;Pessoal;MBA Data Analytics # 103;1824
8386371711;Sem nome;Pessoal;MBA Data Analytics # 103;1825
6182766562;Sem nome;Pessoal;MBA Data Analytics # 103;1826
8187698814;Sem nome;Pessoal;MBA Data Analytics # 103;1827
19981144670;Sem nome;Pessoal;MBA Data Analytics # 103;1828
4399305641;Sem nome;Pessoal;MBA Data Analytics # 103;1829
6185727930;Sem nome;Pessoal;MBA Data Analytics # 103;1830
21995499289;Sem nome;Pessoal;MBA Data Analytics # 103;1831
8192266213;Sem nome;Pessoal;MBA Data Analytics # 103;1832
11945717190;Sem nome;Pessoal;MBA Data Analytics # 103;1833
11965426591;Sem nome;Pessoal;MBA Data Analytics # 103;1834
21988481608;Sem nome;Pessoal;MBA Data Analytics # 103;1835
21972553765;Sem nome;Pessoal;MBA Data Analytics # 103;1836
3191109196;Sem nome;Pessoal;MBA Data Analytics # 103;1837
12988179428;Sem nome;Pessoal;MBA Data Analytics # 103;1838
9881347840;Sem nome;Pessoal;MBA Data Analytics # 103;1839
11993323277;Sem nome;Pessoal;MBA Data Analytics # 103;1840
6384351752;Sem nome;Pessoal;MBA Data Analytics # 103;1841
11947232138;Sem nome;Pessoal;MBA Data Analytics # 103;1842
8599261600;Sem nome;Pessoal;MBA Data Analytics # 103;1843
11974622448;Sem nome;Pessoal;MBA Data Analytics # 103;1844
4598458351;Sem nome;Pessoal;MBA Data Analytics # 103;1845
6193038774;Sem nome;Pessoal;MBA Data Analytics # 103;1846
21972746865;Sem nome;Pessoal;MBA Data Analytics # 103;1847
27981064006;Sem nome;Pessoal;MBA Data Analytics # 103;1848
19991655021;Sem nome;Pessoal;MBA Data Analytics # 103;1849
21999544400;Sem nome;Pessoal;MBA Data Analytics # 103;1850
8197782701;Sem nome;Pessoal;MBA Data Analytics # 103;1851
21979822497;Sem nome;Pessoal;MBA Data Analytics # 103;1852
6282316515;Sem nome;Pessoal;MBA Data Analytics # 103;1853
11968634097;Sem nome;Pessoal;MBA Data Analytics # 103;1854
21999935997;Sem nome;Pessoal;MBA Data Analytics # 103;1855
11981030209;Sem nome;Pessoal;MBA Data Analytics # 103;1856
19982531111;Sem nome;Pessoal;MBA Data Analytics # 103;1857
9184131167;Sem nome;Pessoal;MBA Data Analytics # 103;1858
7183600504;Sem nome;Pessoal;MBA Data Analytics # 103;1859
3198065354;Sem nome;Pessoal;MBA Data Analytics # 103;1860
18997701770;Sem nome;Pessoal;MBA Data Analytics # 103;1861
19996051605;Sem nome;Pessoal;MBA Data Analytics # 103;1862
6784348406;Sem nome;Pessoal;MBA Data Analytics # 103;1863
7499949427;Sem nome;Pessoal;MBA Data Analytics # 103;1864
11981879866;Sem nome;Pessoal;MBA Data Analytics # 103;1865
8188491778;Sem nome;Pessoal;MBA Data Analytics # 103;1866
19993690550;Sem nome;Pessoal;MBA Data Analytics # 103;1867
27997442991;Sem nome;Pessoal;MBA Data Analytics # 103;1868
8897826050;Sem nome;Pessoal;MBA Data Analytics # 103;1869
11987122510;Sem nome;Pessoal;MBA Data Analytics # 103;1870
3588284122;Sem nome;Pessoal;MBA Data Analytics # 103;1871
11991426593;Sem nome;Pessoal;MBA Data Analytics # 103;1872
6191619898;Sem nome;Pessoal;MBA Data Analytics # 103;1873
11968917461;Sem nome;Pessoal;MBA Data Analytics # 103;1874
8192246606;Sem nome;Pessoal;MBA Data Analytics # 103;1875
11981582065;Sem nome;Pessoal;MBA Data Analytics # 103;1876
9491580346;Sem nome;Pessoal;MBA Data Analytics # 103;1877
21994840773;Sem nome;Pessoal;MBA Data Analytics # 103;1878
11987640885;Sem nome;Pessoal;MBA Data Analytics # 103;1879
15997377055;Sem nome;Pessoal;MBA Data Analytics # 103;1880
3496458821;Sem nome;Pessoal;MBA Data Analytics # 103;1881
3491559027;Sem nome;Pessoal;MBA Data Analytics # 103;1882
7388071523;Sem nome;Pessoal;MBA Data Analytics # 103;1883
11947212686;Sem nome;Pessoal;MBA Data Analytics # 103;1884
8281384505;Sem nome;Pessoal;MBA Data Analytics # 103;1885
6799830244;Sem nome;Pessoal;MBA Data Analytics # 103;1886
4788788845;Sem nome;Pessoal;MBA Data Analytics # 103;1887
7599766673;Sem nome;Pessoal;MBA Data Analytics # 103;1888
9999515200;Sem nome;Pessoal;MBA Data Analytics # 103;1889
11975706052;Sem nome;Pessoal;MBA Data Analytics # 103;1890
4792221174;Sem nome;Pessoal;MBA Data Analytics # 103;1891
6196676455;Sem nome;Pessoal;MBA Data Analytics # 103;1892
9492787538;Sem nome;Pessoal;MBA Data Analytics # 103;1893
9974007897;Sem nome;Pessoal;MBA Data Analytics # 103;1894
7196723204;Sem nome;Pessoal;MBA Data Analytics # 103;1895
11973426320;Sem nome;Pessoal;MBA Data Analytics # 103;1896
7181152378;Sem nome;Pessoal;MBA Data Analytics # 103;1897
11933178163;Sem nome;Pessoal;MBA Data Analytics # 103;1898
21997098114;Sem nome;Pessoal;MBA Data Analytics # 103;1899
9491368629;Sem nome;Pessoal;MBA Data Analytics # 103;1900
11971540556;Sem nome;Pessoal;MBA Data Analytics # 103;1901
12981773195;Sem nome;Pessoal;MBA Data Analytics # 103;1902
11996145220;Sem nome;Pessoal;MBA Data Analytics # 103;1903
21983263472;Sem nome;Pessoal;MBA Data Analytics # 103;1904
7196145457;Sem nome;Pessoal;MBA Data Analytics # 103;1905
11991070566;Sem nome;Pessoal;MBA Data Analytics # 103;1906
6384999818;Sem nome;Pessoal;MBA Data Analytics # 103;1907
11966914885;Sem nome;Pessoal;MBA Data Analytics # 103;1908
11951691666;Sem nome;Pessoal;MBA Data Analytics # 103;1909
18981852662;Sem nome;Pessoal;MBA Data Analytics # 103;1910
11941118799;Sem nome;Pessoal;MBA Data Analytics # 103;1911
7381283495;Sem nome;Pessoal;MBA Data Analytics # 103;1912
11953305410;Sem nome;Pessoal;MBA Data Analytics # 103;1913
14997916798;Sem nome;Pessoal;MBA Data Analytics # 103;1914
4191568943;Sem nome;Pessoal;MBA Data Analytics # 103;1915
11984281484;Sem nome;Pessoal;MBA Data Analytics # 103;1916
4192128860;Sem nome;Pessoal;MBA Data Analytics # 103;1917
17981103848;Sem nome;Pessoal;MBA Data Analytics # 103;1918
21982866205;Sem nome;Pessoal;MBA Data Analytics # 103;1919
8587639594;Sem nome;Pessoal;MBA Data Analytics # 103;1920
24992156720;Sem nome;Pessoal;MBA Data Analytics # 103;1921
11992128661;Sem nome;Pessoal;MBA Data Analytics # 103;1922
21985583532;Sem nome;Pessoal;MBA Data Analytics # 103;1923
11945768903;Sem nome;Pessoal;MBA Data Analytics # 103;1924
21988143022;Sem nome;Pessoal;MBA Data Analytics # 103;1925
8599726576;Sem nome;Pessoal;MBA Data Analytics # 103;1926
7598887157;Sem nome;Pessoal;MBA Data Analytics # 103;1927
4199718486;Sem nome;Pessoal;MBA Data Analytics # 103;1928
11933314387;Sem nome;Pessoal;MBA Data Analytics # 103;1929
3188518245;Sem nome;Pessoal;MBA Data Analytics # 103;1930
13997644756;Sem nome;Pessoal;MBA Data Analytics # 103;1931
19981702886;Sem nome;Pessoal;MBA Data Analytics # 103;1932
4199878028;Sem nome;Pessoal;MBA Data Analytics # 103;1933
4899711123;Sem nome;Pessoal;MBA Data Analytics # 103;1934
11972057380;Sem nome;Pessoal;MBA Data Analytics # 103;1935
19993933648;Sem nome;Pessoal;MBA Data Analytics # 103;1936
3484463082;Sem nome;Pessoal;MBA Data Analytics # 103;1937
3597614350;Sem nome;Pessoal;MBA Data Analytics # 103;1938
5584421187;Sem nome;Pessoal;MBA Data Analytics # 103;1939
11973138384;Sem nome;Pessoal;MBA Data Analytics # 103;1940
11961287369;Sem nome;Pessoal;MBA Data Analytics # 103;1941
4491117507;Sem nome;Pessoal;MBA Data Analytics # 103;1942
21991481219;Sem nome;Pessoal;MBA Data Analytics # 103;1943
11944870808;Sem nome;Pessoal;MBA Data Analytics # 103;1944
11976488321;Sem nome;Pessoal;MBA Data Analytics # 103;1945
21983817557;Sem nome;Pessoal;MBA Data Analytics # 103;1946
8191175214;Sem nome;Pessoal;MBA Data Analytics # 103;1947
5496838476;Sem nome;Pessoal;MBA Data Analytics # 103;1948
21996219721;Sem nome;Pessoal;MBA Data Analytics # 103;1949
21992152002;Sem nome;Pessoal;MBA Data Analytics # 103;1950
11988478621;Sem nome;Pessoal;MBA Data Analytics # 103;1951
6198032804;Sem nome;Pessoal;MBA Data Analytics # 103;1952
3183284707;Sem nome;Pessoal;MBA Data Analytics # 103;1953
4899563659;Sem nome;Pessoal;MBA Data Analytics # 103;1954
3188981052;Sem nome;Pessoal;MBA Data Analytics # 103;1955
11940136509;Sem nome;Pessoal;MBA Data Analytics # 103;1956
24999961272;Sem nome;Pessoal;MBA Data Analytics # 103;1957
3180227266;Sem nome;Pessoal;MBA Data Analytics # 103;1958
21965025401;Sem nome;Pessoal;MBA Data Analytics # 103;1959
15997901181;Sem nome;Pessoal;MBA Data Analytics # 103;1960
5199569941;Sem nome;Pessoal;MBA Data Analytics # 103;1961
21971660291;Sem nome;Pessoal;MBA Data Analytics # 103;1962
21982738455;Sem nome;Pessoal;MBA Data Analytics # 103;1963
21988011350;Sem nome;Pessoal;MBA Data Analytics # 103;1964
3198926059;Sem nome;Pessoal;MBA Data Analytics # 103;1965
4891105741;Sem nome;Pessoal;MBA Data Analytics # 103;1966
11974090838;Sem nome;Pessoal;MBA Data Analytics # 103;1967
6192538530;Sem nome;Pessoal;MBA Data Analytics # 103;1968
11998177263;Sem nome;Pessoal;MBA Data Analytics # 103;1969
8698295580;Sem nome;Pessoal;MBA Data Analytics # 103;1970
21997232797;Sem nome;Pessoal;MBA Data Analytics # 103;1971
19989070415;Sem nome;Pessoal;MBA Data Analytics # 103;1972
