"Phone Number 			";"Nome 					";Conta Comercial;Grupo WP;Codigo
8191313489;Sem nome;Pessoal;PHP BRASIL;1
15997160771;Cleberson;Pessoal;PHP BRASIL;2
3188764662;Pedro Augusto;Pessoal;PHP BRASIL;3
6696019743;Socialpub Marketplace;Pessoal;PHP BRASIL;4
8588781518;Sem Deus Não Sou Nada;Pessoal;PHP BRASIL;5
7197295995;Sem nome;Pessoal;PHP BRASIL;6
4199329389;Sem nome;Pessoal;PHP BRASIL;7
24999092357;Sem nome;Pessoal;PHP BRASIL;8
8288302721;Lucas...;Pessoal;PHP BRASIL;9
21984166461;Sem nome;Pessoal;PHP BRASIL;10
4396483883;Sem nome;Pessoal;PHP BRASIL;11
11984561717;Sem nome;Pessoal;PHP BRASIL;12
21974480796;andree;Pessoal;PHP BRASIL;13
8591446498;Sem nome;Pessoal;PHP BRASIL;14
9888561194;Sem nome;Pessoal;PHP BRASIL;15
11948941218;Sem nome;Pessoal;PHP BRASIL;16
8193013881;Sem nome;Pessoal;PHP BRASIL;17
7185028501;Sem nome;Pessoal;PHP BRASIL;18
21986385610;Gabi;Pessoal;PHP BRASIL;19
11963335524;Sem nome;Pessoal;PHP BRASIL;20
4196775761;Sem nome;Pessoal;PHP BRASIL;21
11981005282;Sem nome;Pessoal;PHP BRASIL;22
11947649363;Leandro Duarte;Pessoal;PHP BRASIL;23
6192736142;Sem nome;Pessoal;PHP BRASIL;24
21997675950;Só sei que nada sei.;Pessoal;PHP BRASIL;25
11970441541;Sem nome;Pessoal;PHP BRASIL;26
9484229900;Marcos Ribeiro;Pessoal;PHP BRASIL;27
5484447578;Marco Polo - GFTeam RS;Pessoal;PHP BRASIL;28
11983704754;Sem nome;Pessoal;PHP BRASIL;29
9193064354;Luiz Sérgio;Pessoal;PHP BRASIL;30
11989131833;Infovagas;Pessoal;PHP BRASIL;31
4398036308;Sem nome;Pessoal;PHP BRASIL;32
6381094853;Sem nome;Pessoal;PHP BRASIL;33
11970390129;Sem nome;Pessoal;PHP BRASIL;34
8499551259;Eng. Delio Costa ????;Pessoal;PHP BRASIL;35
16992144977;Sem nome;Pessoal;PHP BRASIL;36
5491789741;Sem nome;Pessoal;PHP BRASIL;37
15996120684;Sem nome;Pessoal;PHP BRASIL;38
11940812113;Karina;Pessoal;PHP BRASIL;39
6291584084;Sem nome;Pessoal;PHP BRASIL;40
8788067105;Sem nome;Pessoal;PHP BRASIL;41
19982143690;Leonardo Izepi;Pessoal;PHP BRASIL;42
8195273206;Gaby;Pessoal;PHP BRASIL;43
11967377929;Sem nome;Pessoal;PHP BRASIL;44
14991652992;Matheus Marques;Pessoal;PHP BRASIL;45
19996639124;Denilson Pereira;Pessoal;PHP BRASIL;46
6292146447;Sem nome;Pessoal;PHP BRASIL;47
17991475685;Sem nome;Pessoal;PHP BRASIL;48
6481049679;Sem nome;Pessoal;PHP BRASIL;49
21968045339;Sem nome;Pessoal;PHP BRASIL;50
3597555915;Sem nome;Pessoal;PHP BRASIL;51
6581159380;Sem nome;Pessoal;PHP BRASIL;52
3192687645;Lucas Vilhena Soluções Di;Pessoal;PHP BRASIL;53
27997813275;Elcio;Pessoal;PHP BRASIL;54
7192169685;Ruan Ribeiro;Pessoal;PHP BRASIL;55
3192967024;Suzanne Camelier;Pessoal;PHP BRASIL;56
4192809600;Sem nome;Pessoal;PHP BRASIL;57
11992699958;Sem nome;Pessoal;PHP BRASIL;58
5181285285;Sem nome;Pessoal;PHP BRASIL;59
11941114322;Sem nome;Pessoal;PHP BRASIL;60
6183457591;Sem nome;Pessoal;PHP BRASIL;61
11960787370;Sem nome;Pessoal;PHP BRASIL;62
11985652783;Jeferson Menezes ;Pessoal;PHP BRASIL;63
11941376013;Silvana Ferreira;Pessoal;PHP BRASIL;64
8387219239;Wellington Lopes;Pessoal;PHP BRASIL;65
11977938320;Sem nome;Pessoal;PHP BRASIL;66
9284534089;Sem nome;Pessoal;PHP BRASIL;67
6191859066;Sem nome;Pessoal;PHP BRASIL;68
21982097330;Sem nome;Pessoal;PHP BRASIL;69
3484011088;Sem nome;Pessoal;PHP BRASIL;70
7192356501;Valdemir Monteiro;Pessoal;PHP BRASIL;71
11989313034;Sem nome;Pessoal;PHP BRASIL;72
3193922506;Thiago Vieira;Pessoal;PHP BRASIL;73
8287086209;Sem nome;Pessoal;PHP BRASIL;74
8592725107;Rômulo lima;Pessoal;PHP BRASIL;75
8599900879;Sem nome;Pessoal;PHP BRASIL;76
19998653406;Fenix Sistemas;Pessoal;PHP BRASIL;77
12996217025;Virtual&Bank;Pessoal;PHP BRASIL;78
24999993011;Sem nome;Pessoal;PHP BRASIL;79
11982820057;Sem nome;Pessoal;PHP BRASIL;80
8288593276;Djalma Alves;Pessoal;PHP BRASIL;81
8195753865;Sem nome;Pessoal;PHP BRASIL;82
19991161816;Sem nome;Pessoal;PHP BRASIL;83
4796774739;Sem nome;Pessoal;PHP BRASIL;84
8186152352;Ipage Software;Conta Comercial;PHP BRASIL;85
6186056392;Hirlei Carlos;Pessoal;PHP BRASIL;86
13997777887;Sem nome;Pessoal;PHP BRASIL;87
9185626457;Rodrigo/Léo ;Pessoal;PHP BRASIL;88
3791194030;Sem nome;Pessoal;PHP BRASIL;89
4197313304;Sem nome;Pessoal;PHP BRASIL;90
11982712051;Sem nome;Pessoal;PHP BRASIL;91
6282508955;Artur Jr;Pessoal;PHP BRASIL;92
6384245025;Leandro Henrique;Pessoal;PHP BRASIL;93
3199721985;cleberconde;Pessoal;PHP BRASIL;94
5193315081;Sem nome;Pessoal;PHP BRASIL;95
19987110888;Sem nome;Pessoal;PHP BRASIL;96
11994345127;Sem nome;Pessoal;PHP BRASIL;97
22992685018;Isaac Rodrigues;Pessoal;PHP BRASIL;98
11989692766;Sem nome;Pessoal;PHP BRASIL;99
6791602771;Carlos Douglas;Pessoal;PHP BRASIL;100
5184327399;Sem nome;Pessoal;PHP BRASIL;101
3175928795;Sem nome;Pessoal;PHP BRASIL;102
6496419754;Sem nome;Pessoal;PHP BRASIL;103
4499247950;Sem nome;Pessoal;PHP BRASIL;104
9988461248;Sem nome;Pessoal;PHP BRASIL;105
4384079768;Edson Pereira;Pessoal;PHP BRASIL;106
11980690420;Camila de Almeida;Pessoal;PHP BRASIL;107
6296963774;Rocha Mídia;Pessoal;PHP BRASIL;108
11963729227;Francisco Tiago;Pessoal;PHP BRASIL;109
11984677824;Edinilson;Pessoal;PHP BRASIL;110
11975735877;Carla Moura;Pessoal;PHP BRASIL;111
8599963221;Sem nome;Pessoal;PHP BRASIL;112
8185410556;Sem nome;Pessoal;PHP BRASIL;113
11970181657;Sem nome;Pessoal;PHP BRASIL;114
11975548353;Sem nome;Pessoal;PHP BRASIL;115
5391418246;Sem nome;Pessoal;PHP BRASIL;116
8699513439;James Kelson;Pessoal;PHP BRASIL;117
8396053078;Ricardo Faria;Pessoal;PHP BRASIL;118
11997434848;Sem nome;Pessoal;PHP BRASIL;119
5399364177;Brites;Pessoal;PHP BRASIL;120
21996261659;Richard;Pessoal;PHP BRASIL;121
84920038581;Ag2 Midias Digitais - Gestão de Tráfego e Automação;Conta Comercial;PHP - BRASIL;122
4197679106;David;Pessoal;PHP - BRASIL;123
6196958368;Sem nome;Pessoal;PHP - BRASIL;124
4896684462;Sem nome;Pessoal;PHP - BRASIL;125
21974480796;andree;Pessoal;PHP - BRASIL;126
16982520741;Sem nome;Pessoal;PHP - BRASIL;127
22997781182;Sem nome;Pessoal;PHP - BRASIL;128
11962102709;Sem nome;Pessoal;PHP - BRASIL;129
11981100211;Douglas Santos - Consultoria, Análise de Sistemas e Gestão de Times;Conta Comercial;PHP - BRASIL;130
18998108495;Sem nome;Pessoal;PHP - BRASIL;131
4599800392;Sem nome;Pessoal;PHP - BRASIL;132
11940412886;Sem nome;Pessoal;PHP - BRASIL;133
6484279708;cPlus;Conta Comercial;PHP - BRASIL;134
4499716081;Sem nome;Pessoal;PHP - BRASIL;135
3291267196;Sem nome;Pessoal;PHP - BRASIL;136
6196692738;Sem nome;Pessoal;PHP - BRASIL;137
11981898780;Sem nome;Pessoal;PHP - BRASIL;138
5391623404;Sem nome;Pessoal;PHP - BRASIL;139
21985423392;Sem nome;Pessoal;PHP - BRASIL;140
8597385551;Sem nome;Pessoal;PHP - BRASIL;141
15996120684;Sem nome;Pessoal;PHP - BRASIL;142
11997895787;Sem nome;Pessoal;PHP - BRASIL;143
6193330333;Bruno - Conduta info;Conta Comercial;PHP - BRASIL;144
21974468098;Sem nome;Pessoal;PHP - BRASIL;145
7798111007;Sem nome;Pessoal;PHP - BRASIL;146
14997876427;Sem nome;Pessoal;PHP - BRASIL;147
21964406222;Sem nome;Pessoal;PHP - BRASIL;148
6195768252;Sem nome;Pessoal;PHP - BRASIL;149
14988265028;Sem nome;Pessoal;PHP - BRASIL;150
9981299438;Sem nome;Pessoal;PHP - BRASIL;151
17981098543;Sem nome;Pessoal;PHP - BRASIL;152
3175831201;Sem nome;Pessoal;PHP - BRASIL;153
21989223002;Sem nome;Pessoal;PHP - BRASIL;154
8585603922;Sem nome;Pessoal;PHP - BRASIL;155
6198809893;Jéssica Almeida | Roots Gestão;Conta Comercial;PHP - BRASIL;156
7592291674;Sem nome;Pessoal;PHP - BRASIL;157
4891655137;Psicóloga Larissa Aguiar;Conta Comercial;PHP - BRASIL;158
3192967024;Suzanne Camelier;Pessoal;PHP - BRASIL;159
5181285285;Sem nome;Pessoal;PHP - BRASIL;160
8288665081;Sem nome;Pessoal;PHP - BRASIL;161
18997027699;André;Conta Comercial;PHP - BRASIL;162
5184924026;Eurico;Conta Comercial;PHP - BRASIL;163
11953511551;Sem nome;Pessoal;PHP - BRASIL;164
21980308379;Sem nome;Pessoal;PHP - BRASIL;165
18997648751;Sem nome;Pessoal;PHP - BRASIL;166
4199934441;Sem nome;Pessoal;PHP - BRASIL;167
11942713176;alves;Conta Comercial;PHP - BRASIL;168
4196346667;Sem nome;Pessoal;PHP - BRASIL;169
3899486476;Sem nome;Pessoal;PHP - BRASIL;170
8894114193;Sem nome;Pessoal;PHP - BRASIL;171
5193237977;Elias Machado;Pessoal;PHP - BRASIL;172
8387219239;Wellington Lopes;Pessoal;PHP - BRASIL;173
11959784862;Sem nome;Pessoal;PHP - BRASIL;174
22988096143;Sem nome;Pessoal;PHP - BRASIL;175
11946874090;Sem nome;Pessoal;PHP - BRASIL;176
6793381990;Sem nome;Pessoal;PHP - BRASIL;177
21999336771;Sem nome;Pessoal;PHP - BRASIL;178
6791821660;Sem nome;Pessoal;PHP - BRASIL;179
7399625516;Sem nome;Pessoal;PHP - BRASIL;180
5192245389;Sem nome;Pessoal;PHP - BRASIL;181
11977740086;Sem nome;Pessoal;PHP - BRASIL;182
3597296516;Sem nome;Pessoal;PHP - BRASIL;183
11989313034;Sem nome;Pessoal;PHP - BRASIL;184
3888353744;Sem nome;Pessoal;PHP - BRASIL;185
21979815209;Sem nome;Pessoal;PHP - BRASIL;186
6596307206;Sem nome;Pessoal;PHP - BRASIL;187
7588998312;Sem nome;Pessoal;PHP - BRASIL;188
8699757629;Sem nome;Pessoal;PHP - BRASIL;189
11975312600;Sem nome;Pessoal;PHP - BRASIL;190
15997007659;Sem nome;Pessoal;PHP - BRASIL;191
8491346314;Sem nome;Pessoal;PHP - BRASIL;192
11980333159;Sem nome;Pessoal;PHP - BRASIL;193
6596644901;Sem nome;Pessoal;PHP - BRASIL;194
11985078151;Sem nome;Pessoal;PHP - BRASIL;195
8182700853;Sem nome;Pessoal;PHP - BRASIL;196
21987310701;Sem nome;Pessoal;PHP - BRASIL;197
8184683280;Sem nome;Pessoal;PHP - BRASIL;198
9183644261;Sem nome;Pessoal;PHP - BRASIL;199
3487008751;Sem nome;Pessoal;PHP - BRASIL;200
6581170765;Sem nome;Pessoal;PHP - BRASIL;201
11985409693;Sem nome;Pessoal;PHP - BRASIL;202
6285009878;Sem nome;Pessoal;PHP - BRASIL;203
11976741962;Carlos Correia;Conta Comercial;PHP - BRASIL;204
18981116543;Sem nome;Pessoal;PHP - BRASIL;205
22992685018;Isaac Rodrigues;Pessoal;PHP - BRASIL;206
18997176098;Sem nome;Pessoal;PHP - BRASIL;207
8281549780;Sem nome;Pessoal;PHP - BRASIL;208
11975735877;Carla Moura;Pessoal;PHP - BRASIL;209
5181431439;Sem nome;Pessoal;PHP - BRASIL;210
4188593107;Sem nome;Pessoal;PHP - BRASIL;211
21986581407;Sem nome;Pessoal;PHP - BRASIL;212
9292526942;Seventech Soluções;Conta Comercial;PHP - BRASIL;213
7583357190;Sem nome;Pessoal;PHP - BRASIL;214
8185410556;Sem nome;Pessoal;PHP - BRASIL;215
18997135371;Sem nome;Pessoal;PHP - BRASIL;216
13981145713;O Tecnico Informatica;Conta Comercial;PHP - BRASIL;217
11970181657;Sem nome;Pessoal;PHP - BRASIL;218
16992841186;Sem nome;Pessoal;PHP - BRASIL;219
6193173193;Sem nome;Pessoal;PHP - BRASIL;220
8695293026;Sem nome;Pessoal;PHP - BRASIL;221
8396053078;Ricardo Faria;Pessoal;PHP - BRASIL;222
8196770029;Sem nome;Pessoal;!019 Inteligência Artificial - Fred da Hashtag;223
3184586814;Sem nome;Pessoal;!019 Inteligência Artificial - Fred da Hashtag;224
9196033450;Sem nome;Pessoal;!019 Inteligência Artificial - Fred da Hashtag;225
4784622524;Sem nome;Pessoal;!019 Inteligência Artificial - Fred da Hashtag;226
11959499866;Sem nome;Pessoal;!019 Inteligência Artificial - Fred da Hashtag;227
21999542881;Sem nome;Pessoal;!019 Inteligência Artificial - Fred da Hashtag;228
3588442598;Sem nome;Pessoal;!019 Inteligência Artificial - Fred da Hashtag;229
6798359796;Sem nome;Pessoal;!019 Inteligência Artificial - Fred da Hashtag;230
8196399389;Sem nome;Pessoal;!019 Inteligência Artificial - Fred da Hashtag;231
7499859008;Sem nome;Pessoal;!019 Inteligência Artificial - Fred da Hashtag;232
6292068970;Sem nome;Pessoal;!019 Inteligência Artificial - Fred da Hashtag;233
4199318443;Sem nome;Pessoal;!019 Inteligência Artificial - Fred da Hashtag;234
11962630700;Sem nome;Pessoal;!019 Inteligência Artificial - Fred da Hashtag;235
8588575185;Sem nome;Pessoal;!019 Inteligência Artificial - Fred da Hashtag;236
6199704941;Sem nome;Pessoal;!019 Inteligência Artificial - Fred da Hashtag;237
7781139449;Sem nome;Pessoal;!019 Inteligência Artificial - Fred da Hashtag;238
4299640901;Sem nome;Pessoal;!019 Inteligência Artificial - Fred da Hashtag;239
9291164675;Sem nome;Pessoal;!019 Inteligência Artificial - Fred da Hashtag;240
9285239179;Sem nome;Pessoal;!019 Inteligência Artificial - Fred da Hashtag;241
4391269573;Sem nome;Pessoal;!019 Inteligência Artificial - Fred da Hashtag;242
21967631354;Sem nome;Pessoal;!019 Inteligência Artificial - Fred da Hashtag;243
3499604430;Sem nome;Pessoal;!019 Inteligência Artificial - Fred da Hashtag;244
7991385705;Sem nome;Pessoal;!019 Inteligência Artificial - Fred da Hashtag;245
9885383707;Sem nome;Pessoal;!019 Inteligência Artificial - Fred da Hashtag;246
21991101371;Sem nome;Pessoal;!019 Inteligência Artificial - Fred da Hashtag;247
6185299725;Sem nome;Pessoal;!019 Inteligência Artificial - Fred da Hashtag;248
21992430459;Sem nome;Pessoal;!019 Inteligência Artificial - Fred da Hashtag;249
17997675077;Sem nome;Pessoal;!019 Inteligência Artificial - Fred da Hashtag;250
11970255997;Sem nome;Pessoal;!019 Inteligência Artificial - Fred da Hashtag;251
9185310544;Sem nome;Pessoal;!019 Inteligência Artificial - Fred da Hashtag;252
21996780554;Sem nome;Pessoal;!019 Inteligência Artificial - Fred da Hashtag;253
6599475122;Sem nome;Pessoal;!019 Inteligência Artificial - Fred da Hashtag;254
11997405905;Sem nome;Pessoal;!019 Inteligência Artificial - Fred da Hashtag;255
11976774213;Sem nome;Pessoal;!019 Inteligência Artificial - Fred da Hashtag;256
11994551787;Sem nome;Pessoal;!019 Inteligência Artificial - Fred da Hashtag;257
21992640725;Sem nome;Pessoal;!019 Inteligência Artificial - Fred da Hashtag;258
19987282371;Sem nome;Pessoal;!019 Inteligência Artificial - Fred da Hashtag;259
11966106877;Sem nome;Pessoal;!019 Inteligência Artificial - Fred da Hashtag;260
8185747205;Sem nome;Pessoal;!019 Inteligência Artificial - Fred da Hashtag;261
11973286231;Sem nome;Pessoal;!019 Inteligência Artificial - Fred da Hashtag;262
3299294448;Sem nome;Pessoal;!019 Inteligência Artificial - Fred da Hashtag;263
11999884212;Sem nome;Pessoal;!019 Inteligência Artificial - Fred da Hashtag;264
5199597125;Sem nome;Pessoal;!019 Inteligência Artificial - Fred da Hashtag;265
21999883069;Sem nome;Pessoal;!019 Inteligência Artificial - Fred da Hashtag;266
7799753397;Sem nome;Pessoal;!019 Inteligência Artificial - Fred da Hashtag;267
11994022186;Sem nome;Pessoal;!019 Inteligência Artificial - Fred da Hashtag;268
11997107752;Sem nome;Pessoal;!019 Inteligência Artificial - Fred da Hashtag;269
21991250069;Sem nome;Pessoal;!019 Inteligência Artificial - Fred da Hashtag;270
11933406229;Sem nome;Pessoal;!019 Inteligência Artificial - Fred da Hashtag;271
7196265508;Sem nome;Pessoal;!019 Inteligência Artificial - Fred da Hashtag;272
15996481471;Sem nome;Pessoal;!019 Inteligência Artificial - Fred da Hashtag;273
7588071282;Sem nome;Pessoal;!019 Inteligência Artificial - Fred da Hashtag;274
21976582861;Sem nome;Pessoal;!019 Inteligência Artificial - Fred da Hashtag;275
11949302718;Sem nome;Pessoal;!019 Inteligência Artificial - Fred da Hashtag;276
11957102826;Sem nome;Pessoal;!019 Inteligência Artificial - Fred da Hashtag;277
3175921514;Sem nome;Pessoal;!019 Inteligência Artificial - Fred da Hashtag;278
11976254880;Sem nome;Pessoal;!019 Inteligência Artificial - Fred da Hashtag;279
12982332086;Sem nome;Pessoal;!019 Inteligência Artificial - Fred da Hashtag;280
6592979134;Sem nome;Pessoal;!019 Inteligência Artificial - Fred da Hashtag;281
11952361518;Sem nome;Pessoal;!019 Inteligência Artificial - Fred da Hashtag;282
21970835306;Sem nome;Pessoal;!019 Inteligência Artificial - Fred da Hashtag;283
3191291623;Sem nome;Pessoal;!019 Inteligência Artificial - Fred da Hashtag;284
21987076099;Sem nome;Pessoal;!019 Inteligência Artificial - Fred da Hashtag;285
11983832630;Sem nome;Pessoal;!019 Inteligência Artificial - Fred da Hashtag;286
19997311857;Sem nome;Pessoal;!019 Inteligência Artificial - Fred da Hashtag;287
22997646128;Sem nome;Pessoal;!019 Inteligência Artificial - Fred da Hashtag;288
4799187808;Sem nome;Pessoal;!019 Inteligência Artificial - Fred da Hashtag;289
11993601010;Sem nome;Pessoal;!019 Inteligência Artificial - Fred da Hashtag;290
11983273600;Sem nome;Pessoal;!019 Inteligência Artificial - Fred da Hashtag;291
6699036580;Sem nome;Pessoal;!019 Inteligência Artificial - Fred da Hashtag;292
5499451246;Sem nome;Pessoal;!019 Inteligência Artificial - Fred da Hashtag;293
11963041513;Sem nome;Pessoal;!019 Inteligência Artificial - Fred da Hashtag;294
6799135716;Sem nome;Pessoal;!019 Inteligência Artificial - Fred da Hashtag;295
11984789609;Sem nome;Pessoal;!019 Inteligência Artificial - Fred da Hashtag;296
8897210351;Sem nome;Pessoal;!019 Inteligência Artificial - Fred da Hashtag;297
9884174406;Sem nome;Pessoal;!019 Inteligência Artificial - Fred da Hashtag;298
21995752837;Sem nome;Pessoal;!019 Inteligência Artificial - Fred da Hashtag;299
8896625914;Sem nome;Pessoal;!019 Inteligência Artificial - Fred da Hashtag;300
11998912219;Sem nome;Pessoal;!019 Inteligência Artificial - Fred da Hashtag;301
3899574445;Sem nome;Pessoal;!019 Inteligência Artificial - Fred da Hashtag;302
3198045840;Sem nome;Pessoal;!019 Inteligência Artificial - Fred da Hashtag;303
19988249321;Sem nome;Pessoal;!019 Inteligência Artificial - Fred da Hashtag;304
11968919128;Sem nome;Pessoal;!019 Inteligência Artificial - Fred da Hashtag;305
3432352638;Sem nome;Pessoal;!019 Inteligência Artificial - Fred da Hashtag;306
11941038447;Sem nome;Pessoal;!019 Inteligência Artificial - Fred da Hashtag;307
11993063485;Sem nome;Pessoal;!019 Inteligência Artificial - Fred da Hashtag;308
11962223418;Sem nome;Pessoal;!019 Inteligência Artificial - Fred da Hashtag;309
9282092366;Sem nome;Pessoal;!019 Inteligência Artificial - Fred da Hashtag;310
11984649528;Sem nome;Pessoal;!019 Inteligência Artificial - Fred da Hashtag;311
11948675216;Sem nome;Pessoal;!019 Inteligência Artificial - Fred da Hashtag;312
21964295836;Sem nome;Pessoal;!019 Inteligência Artificial - Fred da Hashtag;313
7581114031;Sem nome;Pessoal;!019 Inteligência Artificial - Fred da Hashtag;314
8198049888;Sem nome;Pessoal;!019 Inteligência Artificial - Fred da Hashtag;315
4588042789;Sem nome;Pessoal;!019 Inteligência Artificial - Fred da Hashtag;316
8183267281;Sem nome;Pessoal;!019 Inteligência Artificial - Fred da Hashtag;317
3193100167;Sem nome;Pessoal;!019 Inteligência Artificial - Fred da Hashtag;318
21981934193;Sem nome;Pessoal;!019 Inteligência Artificial - Fred da Hashtag;319
21982614660;Sem nome;Pessoal;!019 Inteligência Artificial - Fred da Hashtag;320
21999742996;Sem nome;Pessoal;!019 Inteligência Artificial - Fred da Hashtag;321
21996994220;Sem nome;Pessoal;!019 Inteligência Artificial - Fred da Hashtag;322
21980318478;Sem nome;Pessoal;!019 Inteligência Artificial - Fred da Hashtag;323
11996491778;Sem nome;Pessoal;!019 Inteligência Artificial - Fred da Hashtag;324
8387577096;Sem nome;Pessoal;!019 Inteligência Artificial - Fred da Hashtag;325
4399755545;Sem nome;Pessoal;!019 Inteligência Artificial - Fred da Hashtag;326
8699716549;Sem nome;Pessoal;!019 Inteligência Artificial - Fred da Hashtag;327
3291934668;Sem nome;Pessoal;!019 Inteligência Artificial - Fred da Hashtag;328
6984051325;Sem nome;Pessoal;!019 Inteligência Artificial - Fred da Hashtag;329
3184185540;Sem nome;Pessoal;!019 Inteligência Artificial - Fred da Hashtag;330
3192948615;Sem nome;Pessoal;!019 Inteligência Artificial - Fred da Hashtag;331
11950666203;Sem nome;Pessoal;!019 Inteligência Artificial - Fred da Hashtag;332
21999877034;Sem nome;Pessoal;!019 Inteligência Artificial - Fred da Hashtag;333
6181975151;Sem nome;Pessoal;!019 Inteligência Artificial - Fred da Hashtag;334
4196239159;Sem nome;Pessoal;!019 Inteligência Artificial - Fred da Hashtag;335
21996384884;Sem nome;Pessoal;!019 Inteligência Artificial - Fred da Hashtag;336
3899721807;Sem nome;Pessoal;!019 Inteligência Artificial - Fred da Hashtag;337
5191123806;Sem nome;Pessoal;!019 Inteligência Artificial - Fred da Hashtag;338
11963211839;Sem nome;Pessoal;!019 Inteligência Artificial - Fred da Hashtag;339
6282648462;Sem nome;Pessoal;!019 Inteligência Artificial - Fred da Hashtag;340
11993473877;Sem nome;Pessoal;!019 Inteligência Artificial - Fred da Hashtag;341
9870205077;Sem nome;Pessoal;!019 Inteligência Artificial - Fred da Hashtag;342
6282545512;Sem nome;Pessoal;!019 Inteligência Artificial - Fred da Hashtag;343
6282821495;Sem nome;Pessoal;!019 Inteligência Artificial - Fred da Hashtag;344
4384521243;Sem nome;Pessoal;!019 Inteligência Artificial - Fred da Hashtag;345
3198058453;Sem nome;Pessoal;!019 Inteligência Artificial - Fred da Hashtag;346
16991468746;Sem nome;Pessoal;!019 Inteligência Artificial - Fred da Hashtag;347
8189247881;Sem nome;Pessoal;!019 Inteligência Artificial - Fred da Hashtag;348
6182122141;Sem nome;Pessoal;!019 Inteligência Artificial - Fred da Hashtag;349
4884828800;Sem nome;Pessoal;!019 Inteligência Artificial - Fred da Hashtag;350
15981788920;Sem nome;Pessoal;!019 Inteligência Artificial - Fred da Hashtag;351
11951596382;Sem nome;Pessoal;!019 Inteligência Artificial - Fred da Hashtag;352
3488754146;Sem nome;Pessoal;!019 Inteligência Artificial - Fred da Hashtag;353
11974085099;Sem nome;Pessoal;!019 Inteligência Artificial - Fred da Hashtag;354
7481149551;Sem nome;Pessoal;!019 Inteligência Artificial - Fred da Hashtag;355
6984333844;Sem nome;Pessoal;!019 Inteligência Artificial - Fred da Hashtag;356
11932221233;Sem nome;Pessoal;!019 Inteligência Artificial - Fred da Hashtag;357
4198300755;Sem nome;Pessoal;!019 Inteligência Artificial - Fred da Hashtag;358
7196605814;Sem nome;Pessoal;!019 Inteligência Artificial - Fred da Hashtag;359
11940885904;Sem nome;Pessoal;!019 Inteligência Artificial - Fred da Hashtag;360
9384322182;Sem nome;Pessoal;!019 Inteligência Artificial - Fred da Hashtag;361
8198146185;Sem nome;Pessoal;!019 Inteligência Artificial - Fred da Hashtag;362
19997950574;Sem nome;Pessoal;!019 Inteligência Artificial - Fred da Hashtag;363
14996458159;Sem nome;Pessoal;!019 Inteligência Artificial - Fred da Hashtag;364
11958024184;Sem nome;Pessoal;!019 Inteligência Artificial - Fred da Hashtag;365
6191374545;Sem nome;Pessoal;!019 Inteligência Artificial - Fred da Hashtag;366
11983676162;Sem nome;Pessoal;!019 Inteligência Artificial - Fred da Hashtag;367
11972514594;Sem nome;Pessoal;!019 Inteligência Artificial - Fred da Hashtag;368
19978189153;Sem nome;Pessoal;!019 Inteligência Artificial - Fred da Hashtag;369
11982048692;Sem nome;Pessoal;!019 Inteligência Artificial - Fred da Hashtag;370
8486238643;Sem nome;Pessoal;!019 Inteligência Artificial - Fred da Hashtag;371
12997984700;Sem nome;Pessoal;!019 Inteligência Artificial - Fred da Hashtag;372
11946667863;Sem nome;Pessoal;!019 Inteligência Artificial - Fred da Hashtag;373
11951513295;Sem nome;Pessoal;!019 Inteligência Artificial - Fred da Hashtag;374
6185906164;Sem nome;Pessoal;!019 Inteligência Artificial - Fred da Hashtag;375
8499648872;Sem nome;Pessoal;!019 Inteligência Artificial - Fred da Hashtag;376
11942825831;Sem nome;Pessoal;!019 Inteligência Artificial - Fred da Hashtag;377
9281413598;Sem nome;Pessoal;!019 Inteligência Artificial - Fred da Hashtag;378
4991521108;Sem nome;Pessoal;!019 Inteligência Artificial - Fred da Hashtag;379
11950490627;Sem nome;Pessoal;!019 Inteligência Artificial - Fred da Hashtag;380
4888426631;Sem nome;Pessoal;!019 Inteligência Artificial - Fred da Hashtag;381
3185348710;Sem nome;Pessoal;!019 Inteligência Artificial - Fred da Hashtag;382
21996999779;Sem nome;Pessoal;!019 Inteligência Artificial - Fred da Hashtag;383
6791571305;Sem nome;Pessoal;!019 Inteligência Artificial - Fred da Hashtag;384
3298848998;Sem nome;Pessoal;!019 Inteligência Artificial - Fred da Hashtag;385
11943607505;Sem nome;Pessoal;!019 Inteligência Artificial - Fred da Hashtag;386
3496876468;Sem nome;Pessoal;!019 Inteligência Artificial - Fred da Hashtag;387
11973310572;Sem nome;Pessoal;!019 Inteligência Artificial - Fred da Hashtag;388
11989365746;Sem nome;Pessoal;!019 Inteligência Artificial - Fred da Hashtag;389
8597032556;Sem nome;Pessoal;!019 Inteligência Artificial - Fred da Hashtag;390
6181807855;Sem nome;Pessoal;!019 Inteligência Artificial - Fred da Hashtag;391
21981693874;Sem nome;Pessoal;!019 Inteligência Artificial - Fred da Hashtag;392
6199720011;Sem nome;Pessoal;!019 Inteligência Artificial - Fred da Hashtag;393
4891065889;Sem nome;Pessoal;!019 Inteligência Artificial - Fred da Hashtag;394
5181646742;Sem nome;Pessoal;!019 Inteligência Artificial - Fred da Hashtag;395
11973055008;Sem nome;Pessoal;!019 Inteligência Artificial - Fred da Hashtag;396
11981338108;Sem nome;Pessoal;!019 Inteligência Artificial - Fred da Hashtag;397
7187360446;Sem nome;Pessoal;!019 Inteligência Artificial - Fred da Hashtag;398
8197369419;Sem nome;Pessoal;!019 Inteligência Artificial - Fred da Hashtag;399
14999094015;Sem nome;Pessoal;!019 Inteligência Artificial - Fred da Hashtag;400
11977945378;Sem nome;Pessoal;!019 Inteligência Artificial - Fred da Hashtag;401
9885177765;Sem nome;Pessoal;!019 Inteligência Artificial - Fred da Hashtag;402
8187749079;Sem nome;Pessoal;!019 Inteligência Artificial - Fred da Hashtag;403
4191695507;Sem nome;Pessoal;!019 Inteligência Artificial - Fred da Hashtag;404
21982535940;Sem nome;Pessoal;!019 Inteligência Artificial - Fred da Hashtag;405
3291037822;Sem nome;Pessoal;!019 Inteligência Artificial - Fred da Hashtag;406
19988004620;Sem nome;Pessoal;!019 Inteligência Artificial - Fred da Hashtag;407
3299794429;Sem nome;Pessoal;!019 Inteligência Artificial - Fred da Hashtag;408
6592227847;Sem nome;Pessoal;!019 Inteligência Artificial - Fred da Hashtag;409
21997642954;Sem nome;Pessoal;!019 Inteligência Artificial - Fred da Hashtag;410
3195842482;Sem nome;Pessoal;!019 Inteligência Artificial - Fred da Hashtag;411
19993258149;Sem nome;Pessoal;!019 Inteligência Artificial - Fred da Hashtag;412
8196111002;Sem nome;Pessoal;!019 Inteligência Artificial - Fred da Hashtag;413
16988334637;Sem nome;Pessoal;!019 Inteligência Artificial - Fred da Hashtag;414
8288705877;Sem nome;Pessoal;!019 Inteligência Artificial - Fred da Hashtag;415
3492112225;Sem nome;Pessoal;!019 Inteligência Artificial - Fred da Hashtag;416
9388021377;Sem nome;Pessoal;!019 Inteligência Artificial - Fred da Hashtag;417
4396099350;Sem nome;Pessoal;!019 Inteligência Artificial - Fred da Hashtag;418
9183500949;Sem nome;Pessoal;!019 Inteligência Artificial - Fred da Hashtag;419
19998401110;Sem nome;Pessoal;!019 Inteligência Artificial - Fred da Hashtag;420
6291507970;Sem nome;Pessoal;!019 Inteligência Artificial - Fred da Hashtag;421
22992296392;Sem nome;Pessoal;!019 Inteligência Artificial - Fred da Hashtag;422
3198171554;Sem nome;Pessoal;!019 Inteligência Artificial - Fred da Hashtag;423
21976845854;Sem nome;Pessoal;!019 Inteligência Artificial - Fred da Hashtag;424
12981499051;Sem nome;Pessoal;!019 Inteligência Artificial - Fred da Hashtag;425
21980022484;Sem nome;Pessoal;!019 Inteligência Artificial - Fred da Hashtag;426
1134281069;Sem nome;Pessoal;!019 Inteligência Artificial - Fred da Hashtag;427
3186133911;Sem nome;Pessoal;!019 Inteligência Artificial - Fred da Hashtag;428
8197743366;Sem nome;Pessoal;!019 Inteligência Artificial - Fred da Hashtag;429
11999378720;Sem nome;Pessoal;!019 Inteligência Artificial - Fred da Hashtag;430
21980089797;Sem nome;Pessoal;!019 Inteligência Artificial - Fred da Hashtag;431
14996608037;Sem nome;Pessoal;!019 Inteligência Artificial - Fred da Hashtag;432
6184410585;Sem nome;Pessoal;!019 Inteligência Artificial - Fred da Hashtag;433
8291438094;Sem nome;Pessoal;!019 Inteligência Artificial - Fred da Hashtag;434
11948276588;Sem nome;Pessoal;!019 Inteligência Artificial - Fred da Hashtag;435
8499990462;Sem nome;Pessoal;!019 Inteligência Artificial - Fred da Hashtag;436
11945276266;Sem nome;Pessoal;!019 Inteligência Artificial - Fred da Hashtag;437
9294021854;Sem nome;Pessoal;!019 Inteligência Artificial - Fred da Hashtag;438
17991715740;Sem nome;Pessoal;!019 Inteligência Artificial - Fred da Hashtag;439
11977271205;Sem nome;Pessoal;!019 Inteligência Artificial - Fred da Hashtag;440
7388010345;Sem nome;Pessoal;!019 Inteligência Artificial - Fred da Hashtag;441
24999117452;Sem nome;Pessoal;!019 Inteligência Artificial - Fred da Hashtag;442
8396357489;Sem nome;Pessoal;!019 Inteligência Artificial - Fred da Hashtag;443
3173039786;Sem nome;Pessoal;!019 Inteligência Artificial - Fred da Hashtag;444
21968859151;Sem nome;Pessoal;!019 Inteligência Artificial - Fred da Hashtag;445
8185092016;Sem nome;Pessoal;!019 Inteligência Artificial - Fred da Hashtag;446
9888933220;Sem nome;Pessoal;!019 Inteligência Artificial - Fred da Hashtag;447
9191954417;Sem nome;Pessoal;!019 Inteligência Artificial - Fred da Hashtag;448
3187131122;Sem nome;Pessoal;!019 Inteligência Artificial - Fred da Hashtag;449
3194175750;Sem nome;Pessoal;!019 Inteligência Artificial - Fred da Hashtag;450
5399007318;Sem nome;Pessoal;!019 Inteligência Artificial - Fred da Hashtag;451
8899273512;Sem nome;Pessoal;!019 Inteligência Artificial - Fred da Hashtag;452
6196650373;Sem nome;Pessoal;!019 Inteligência Artificial - Fred da Hashtag;453
11982273842;Sem nome;Pessoal;!019 Inteligência Artificial - Fred da Hashtag;454
8188386998;Sem nome;Pessoal;!019 Inteligência Artificial - Fred da Hashtag;455
8688963747;Sem nome;Pessoal;!019 Inteligência Artificial - Fred da Hashtag;456
8281639141;Sem nome;Pessoal;!019 Inteligência Artificial - Fred da Hashtag;457
7191465482;Sem nome;Pessoal;!019 Inteligência Artificial - Fred da Hashtag;458
9884666262;Sem nome;Pessoal;!019 Inteligência Artificial - Fred da Hashtag;459
22992072228;Sem nome;Pessoal;!019 Inteligência Artificial - Fred da Hashtag;460
8584268818;Sem nome;Pessoal;!019 Inteligência Artificial - Fred da Hashtag;461
13988044599;Sem nome;Pessoal;!019 Inteligência Artificial - Fred da Hashtag;462
9198332123;Sem nome;Pessoal;!019 Inteligência Artificial - Fred da Hashtag;463
5499145265;Sem nome;Pessoal;!019 Inteligência Artificial - Fred da Hashtag;464
3186006682;Sem nome;Pessoal;!019 Inteligência Artificial - Fred da Hashtag;465
21993324685;Sem nome;Pessoal;!019 Inteligência Artificial - Fred da Hashtag;466
7998742290;Sem nome;Pessoal;!019 Inteligência Artificial - Fred da Hashtag;467
21982814886;Sem nome;Pessoal;!019 Inteligência Artificial - Fred da Hashtag;468
5196111981;Sem nome;Pessoal;!019 Inteligência Artificial - Fred da Hashtag;469
22988033879;Sem nome;Pessoal;!019 Inteligência Artificial - Fred da Hashtag;470
4196244033;Sem nome;Pessoal;!019 Inteligência Artificial - Fred da Hashtag;471
8599882576;Sem nome;Pessoal;!019 Inteligência Artificial - Fred da Hashtag;472
3187171775;Sem nome;Pessoal;!019 Inteligência Artificial - Fred da Hashtag;473
8197912993;Sem nome;Pessoal;!019 Inteligência Artificial - Fred da Hashtag;474
11947919449;Sem nome;Pessoal;!019 Inteligência Artificial - Fred da Hashtag;475
12997785978;Sem nome;Pessoal;!019 Inteligência Artificial - Fred da Hashtag;476
11976912981;Sem nome;Pessoal;!019 Inteligência Artificial - Fred da Hashtag;477
11993427225;Sem nome;Pessoal;!019 Inteligência Artificial - Fred da Hashtag;478
8899542679;Sem nome;Pessoal;!019 Inteligência Artificial - Fred da Hashtag;479
7597025553;Sem nome;Pessoal;!019 Inteligência Artificial - Fred da Hashtag;480
11932177504;Sem nome;Pessoal;!019 Inteligência Artificial - Fred da Hashtag;481
8585279527;Sem nome;Pessoal;!019 Inteligência Artificial - Fred da Hashtag;482
19997385036;Sem nome;Pessoal;!019 Inteligência Artificial - Fred da Hashtag;483
18981547342;Sem nome;Pessoal;!019 Inteligência Artificial - Fred da Hashtag;484
3598229520;Sem nome;Pessoal;!019 Inteligência Artificial - Fred da Hashtag;485
27981488466;Sem nome;Pessoal;!019 Inteligência Artificial - Fred da Hashtag;486
7488081113;Sem nome;Pessoal;!019 Inteligência Artificial - Fred da Hashtag;487
3192061029;Sem nome;Pessoal;!019 Inteligência Artificial - Fred da Hashtag;488
22988251559;Sem nome;Pessoal;!019 Inteligência Artificial - Fred da Hashtag;489
8897857478;Sem nome;Pessoal;!019 Inteligência Artificial - Fred da Hashtag;490
11987579194;Sem nome;Pessoal;!019 Inteligência Artificial - Fred da Hashtag;491
19983496206;Sem nome;Pessoal;!019 Inteligência Artificial - Fred da Hashtag;492
4398584734;Sem nome;Pessoal;!019 Inteligência Artificial - Fred da Hashtag;493
21991293539;Sem nome;Pessoal;!019 Inteligência Artificial - Fred da Hashtag;494
9181929897;Sem nome;Pessoal;!019 Inteligência Artificial - Fred da Hashtag;495
8488409820;Sem nome;Pessoal;!019 Inteligência Artificial - Fred da Hashtag;496
7188202983;Sem nome;Pessoal;!019 Inteligência Artificial - Fred da Hashtag;497
11957800742;Sem nome;Pessoal;!019 Inteligência Artificial - Fred da Hashtag;498
14981886405;Sem nome;Pessoal;!019 Inteligência Artificial - Fred da Hashtag;499
8399712116;Sem nome;Pessoal;!019 Inteligência Artificial - Fred da Hashtag;500
4899606483;Sem nome;Pessoal;!019 Inteligência Artificial - Fred da Hashtag;501
11972497742;Sem nome;Pessoal;!019 Inteligência Artificial - Fred da Hashtag;502
5184138951;Sem nome;Pessoal;!019 Inteligência Artificial - Fred da Hashtag;503
19995098181;Sem nome;Pessoal;!019 Inteligência Artificial - Fred da Hashtag;504
8581506375;Sem nome;Pessoal;!019 Inteligência Artificial - Fred da Hashtag;505
19995943343;Sem nome;Pessoal;!019 Inteligência Artificial - Fred da Hashtag;506
11994976701;Sem nome;Pessoal;!019 Inteligência Artificial - Fred da Hashtag;507
14991330841;Sem nome;Pessoal;!019 Inteligência Artificial - Fred da Hashtag;508
21975731780;Sem nome;Pessoal;!019 Inteligência Artificial - Fred da Hashtag;509
6792932280;Sem nome;Pessoal;!019 Inteligência Artificial - Fred da Hashtag;510
27998911845;Sem nome;Pessoal;!019 Inteligência Artificial - Fred da Hashtag;511
3191362013;Sem nome;Pessoal;!019 Inteligência Artificial - Fred da Hashtag;512
14998932457;Sem nome;Pessoal;!019 Inteligência Artificial - Fred da Hashtag;513
9888333389;Sem nome;Pessoal;!019 Inteligência Artificial - Fred da Hashtag;514
19995245234;Sem nome;Pessoal;!019 Inteligência Artificial - Fred da Hashtag;515
19987149563;Sem nome;Pessoal;!019 Inteligência Artificial - Fred da Hashtag;516
3191797480;Sem nome;Pessoal;!019 Inteligência Artificial - Fred da Hashtag;517
11986026089;Sem nome;Pessoal;!019 Inteligência Artificial - Fred da Hashtag;518
6791825914;Sem nome;Pessoal;!019 Inteligência Artificial - Fred da Hashtag;519
8196005115;Sem nome;Pessoal;!019 Inteligência Artificial - Fred da Hashtag;520
11964493870;Sem nome;Pessoal;!019 Inteligência Artificial - Fred da Hashtag;521
11986019845;Sem nome;Pessoal;!019 Inteligência Artificial - Fred da Hashtag;522
8396301460;Sem nome;Pessoal;!019 Inteligência Artificial - Fred da Hashtag;523
11993718299;Sem nome;Pessoal;!019 Inteligência Artificial - Fred da Hashtag;524
21966111890;Sem nome;Pessoal;!019 Inteligência Artificial - Fred da Hashtag;525
9881661645;Sem nome;Pessoal;!019 Inteligência Artificial - Fred da Hashtag;526
6798459303;Sem nome;Pessoal;!019 Inteligência Artificial - Fred da Hashtag;527
17982229707;Sem nome;Pessoal;!019 Inteligência Artificial - Fred da Hashtag;528
6195571217;Sem nome;Pessoal;!019 Inteligência Artificial - Fred da Hashtag;529
11998642148;Sem nome;Pessoal;!019 Inteligência Artificial - Fred da Hashtag;530
16974013132;Sem nome;Pessoal;!019 Inteligência Artificial - Fred da Hashtag;531
9492879514;Sem nome;Pessoal;!019 Inteligência Artificial - Fred da Hashtag;532
9991229239;Sem nome;Pessoal;!019 Inteligência Artificial - Fred da Hashtag;533
4999309856;Sem nome;Pessoal;!019 Inteligência Artificial - Fred da Hashtag;534
12991210521;Sem nome;Pessoal;!019 Inteligência Artificial - Fred da Hashtag;535
6596057278;Sem nome;Pessoal;!019 Inteligência Artificial - Fred da Hashtag;536
11973527499;Sem nome;Pessoal;!019 Inteligência Artificial - Fred da Hashtag;537
15981115449;Sem nome;Pessoal;!019 Inteligência Artificial - Fred da Hashtag;538
18981198664;Sem nome;Pessoal;!019 Inteligência Artificial - Fred da Hashtag;539
5192814904;Sem nome;Pessoal;!019 Inteligência Artificial - Fred da Hashtag;540
19984512119;Sem nome;Pessoal;!019 Inteligência Artificial - Fred da Hashtag;541
21985881596;Sem nome;Pessoal;!019 Inteligência Artificial - Fred da Hashtag;542
8486340380;Sem nome;Pessoal;!019 Inteligência Artificial - Fred da Hashtag;543
8299101807;Sem nome;Pessoal;!019 Inteligência Artificial - Fred da Hashtag;544
3189837475;Sem nome;Pessoal;!019 Inteligência Artificial - Fred da Hashtag;545
11979513843;Sem nome;Pessoal;!019 Inteligência Artificial - Fred da Hashtag;546
9889203759;Sem nome;Pessoal;!132 Power BI - Alon da Hashtag;547
7186630173;Sem nome;Pessoal;!132 Power BI - Alon da Hashtag;548
11985788123;Sem nome;Pessoal;!132 Power BI - Alon da Hashtag;549
13991413424;Sem nome;Pessoal;!132 Power BI - Alon da Hashtag;550
11952922521;Sem nome;Pessoal;!132 Power BI - Alon da Hashtag;551
17997929388;Sem nome;Pessoal;!132 Power BI - Alon da Hashtag;552
11940379247;Sem nome;Pessoal;!132 Power BI - Alon da Hashtag;553
11960774405;Sem nome;Pessoal;!132 Power BI - Alon da Hashtag;554
21973671237;Sem nome;Pessoal;!132 Power BI - Alon da Hashtag;555
8893294020;Sem nome;Pessoal;!132 Power BI - Alon da Hashtag;556
27998735620;Sem nome;Pessoal;!132 Power BI - Alon da Hashtag;557
21970086530;Sem nome;Pessoal;!132 Power BI - Alon da Hashtag;558
6296517420;Sem nome;Pessoal;!132 Power BI - Alon da Hashtag;559
6284580884;Sem nome;Pessoal;!132 Power BI - Alon da Hashtag;560
21980827511;Sem nome;Pessoal;!132 Power BI - Alon da Hashtag;561
7188731058;Sem nome;Pessoal;!132 Power BI - Alon da Hashtag;562
21980075797;Sem nome;Pessoal;!132 Power BI - Alon da Hashtag;563
3491774627;Sem nome;Pessoal;!132 Power BI - Alon da Hashtag;564
21974998984;Sem nome;Pessoal;!132 Power BI - Alon da Hashtag;565
4399226076;Sem nome;Pessoal;!132 Power BI - Alon da Hashtag;566
21964225393;Sem nome;Pessoal;!132 Power BI - Alon da Hashtag;567
21964788533;Sem nome;Pessoal;!132 Power BI - Alon da Hashtag;568
6799714987;Sem nome;Pessoal;!132 Power BI - Alon da Hashtag;569
8488167832;Sem nome;Pessoal;!132 Power BI - Alon da Hashtag;570
19986071058;Sem nome;Pessoal;!132 Power BI - Alon da Hashtag;571
8496367575;Sem nome;Pessoal;!132 Power BI - Alon da Hashtag;572
3496622836;Sem nome;Pessoal;!132 Power BI - Alon da Hashtag;573
21984127017;Sem nome;Pessoal;!132 Power BI - Alon da Hashtag;574
24999395633;Sem nome;Pessoal;!132 Power BI - Alon da Hashtag;575
8182212342;Sem nome;Pessoal;!132 Power BI - Alon da Hashtag;576
11992106911;Sem nome;Pessoal;!132 Power BI - Alon da Hashtag;577
11956580264;Sem nome;Pessoal;!132 Power BI - Alon da Hashtag;578
11952854864;Sem nome;Pessoal;!132 Power BI - Alon da Hashtag;579
9183809016;Sem nome;Pessoal;!132 Power BI - Alon da Hashtag;580
11959698152;Sem nome;Pessoal;!132 Power BI - Alon da Hashtag;581
11978023005;Sem nome;Pessoal;!132 Power BI - Alon da Hashtag;582
9187080300;Sem nome;Pessoal;!132 Power BI - Alon da Hashtag;583
11996699518;Sem nome;Pessoal;!132 Power BI - Alon da Hashtag;584
21972420661;Sem nome;Pessoal;!132 Power BI - Alon da Hashtag;585
6295030688;Sem nome;Pessoal;!132 Power BI - Alon da Hashtag;586
11974530922;Sem nome;Pessoal;!132 Power BI - Alon da Hashtag;587
11983896806;Sem nome;Pessoal;!132 Power BI - Alon da Hashtag;588
4491239829;Sem nome;Pessoal;!132 Power BI - Alon da Hashtag;589
16992567994;Sem nome;Pessoal;!132 Power BI - Alon da Hashtag;590
6282440939;Sem nome;Pessoal;!132 Power BI - Alon da Hashtag;591
18997552024;Sem nome;Pessoal;!132 Power BI - Alon da Hashtag;592
16992520000;Sem nome;Pessoal;!132 Power BI - Alon da Hashtag;593
21992320537;Sem nome;Pessoal;!132 Power BI - Alon da Hashtag;594
11970528442;Sem nome;Pessoal;!132 Power BI - Alon da Hashtag;595
21999997739;Sem nome;Pessoal;!132 Power BI - Alon da Hashtag;596
9887342517;Sem nome;Pessoal;!132 Power BI - Alon da Hashtag;597
16993924487;Sem nome;Pessoal;!132 Power BI - Alon da Hashtag;598
19995323450;Sem nome;Pessoal;!132 Power BI - Alon da Hashtag;599
3182189292;Sem nome;Pessoal;!132 Power BI - Alon da Hashtag;600
12991722269;Sem nome;Pessoal;!132 Power BI - Alon da Hashtag;601
16997286714;Sem nome;Pessoal;!132 Power BI - Alon da Hashtag;602
21997483268;Sem nome;Pessoal;!132 Power BI - Alon da Hashtag;603
3171800568;Sem nome;Pessoal;!132 Power BI - Alon da Hashtag;604
5184195879;Sem nome;Pessoal;!132 Power BI - Alon da Hashtag;605
12981157613;Sem nome;Pessoal;!132 Power BI - Alon da Hashtag;606
4699864183;Sem nome;Pessoal;!132 Power BI - Alon da Hashtag;607
8496642714;Sem nome;Pessoal;!132 Power BI - Alon da Hashtag;608
6593576644;Sem nome;Pessoal;!132 Power BI - Alon da Hashtag;609
7381778847;Sem nome;Pessoal;!132 Power BI - Alon da Hashtag;610
11950545331;Sem nome;Pessoal;!132 Power BI - Alon da Hashtag;611
11945190948;Sem nome;Pessoal;!132 Power BI - Alon da Hashtag;612
8896720754;Sem nome;Pessoal;!132 Power BI - Alon da Hashtag;613
7192629683;Sem nome;Pessoal;!132 Power BI - Alon da Hashtag;614
9198314047;Sem nome;Pessoal;!132 Power BI - Alon da Hashtag;615
8591367588;Sem nome;Pessoal;!132 Power BI - Alon da Hashtag;616
11977159041;Sem nome;Pessoal;!132 Power BI - Alon da Hashtag;617
21987475206;Sem nome;Pessoal;!132 Power BI - Alon da Hashtag;618
6792068626;Sem nome;Pessoal;!132 Power BI - Alon da Hashtag;619
4884285206;Sem nome;Pessoal;!132 Power BI - Alon da Hashtag;620
11971348728;Sem nome;Pessoal;!132 Power BI - Alon da Hashtag;621
4197375695;Sem nome;Pessoal;!132 Power BI - Alon da Hashtag;622
4991650188;Sem nome;Pessoal;!132 Power BI - Alon da Hashtag;623
8597392069;Sem nome;Pessoal;!132 Power BI - Alon da Hashtag;624
21976520282;Sem nome;Pessoal;!132 Power BI - Alon da Hashtag;625
27997945723;Sem nome;Pessoal;!132 Power BI - Alon da Hashtag;626
11988295781;Sem nome;Pessoal;!132 Power BI - Alon da Hashtag;627
7188348222;Sem nome;Pessoal;!132 Power BI - Alon da Hashtag;628
3599083480;Sem nome;Pessoal;!132 Power BI - Alon da Hashtag;629
11968614237;Sem nome;Pessoal;!132 Power BI - Alon da Hashtag;630
3185382067;Sem nome;Pessoal;!132 Power BI - Alon da Hashtag;631
21983696246;Sem nome;Pessoal;!132 Power BI - Alon da Hashtag;632
11984478884;Sem nome;Pessoal;!132 Power BI - Alon da Hashtag;633
8198327494;Sem nome;Pessoal;!132 Power BI - Alon da Hashtag;634
8788740358;Sem nome;Pessoal;!132 Power BI - Alon da Hashtag;635
21967067431;Sem nome;Pessoal;!132 Power BI - Alon da Hashtag;636
11981330229;Sem nome;Pessoal;!132 Power BI - Alon da Hashtag;637
11945055198;Sem nome;Pessoal;!132 Power BI - Alon da Hashtag;638
3788151101;Sem nome;Pessoal;!132 Power BI - Alon da Hashtag;639
3187942717;Sem nome;Pessoal;!132 Power BI - Alon da Hashtag;640
8591743153;Sem nome;Pessoal;!132 Power BI - Alon da Hashtag;641
5581700811;Sem nome;Pessoal;!132 Power BI - Alon da Hashtag;642
11962795911;Sem nome;Pessoal;!132 Power BI - Alon da Hashtag;643
3491487666;Sem nome;Pessoal;!132 Power BI - Alon da Hashtag;644
8585217623;Sem nome;Pessoal;!132 Power BI - Alon da Hashtag;645
12974013254;Sem nome;Pessoal;!132 Power BI - Alon da Hashtag;646
21984399424;Sem nome;Pessoal;!132 Power BI - Alon da Hashtag;647
27981111539;Sem nome;Pessoal;!132 Power BI - Alon da Hashtag;648
21971134499;Sem nome;Pessoal;!132 Power BI - Alon da Hashtag;649
11954693480;Sem nome;Pessoal;!132 Power BI - Alon da Hashtag;650
21998998910;Sem nome;Pessoal;!132 Power BI - Alon da Hashtag;651
11957261517;Sem nome;Pessoal;!132 Power BI - Alon da Hashtag;652
16996004682;Sem nome;Pessoal;!132 Power BI - Alon da Hashtag;653
11968993106;Sem nome;Pessoal;!132 Power BI - Alon da Hashtag;654
19996055108;Sem nome;Pessoal;!132 Power BI - Alon da Hashtag;655
11983356314;Sem nome;Pessoal;!132 Power BI - Alon da Hashtag;656
19992535111;Sem nome;Pessoal;!132 Power BI - Alon da Hashtag;657
6191560018;Sem nome;Pessoal;!132 Power BI - Alon da Hashtag;658
11967115471;Sem nome;Pessoal;!132 Power BI - Alon da Hashtag;659
11958071732;Sem nome;Pessoal;!132 Power BI - Alon da Hashtag;660
21981127813;Sem nome;Pessoal;!132 Power BI - Alon da Hashtag;661
19988040758;Sem nome;Pessoal;!132 Power BI - Alon da Hashtag;662
11941426423;Sem nome;Pessoal;!132 Power BI - Alon da Hashtag;663
8897330637;Sem nome;Pessoal;!132 Power BI - Alon da Hashtag;664
8596618989;Sem nome;Pessoal;!132 Power BI - Alon da Hashtag;665
7187576848;Sem nome;Pessoal;!132 Power BI - Alon da Hashtag;666
19981630580;Sem nome;Pessoal;!132 Power BI - Alon da Hashtag;667
19981464988;Sem nome;Pessoal;!132 Power BI - Alon da Hashtag;668
11969079149;Sem nome;Pessoal;!132 Power BI - Alon da Hashtag;669
16997570111;Sem nome;Pessoal;!132 Power BI - Alon da Hashtag;670
11993740322;Sem nome;Pessoal;!132 Power BI - Alon da Hashtag;671
7181152378;Sem nome;Pessoal;!132 Power BI - Alon da Hashtag;672
7192577050;Sem nome;Pessoal;!132 Power BI - Alon da Hashtag;673
9870109395;Sem nome;Pessoal;!132 Power BI - Alon da Hashtag;674
8481578598;Sem nome;Pessoal;!132 Power BI - Alon da Hashtag;675
11983241747;Sem nome;Pessoal;!132 Power BI - Alon da Hashtag;676
11964249994;Sem nome;Pessoal;!132 Power BI - Alon da Hashtag;677
8499082963;Sem nome;Pessoal;!132 Power BI - Alon da Hashtag;678
11985858184;Sem nome;Pessoal;!132 Power BI - Alon da Hashtag;679
3599061758;Sem nome;Pessoal;!132 Power BI - Alon da Hashtag;680
5399523930;Sem nome;Pessoal;!132 Power BI - Alon da Hashtag;681
11987499350;Sem nome;Pessoal;!132 Power BI - Alon da Hashtag;682
8486227592;Sem nome;Pessoal;!132 Power BI - Alon da Hashtag;683
8391006110;Sem nome;Pessoal;!132 Power BI - Alon da Hashtag;684
11960728850;Sem nome;Pessoal;!132 Power BI - Alon da Hashtag;685
6292557100;Sem nome;Pessoal;!132 Power BI - Alon da Hashtag;686
13997019099;Sem nome;Pessoal;!132 Power BI - Alon da Hashtag;687
4192887459;Sem nome;Pessoal;!132 Power BI - Alon da Hashtag;688
7592587614;Sem nome;Pessoal;!132 Power BI - Alon da Hashtag;689
4796939828;Sem nome;Pessoal;!132 Power BI - Alon da Hashtag;690
21988404881;Sem nome;Pessoal;!132 Power BI - Alon da Hashtag;691
11968229982;Sem nome;Pessoal;!132 Power BI - Alon da Hashtag;692
9984181921;Sem nome;Pessoal;!132 Power BI - Alon da Hashtag;693
6295640404;Sem nome;Pessoal;!132 Power BI - Alon da Hashtag;694
9491132246;Sem nome;Pessoal;!132 Power BI - Alon da Hashtag;695
6293360208;Sem nome;Pessoal;!132 Power BI - Alon da Hashtag;696
11949287276;Sem nome;Pessoal;!132 Power BI - Alon da Hashtag;697
8195406048;Sem nome;Pessoal;!132 Power BI - Alon da Hashtag;698
5496897477;Sem nome;Pessoal;!132 Power BI - Alon da Hashtag;699
9481205573;Sem nome;Pessoal;!132 Power BI - Alon da Hashtag;700
11986771156;Sem nome;Pessoal;!132 Power BI - Alon da Hashtag;701
8199264669;Sem nome;Pessoal;!132 Power BI - Alon da Hashtag;702
21994867696;Sem nome;Pessoal;!132 Power BI - Alon da Hashtag;703
9492726881;Sem nome;Pessoal;!132 Power BI - Alon da Hashtag;704
24999075483;Sem nome;Pessoal;!132 Power BI - Alon da Hashtag;705
19997442459;Sem nome;Pessoal;!158 Power BI - Alon da Hashtag;706
21991051995;Sem nome;Pessoal;!158 Power BI - Alon da Hashtag;707
11961097707;Sem nome;Pessoal;!158 Power BI - Alon da Hashtag;708
11947275031;Sem nome;Pessoal;!158 Power BI - Alon da Hashtag;709
11958492270;Sem nome;Pessoal;!158 Power BI - Alon da Hashtag;710
11992292752;Sem nome;Pessoal;!158 Power BI - Alon da Hashtag;711
21981104811;Sem nome;Pessoal;!158 Power BI - Alon da Hashtag;712
21986869992;Sem nome;Pessoal;!158 Power BI - Alon da Hashtag;713
5497078551;Sem nome;Pessoal;!158 Power BI - Alon da Hashtag;714
24992094151;Sem nome;Pessoal;!158 Power BI - Alon da Hashtag;715
19992012328;Sem nome;Pessoal;!158 Power BI - Alon da Hashtag;716
3175215521;Sem nome;Pessoal;!158 Power BI - Alon da Hashtag;717
17997675077;Sem nome;Pessoal;!158 Power BI - Alon da Hashtag;718
19989179935;Sem nome;Pessoal;!158 Power BI - Alon da Hashtag;719
11981744267;Sem nome;Pessoal;!158 Power BI - Alon da Hashtag;720
4896095809;Sem nome;Pessoal;!158 Power BI - Alon da Hashtag;721
11988440189;Sem nome;Pessoal;!158 Power BI - Alon da Hashtag;722
11948645511;Sem nome;Pessoal;!158 Power BI - Alon da Hashtag;723
11963554480;Sem nome;Pessoal;!158 Power BI - Alon da Hashtag;724
7188731058;Sem nome;Pessoal;!158 Power BI - Alon da Hashtag;725
11914462639;Sem nome;Pessoal;!158 Power BI - Alon da Hashtag;726
4796438555;Sem nome;Pessoal;!158 Power BI - Alon da Hashtag;727
21990456480;Sem nome;Pessoal;!158 Power BI - Alon da Hashtag;728
3192028586;Sem nome;Pessoal;!158 Power BI - Alon da Hashtag;729
3192913882;Sem nome;Pessoal;!158 Power BI - Alon da Hashtag;730
8388169422;Sem nome;Pessoal;!158 Power BI - Alon da Hashtag;731
15998375114;Sem nome;Pessoal;!158 Power BI - Alon da Hashtag;732
5192198666;Sem nome;Pessoal;!158 Power BI - Alon da Hashtag;733
28999740907;Sem nome;Pessoal;!158 Power BI - Alon da Hashtag;734
8694216082;Sem nome;Pessoal;!158 Power BI - Alon da Hashtag;735
11910511652;Sem nome;Pessoal;!158 Power BI - Alon da Hashtag;736
15997438803;Sem nome;Pessoal;!158 Power BI - Alon da Hashtag;737
5199102075;Sem nome;Pessoal;!158 Power BI - Alon da Hashtag;738
12982008513;Sem nome;Pessoal;!158 Power BI - Alon da Hashtag;739
11981158020;Sem nome;Pessoal;!158 Power BI - Alon da Hashtag;740
3182059819;Sem nome;Pessoal;!158 Power BI - Alon da Hashtag;741
5181710122;Sem nome;Pessoal;!158 Power BI - Alon da Hashtag;742
18997516011;Sem nome;Pessoal;!158 Power BI - Alon da Hashtag;743
11986046147;Sem nome;Pessoal;!158 Power BI - Alon da Hashtag;744
3192931010;Sem nome;Pessoal;!158 Power BI - Alon da Hashtag;745
9896146803;Sem nome;Pessoal;!158 Power BI - Alon da Hashtag;746
11996852204;Sem nome;Pessoal;!158 Power BI - Alon da Hashtag;747
11984637362;Sem nome;Pessoal;!158 Power BI - Alon da Hashtag;748
8291028210;Sem nome;Pessoal;!158 Power BI - Alon da Hashtag;749
4196842425;Sem nome;Pessoal;!158 Power BI - Alon da Hashtag;750
21968669261;Sem nome;Pessoal;!158 Power BI - Alon da Hashtag;751
11981762196;Sem nome;Pessoal;!158 Power BI - Alon da Hashtag;752
11981390086;Sem nome;Pessoal;!158 Power BI - Alon da Hashtag;753
4588018040;Sem nome;Pessoal;!158 Power BI - Alon da Hashtag;754
13988830968;Sem nome;Pessoal;!158 Power BI - Alon da Hashtag;755
11979998939;Sem nome;Pessoal;!158 Power BI - Alon da Hashtag;756
5197725335;Sem nome;Pessoal;!158 Power BI - Alon da Hashtag;757
6699772519;Sem nome;Pessoal;!158 Power BI - Alon da Hashtag;758
8391270489;Sem nome;Pessoal;!158 Power BI - Alon da Hashtag;759
3184176574;Sem nome;Pessoal;!158 Power BI - Alon da Hashtag;760
16992040451;Sem nome;Pessoal;!158 Power BI - Alon da Hashtag;761
8191111155;Sem nome;Pessoal;!158 Power BI - Alon da Hashtag;762
12982910145;Sem nome;Pessoal;!158 Power BI - Alon da Hashtag;763
19984110002;Sem nome;Pessoal;!158 Power BI - Alon da Hashtag;764
11965889848;Sem nome;Pessoal;!158 Power BI - Alon da Hashtag;765
4196497603;Sem nome;Pessoal;!158 Power BI - Alon da Hashtag;766
8496085415;Sem nome;Pessoal;!158 Power BI - Alon da Hashtag;767
8994087798;Sem nome;Pessoal;!158 Power BI - Alon da Hashtag;768
11994189005;Sem nome;Pessoal;!158 Power BI - Alon da Hashtag;769
4791506345;Sem nome;Pessoal;!158 Power BI - Alon da Hashtag;770
6392908726;Sem nome;Pessoal;!158 Power BI - Alon da Hashtag;771
11999760007;Sem nome;Pessoal;!158 Power BI - Alon da Hashtag;772
6299278821;Sem nome;Pessoal;!158 Power BI - Alon da Hashtag;773
3197460388;Sem nome;Pessoal;!158 Power BI - Alon da Hashtag;774
6293038632;Sem nome;Pessoal;!158 Power BI - Alon da Hashtag;775
21986543266;Sem nome;Pessoal;!158 Power BI - Alon da Hashtag;776
3898282642;Sem nome;Pessoal;!158 Power BI - Alon da Hashtag;777
11999370409;Sem nome;Pessoal;!158 Power BI - Alon da Hashtag;778
7188859809;Sem nome;Pessoal;!158 Power BI - Alon da Hashtag;779
8799734981;Sem nome;Pessoal;!158 Power BI - Alon da Hashtag;780
9182278769;Sem nome;Pessoal;!158 Power BI - Alon da Hashtag;781
7799111551;Sem nome;Pessoal;!158 Power BI - Alon da Hashtag;782
3288741401;Sem nome;Pessoal;!158 Power BI - Alon da Hashtag;783
11974654978;Sem nome;Pessoal;!158 Power BI - Alon da Hashtag;784
24992726916;Sem nome;Pessoal;!158 Power BI - Alon da Hashtag;785
6296865990;Sem nome;Pessoal;!158 Power BI - Alon da Hashtag;786
3192080846;Sem nome;Pessoal;!158 Power BI - Alon da Hashtag;787
4191623917;Sem nome;Pessoal;!158 Power BI - Alon da Hashtag;788
9882835247;Sem nome;Pessoal;!158 Power BI - Alon da Hashtag;789
9887873003;Sem nome;Pessoal;!158 Power BI - Alon da Hashtag;790
6584061744;Sem nome;Pessoal;!158 Power BI - Alon da Hashtag;791
27998574137;Sem nome;Pessoal;!158 Power BI - Alon da Hashtag;792
11977959040;Sem nome;Pessoal;!158 Power BI - Alon da Hashtag;793
9882549055;Sem nome;Pessoal;!158 Power BI - Alon da Hashtag;794
9291901584;Sem nome;Pessoal;!158 Power BI - Alon da Hashtag;795
28999887425;Sem nome;Pessoal;!158 Power BI - Alon da Hashtag;796
3192936290;Sem nome;Pessoal;!158 Power BI - Alon da Hashtag;797
11982627279;Sem nome;Pessoal;!158 Power BI - Alon da Hashtag;798
8189943999;Sem nome;Pessoal;!158 Power BI - Alon da Hashtag;799
8594042000;Sem nome;Pessoal;!158 Power BI - Alon da Hashtag;800
21972093045;Sem nome;Pessoal;!158 Power BI - Alon da Hashtag;801
9481251516;Sem nome;Pessoal;!158 Power BI - Alon da Hashtag;802
13991115746;Sem nome;Pessoal;!158 Power BI - Alon da Hashtag;803
11948927594;Sem nome;Pessoal;!158 Power BI - Alon da Hashtag;804
5198685503;Sem nome;Pessoal;!158 Power BI - Alon da Hashtag;805
11945270829;Sem nome;Pessoal;!158 Power BI - Alon da Hashtag;806
13997484513;Sem nome;Pessoal;!158 Power BI - Alon da Hashtag;807
3186056898;Sem nome;Pessoal;!158 Power BI - Alon da Hashtag;808
3288458100;Sem nome;Pessoal;!158 Power BI - Alon da Hashtag;809
14988049414;Sem nome;Pessoal;!158 Power BI - Alon da Hashtag;810
4891331621;Sem nome;Pessoal;!158 Power BI - Alon da Hashtag;811
11930236263;Sem nome;Pessoal;!158 Power BI - Alon da Hashtag;812
8481313301;Sem nome;Pessoal;!158 Power BI - Alon da Hashtag;813
11964824102;Sem nome;Pessoal;!158 Power BI - Alon da Hashtag;814
4991283406;Sem nome;Pessoal;!158 Power BI - Alon da Hashtag;815
17997888159;Sem nome;Pessoal;!158 Power BI - Alon da Hashtag;816
16988691400;Sem nome;Pessoal;!158 Power BI - Alon da Hashtag;817
11982090419;Sem nome;Pessoal;!158 Power BI - Alon da Hashtag;818
21988333807;Sem nome;Pessoal;!158 Power BI - Alon da Hashtag;819
8599606503;Sem nome;Pessoal;!158 Power BI - Alon da Hashtag;820
8398471650;Sem nome;Pessoal;!158 Power BI - Alon da Hashtag;821
11995867769;Sem nome;Pessoal;!158 Power BI - Alon da Hashtag;822
8398962656;Sem nome;Pessoal;!158 Power BI - Alon da Hashtag;823
11973417027;Sem nome;Pessoal;!158 Power BI - Alon da Hashtag;824
8491083393;Sem nome;Pessoal;!158 Power BI - Alon da Hashtag;825
11973288252;Sem nome;Pessoal;!158 Power BI - Alon da Hashtag;826
9199770917;Sem nome;Pessoal;!158 Power BI - Alon da Hashtag;827
7188079388;Sem nome;Pessoal;!158 Power BI - Alon da Hashtag;828
6799409030;Sem nome;Pessoal;!158 Power BI - Alon da Hashtag;829
5190142237;Sem nome;Pessoal;!158 Power BI - Alon da Hashtag;830
8994091060;Sem nome;Pessoal;!158 Power BI - Alon da Hashtag;831
5181560852;Sem nome;Pessoal;!158 Power BI - Alon da Hashtag;832
8487261570;Sem nome;Pessoal;!158 Power BI - Alon da Hashtag;833
3189336628;Sem nome;Pessoal;!158 Power BI - Alon da Hashtag;834
5199255494;Sem nome;Pessoal;!158 Power BI - Alon da Hashtag;835
8197979681;Sem nome;Pessoal;!158 Power BI - Alon da Hashtag;836
3587137280;Sem nome;Pessoal;!158 Power BI - Alon da Hashtag;837
11961558427;Sem nome;Pessoal;!158 Power BI - Alon da Hashtag;838
4998265696;Sem nome;Pessoal;!158 Power BI - Alon da Hashtag;839
9491632630;Sem nome;Pessoal;!158 Power BI - Alon da Hashtag;840
5184851544;Sem nome;Pessoal;!158 Power BI - Alon da Hashtag;841
21999622601;Sem nome;Pessoal;!158 Power BI - Alon da Hashtag;842
11985896538;Sem nome;Pessoal;!158 Power BI - Alon da Hashtag;843
8599299498;Sem nome;Pessoal;!158 Power BI - Alon da Hashtag;844
6392498945;Sem nome;Pessoal;!158 Power BI - Alon da Hashtag;845
11995785812;Sem nome;Pessoal;!158 Power BI - Alon da Hashtag;846
19994152251;Sem nome;Pessoal;!158 Power BI - Alon da Hashtag;847
3175413163;Sem nome;Pessoal;!158 Power BI - Alon da Hashtag;848
11976037768;Sem nome;Pessoal;!158 Power BI - Alon da Hashtag;849
11980286568;Sem nome;Pessoal;!158 Power BI - Alon da Hashtag;850
11986208169;Sem nome;Pessoal;!158 Power BI - Alon da Hashtag;851
27997053672;Sem nome;Pessoal;!158 Power BI - Alon da Hashtag;852
4191966237;Sem nome;Pessoal;!158 Power BI - Alon da Hashtag;853
6196393355;Sem nome;Pessoal;!158 Power BI - Alon da Hashtag;854
21979637775;Sem nome;Pessoal;!158 Power BI - Alon da Hashtag;855
17991687169;Sem nome;Pessoal;!158 Power BI - Alon da Hashtag;856
3199937480;Sem nome;Pessoal;!158 Power BI - Alon da Hashtag;857
11998474881;Sem nome;Pessoal;!158 Power BI - Alon da Hashtag;858
11992339409;Sem nome;Pessoal;!158 Power BI - Alon da Hashtag;859
6184286526;Sem nome;Pessoal;!158 Power BI - Alon da Hashtag;860
16988536390;Sem nome;Pessoal;!158 Power BI - Alon da Hashtag;861
8596424275;Sem nome;Pessoal;!158 Power BI - Alon da Hashtag;862
18997838271;Sem nome;Pessoal;!158 Power BI - Alon da Hashtag;863
7191097201;Sem nome;Pessoal;!158 Power BI - Alon da Hashtag;864
19999336950;Sem nome;Pessoal;!158 Power BI - Alon da Hashtag;865
6192986123;Sem nome;Pessoal;!158 Power BI - Alon da Hashtag;866
4789034163;Sem nome;Pessoal;!158 Power BI - Alon da Hashtag;867
11965939824;Sem nome;Pessoal;!158 Power BI - Alon da Hashtag;868
24998460702;Sem nome;Pessoal;!158 Power BI - Alon da Hashtag;869
4197559022;Sem nome;Pessoal;!158 Power BI - Alon da Hashtag;870
5496985073;Sem nome;Pessoal;!158 Power BI - Alon da Hashtag;871
21987029347;Sem nome;Pessoal;!158 Power BI - Alon da Hashtag;872
3193575038;Sem nome;Pessoal;!158 Power BI - Alon da Hashtag;873
11970800911;Sem nome;Pessoal;!158 Power BI - Alon da Hashtag;874
5196319551;Sem nome;Pessoal;!158 Power BI - Alon da Hashtag;875
11940880678;Sem nome;Pessoal;!158 Power BI - Alon da Hashtag;876
3198167318;Sem nome;Pessoal;!158 Power BI - Alon da Hashtag;877
11922961630;Sem nome;Pessoal;!158 Power BI - Alon da Hashtag;878
9184773217;Sem nome;Pessoal;!158 Power BI - Alon da Hashtag;879
8498432670;Sem nome;Pessoal;!158 Power BI - Alon da Hashtag;880
9982231527;Sem nome;Pessoal;!158 Power BI - Alon da Hashtag;881
6984873422;Sem nome;Pessoal;!158 Power BI - Alon da Hashtag;882
6291503055;Sem nome;Pessoal;!158 Power BI - Alon da Hashtag;883
4195751190;Sem nome;Pessoal;!158 Power BI - Alon da Hashtag;884
3784151704;Sem nome;Pessoal;!158 Power BI - Alon da Hashtag;885
11953013368;Sem nome;Pessoal;!158 Power BI - Alon da Hashtag;886
11994954995;Sem nome;Pessoal;!158 Power BI - Alon da Hashtag;887
11966183018;Sem nome;Pessoal;!158 Power BI - Alon da Hashtag;888
27981741516;Sem nome;Pessoal;!158 Power BI - Alon da Hashtag;889
4796760775;Sem nome;Pessoal;!158 Power BI - Alon da Hashtag;890
9192790279;Sem nome;Pessoal;!158 Power BI - Alon da Hashtag;891
8699485407;Sem nome;Pessoal;!158 Power BI - Alon da Hashtag;892
3198195345;Sem nome;Pessoal;!158 Power BI - Alon da Hashtag;893
3193435689;Sem nome;Pessoal;!158 Power BI - Alon da Hashtag;894
6281228948;Sem nome;Pessoal;!158 Power BI - Alon da Hashtag;895
24999620340;Sem nome;Pessoal;!158 Power BI - Alon da Hashtag;896
19992850469;Sem nome;Pessoal;!158 Power BI - Alon da Hashtag;897
19971308410;Sem nome;Pessoal;!158 Power BI - Alon da Hashtag;898
5199467081;Sem nome;Pessoal;!158 Power BI - Alon da Hashtag;899
7193339683;Sem nome;Pessoal;!158 Power BI - Alon da Hashtag;900
4199560011;Sem nome;Pessoal;!158 Power BI - Alon da Hashtag;901
8188612112;Sem nome;Pessoal;!158 Power BI - Alon da Hashtag;902
11986827625;Sem nome;Pessoal;!158 Power BI - Alon da Hashtag;903
11992870172;Sem nome;Pessoal;!158 Power BI - Alon da Hashtag;904
7199644908;Sem nome;Pessoal;!158 Power BI - Alon da Hashtag;905
3186277654;Sem nome;Pessoal;!158 Power BI - Alon da Hashtag;906
8588008022;Sem nome;Pessoal;!158 Power BI - Alon da Hashtag;907
3799815547;Sem nome;Pessoal;!158 Power BI - Alon da Hashtag;908
4388150326;Sem nome;Pessoal;!158 Power BI - Alon da Hashtag;909
8981237976;Sem nome;Pessoal;!158 Power BI - Alon da Hashtag;910
11949223700;Sem nome;Pessoal;!158 Power BI - Alon da Hashtag;911
3888148906;Sem nome;Pessoal;!158 Power BI - Alon da Hashtag;912
6199974138;Sem nome;Pessoal;!158 Power BI - Alon da Hashtag;913
19981832801;Sem nome;Pessoal;!213 Power BI - Alon da Hashtag;914
4198114257;Sem nome;Pessoal;!213 Power BI - Alon da Hashtag;915
8587029765;Sem nome;Pessoal;!213 Power BI - Alon da Hashtag;916
9881496722;Sem nome;Pessoal;!213 Power BI - Alon da Hashtag;917
11976135505;Sem nome;Pessoal;!213 Power BI - Alon da Hashtag;918
11957749224;Sem nome;Pessoal;!213 Power BI - Alon da Hashtag;919
12981919962;Sem nome;Pessoal;!213 Power BI - Alon da Hashtag;920
4184521220;Sem nome;Pessoal;!213 Power BI - Alon da Hashtag;921
7191175353;Sem nome;Pessoal;!213 Power BI - Alon da Hashtag;922
21979812167;Sem nome;Pessoal;!213 Power BI - Alon da Hashtag;923
6796382221;Sem nome;Pessoal;!213 Power BI - Alon da Hashtag;924
8481530816;Sem nome;Pessoal;!213 Power BI - Alon da Hashtag;925
11999920799;Sem nome;Pessoal;!213 Power BI - Alon da Hashtag;926
13996844641;Sem nome;Pessoal;!213 Power BI - Alon da Hashtag;927
9884857295;Sem nome;Pessoal;!213 Power BI - Alon da Hashtag;928
19991270051;Sem nome;Pessoal;!213 Power BI - Alon da Hashtag;929
11969531412;Sem nome;Pessoal;!213 Power BI - Alon da Hashtag;930
6199833816;Sem nome;Pessoal;!213 Power BI - Alon da Hashtag;931
8197940326;Sem nome;Pessoal;!213 Power BI - Alon da Hashtag;932
8494618758;Sem nome;Pessoal;!213 Power BI - Alon da Hashtag;933
28988060019;Sem nome;Pessoal;!213 Power BI - Alon da Hashtag;934
11998319434;Sem nome;Pessoal;!213 Power BI - Alon da Hashtag;935
22997177455;Sem nome;Pessoal;!213 Power BI - Alon da Hashtag;936
11956665279;Sem nome;Pessoal;!213 Power BI - Alon da Hashtag;937
11950855205;Sem nome;Pessoal;!213 Power BI - Alon da Hashtag;938
27995263736;Sem nome;Pessoal;!213 Power BI - Alon da Hashtag;939
18997280411;Sem nome;Pessoal;!213 Power BI - Alon da Hashtag;940
27999250247;Sem nome;Pessoal;!213 Power BI - Alon da Hashtag;941
3193131896;Sem nome;Pessoal;!213 Power BI - Alon da Hashtag;942
11997107752;Sem nome;Pessoal;!213 Power BI - Alon da Hashtag;943
8596155992;Sem nome;Pessoal;!213 Power BI - Alon da Hashtag;944
9288285510;Sem nome;Pessoal;!213 Power BI - Alon da Hashtag;945
8187444493;Sem nome;Pessoal;!213 Power BI - Alon da Hashtag;946
21976722277;Sem nome;Pessoal;!213 Power BI - Alon da Hashtag;947
9984963108;Sem nome;Pessoal;!213 Power BI - Alon da Hashtag;948
9885925807;Sem nome;Pessoal;!213 Power BI - Alon da Hashtag;949
11946007556;Sem nome;Pessoal;!213 Power BI - Alon da Hashtag;950
7188226228;Sem nome;Pessoal;!213 Power BI - Alon da Hashtag;951
8788570843;Sem nome;Pessoal;!213 Power BI - Alon da Hashtag;952
3192278625;Sem nome;Pessoal;!213 Power BI - Alon da Hashtag;953
4192250159;Sem nome;Pessoal;!213 Power BI - Alon da Hashtag;954
11960121581;Sem nome;Pessoal;!213 Power BI - Alon da Hashtag;955
3788003706;Sem nome;Pessoal;!213 Power BI - Alon da Hashtag;956
11986978577;Sem nome;Pessoal;!213 Power BI - Alon da Hashtag;957
21973399693;Sem nome;Pessoal;!213 Power BI - Alon da Hashtag;958
6281381538;Sem nome;Pessoal;!213 Power BI - Alon da Hashtag;959
11947212426;Sem nome;Pessoal;!213 Power BI - Alon da Hashtag;960
6195011765;Sem nome;Pessoal;!213 Power BI - Alon da Hashtag;961
21980571885;Sem nome;Pessoal;!213 Power BI - Alon da Hashtag;962
3798231541;Sem nome;Pessoal;!213 Power BI - Alon da Hashtag;963
8198427133;Sem nome;Pessoal;!213 Power BI - Alon da Hashtag;964
4896321060;Sem nome;Pessoal;!213 Power BI - Alon da Hashtag;965
8499835141;Sem nome;Pessoal;!213 Power BI - Alon da Hashtag;966
9891242809;Sem nome;Pessoal;!213 Power BI - Alon da Hashtag;967
3192087101;Sem nome;Pessoal;!213 Power BI - Alon da Hashtag;968
4484080173;Sem nome;Pessoal;!213 Power BI - Alon da Hashtag;969
11973453387;Sem nome;Pessoal;!213 Power BI - Alon da Hashtag;970
6592414373;Sem nome;Pessoal;!213 Power BI - Alon da Hashtag;971
9193448332;Sem nome;Pessoal;!213 Power BI - Alon da Hashtag;972
19994482255;Sem nome;Pessoal;!213 Power BI - Alon da Hashtag;973
11988067318;Sem nome;Pessoal;!213 Power BI - Alon da Hashtag;974
8396568277;Sem nome;Pessoal;!213 Power BI - Alon da Hashtag;975
4199992173;Sem nome;Pessoal;!213 Power BI - Alon da Hashtag;976
3599215581;Sem nome;Pessoal;!213 Power BI - Alon da Hashtag;977
8183339240;Sem nome;Pessoal;!213 Power BI - Alon da Hashtag;978
8599636487;Sem nome;Pessoal;!213 Power BI - Alon da Hashtag;979
11998082068;Sem nome;Pessoal;!213 Power BI - Alon da Hashtag;980
21996003892;Sem nome;Pessoal;!213 Power BI - Alon da Hashtag;981
17991269607;Sem nome;Pessoal;!213 Power BI - Alon da Hashtag;982
17996247451;Sem nome;Pessoal;!213 Power BI - Alon da Hashtag;983
8388440508;Sem nome;Pessoal;!213 Power BI - Alon da Hashtag;984
8585449394;Sem nome;Pessoal;!213 Power BI - Alon da Hashtag;985
4791545233;Sem nome;Pessoal;!213 Power BI - Alon da Hashtag;986
3187204194;Sem nome;Pessoal;!213 Power BI - Alon da Hashtag;987
3299489121;Sem nome;Pessoal;!213 Power BI - Alon da Hashtag;988
3898901329;Sem nome;Pessoal;!213 Power BI - Alon da Hashtag;989
24999216706;Sem nome;Pessoal;!213 Power BI - Alon da Hashtag;990
11978032649;Sem nome;Pessoal;!213 Power BI - Alon da Hashtag;991
9294383438;Sem nome;Pessoal;!213 Power BI - Alon da Hashtag;992
27996200377;Sem nome;Pessoal;!213 Power BI - Alon da Hashtag;993
8185133740;Sem nome;Pessoal;!213 Power BI - Alon da Hashtag;994
12997651057;Sem nome;Pessoal;!213 Power BI - Alon da Hashtag;995
6291903734;Sem nome;Pessoal;!213 Power BI - Alon da Hashtag;996
3599080900;Sem nome;Pessoal;!213 Power BI - Alon da Hashtag;997
11959718894;Sem nome;Pessoal;!213 Power BI - Alon da Hashtag;998
8196954350;Sem nome;Pessoal;!213 Power BI - Alon da Hashtag;999
22988585226;Sem nome;Pessoal;!213 Power BI - Alon da Hashtag;1000
11970250679;Sem nome;Pessoal;!213 Power BI - Alon da Hashtag;1001
11992662583;Sem nome;Pessoal;!213 Power BI - Alon da Hashtag;1002
11954710952;Sem nome;Pessoal;!213 Power BI - Alon da Hashtag;1003
11996595122;Sem nome;Pessoal;!213 Power BI - Alon da Hashtag;1004
11961932451;Sem nome;Pessoal;!213 Power BI - Alon da Hashtag;1005
7999504961;Sem nome;Pessoal;!213 Power BI - Alon da Hashtag;1006
21993729774;Sem nome;Pessoal;!213 Power BI - Alon da Hashtag;1007
17996442901;Sem nome;Pessoal;!213 Power BI - Alon da Hashtag;1008
8892928875;Sem nome;Pessoal;!213 Power BI - Alon da Hashtag;1009
5384773730;Sem nome;Pessoal;!213 Power BI - Alon da Hashtag;1010
11972582149;Sem nome;Pessoal;!213 Power BI - Alon da Hashtag;1011
21974394742;Sem nome;Pessoal;!213 Power BI - Alon da Hashtag;1012
11995850306;Sem nome;Pessoal;!213 Power BI - Alon da Hashtag;1013
7187963895;Sem nome;Pessoal;!213 Power BI - Alon da Hashtag;1014
9184886146;Sem nome;Pessoal;!213 Power BI - Alon da Hashtag;1015
19992759039;Sem nome;Pessoal;!213 Power BI - Alon da Hashtag;1016
3898552030;Sem nome;Pessoal;!213 Power BI - Alon da Hashtag;1017
6184881569;Sem nome;Pessoal;!213 Power BI - Alon da Hashtag;1018
6384071429;Sem nome;Pessoal;!213 Power BI - Alon da Hashtag;1019
8199129435;Sem nome;Pessoal;!213 Power BI - Alon da Hashtag;1020
19998121568;Sem nome;Pessoal;!213 Power BI - Alon da Hashtag;1021
11971631331;Sem nome;Pessoal;!213 Power BI - Alon da Hashtag;1022
21984567737;Sem nome;Pessoal;!213 Power BI - Alon da Hashtag;1023
11989324412;Sem nome;Pessoal;!213 Power BI - Alon da Hashtag;1024
11961569533;Sem nome;Pessoal;!213 Power BI - Alon da Hashtag;1025
15996105520;Sem nome;Pessoal;!213 Power BI - Alon da Hashtag;1026
15998573033;Sem nome;Pessoal;!213 Power BI - Alon da Hashtag;1027
5186595895;Sem nome;Pessoal;!213 Power BI - Alon da Hashtag;1028
9884534334;Sem nome;Pessoal;!213 Power BI - Alon da Hashtag;1029
27999290579;Sem nome;Pessoal;!213 Power BI - Alon da Hashtag;1030
14998721684;Sem nome;Pessoal;!213 Power BI - Alon da Hashtag;1031
6992263741;Sem nome;Pessoal;!213 Power BI - Alon da Hashtag;1032
8188640109;Sem nome;Pessoal;!213 Power BI - Alon da Hashtag;1033
11999841839;Sem nome;Pessoal;!213 Power BI - Alon da Hashtag;1034
11920506826;Sem nome;Pessoal;!213 Power BI - Alon da Hashtag;1035
11999481887;Sem nome;Pessoal;!213 Power BI - Alon da Hashtag;1036
3173039786;Sem nome;Pessoal;!213 Power BI - Alon da Hashtag;1037
12991118579;Sem nome;Pessoal;!213 Power BI - Alon da Hashtag;1038
8288697996;Sem nome;Pessoal;!213 Power BI - Alon da Hashtag;1039
8496943167;Sem nome;Pessoal;!213 Power BI - Alon da Hashtag;1040
8688380534;Sem nome;Pessoal;!213 Power BI - Alon da Hashtag;1041
4891239910;Sem nome;Pessoal;!213 Power BI - Alon da Hashtag;1042
6193808270;Sem nome;Pessoal;!213 Power BI - Alon da Hashtag;1043
11954894048;Sem nome;Pessoal;!213 Power BI - Alon da Hashtag;1044
12991604977;Sem nome;Pessoal;!213 Power BI - Alon da Hashtag;1045
3171124589;Sem nome;Pessoal;!213 Power BI - Alon da Hashtag;1046
11949053668;Sem nome;Pessoal;!213 Power BI - Alon da Hashtag;1047
8187549829;Sem nome;Pessoal;!213 Power BI - Alon da Hashtag;1048
7981188664;Sem nome;Pessoal;!213 Power BI - Alon da Hashtag;1049
6293168124;Sem nome;Pessoal;!213 Power BI - Alon da Hashtag;1050
11981891783;Sem nome;Pessoal;!213 Power BI - Alon da Hashtag;1051
11945294437;Sem nome;Pessoal;!213 Power BI - Alon da Hashtag;1052
21994930123;Sem nome;Pessoal;!213 Power BI - Alon da Hashtag;1053
8596517323;Sem nome;Pessoal;!213 Power BI - Alon da Hashtag;1054
8179013647;Sem nome;Pessoal;!213 Power BI - Alon da Hashtag;1055
4499166711;Sem nome;Pessoal;!213 Power BI - Alon da Hashtag;1056
8185155021;Sem nome;Pessoal;!213 Power BI - Alon da Hashtag;1057
11977621953;Sem nome;Pessoal;!213 Power BI - Alon da Hashtag;1058
6592346751;Sem nome;Pessoal;!213 Power BI - Alon da Hashtag;1059
9884482550;Sem nome;Pessoal;!213 Power BI - Alon da Hashtag;1060
11999159837;Sem nome;Pessoal;!213 Power BI - Alon da Hashtag;1061
3588826629;Sem nome;Pessoal;!213 Power BI - Alon da Hashtag;1062
18997686286;Sem nome;Pessoal;!213 Power BI - Alon da Hashtag;1063
24992787914;Sem nome;Pessoal;!213 Power BI - Alon da Hashtag;1064
19982087452;Sem nome;Pessoal;!213 Power BI - Alon da Hashtag;1065
3193536938;Sem nome;Pessoal;!213 Power BI - Alon da Hashtag;1066
15991957175;Sem nome;Pessoal;!213 Power BI - Alon da Hashtag;1067
9882682951;Sem nome;Pessoal;!213 Power BI - Alon da Hashtag;1068
8981034944;Sem nome;Pessoal;!213 Power BI - Alon da Hashtag;1069
3197867186;Sem nome;Pessoal;!213 Power BI - Alon da Hashtag;1070
3299772588;Sem nome;Pessoal;!213 Power BI - Alon da Hashtag;1071
9299514122;Sem nome;Pessoal;!213 Power BI - Alon da Hashtag;1072
9293570853;Sem nome;Pessoal;!213 Power BI - Alon da Hashtag;1073
11948837294;Sem nome;Pessoal;!213 Power BI - Alon da Hashtag;1074
7381171395;Sem nome;Pessoal;!213 Power BI - Alon da Hashtag;1075
19991605910;Sem nome;Pessoal;!213 Power BI - Alon da Hashtag;1076
19971431337;Sem nome;Pessoal;!213 Power BI - Alon da Hashtag;1077
3182693903;Sem nome;Pessoal;!213 Power BI - Alon da Hashtag;1078
12988656424;Sem nome;Pessoal;!213 Power BI - Alon da Hashtag;1079
3192372902;Sem nome;Pessoal;!213 Power BI - Alon da Hashtag;1080
8694509838;Sem nome;Pessoal;!213 Power BI - Alon da Hashtag;1081
11968347016;Sem nome;Pessoal;!213 Power BI - Alon da Hashtag;1082
3288102336;Sem nome;Pessoal;!213 Power BI - Alon da Hashtag;1083
21986592669;Sem nome;Pessoal;!213 Power BI - Alon da Hashtag;1084
11981128813;Sem nome;Pessoal;!213 Power BI - Alon da Hashtag;1085
11949574927;Sem nome;Pessoal;!213 Power BI - Alon da Hashtag;1086
11960169714;Sem nome;Pessoal;!213 Power BI - Alon da Hashtag;1087
3197786405;Sem nome;Pessoal;!334 Python - Lira da Hashtag;1088
11995842419;Sem nome;Pessoal;!334 Python - Lira da Hashtag;1089
11999967505;Sem nome;Pessoal;!334 Python - Lira da Hashtag;1090
3196310836;Mansueto Junior;Conta Comercial;!334 Python - Lira da Hashtag;1091
8396753556;Sem nome;Pessoal;!334 Python - Lira da Hashtag;1092
4192395993;Sem nome;Pessoal;!334 Python - Lira da Hashtag;1093
21976379449;Sem nome;Pessoal;!334 Python - Lira da Hashtag;1094
8585669040;Sem nome;Pessoal;!334 Python - Lira da Hashtag;1095
3195120207;Sem nome;Pessoal;!334 Python - Lira da Hashtag;1096
11982828872;Sem nome;Pessoal;!334 Python - Lira da Hashtag;1097
11940158717;Sem nome;Pessoal;!334 Python - Lira da Hashtag;1098
4797204921;Sem nome;Pessoal;!334 Python - Lira da Hashtag;1099
6196667868;Sem nome;Pessoal;!334 Python - Lira da Hashtag;1100
8699121522;Moisés Mota;Conta Comercial;!334 Python - Lira da Hashtag;1101
21969853265;Sem nome;Pessoal;!334 Python - Lira da Hashtag;1102
21999739243;Sem nome;Pessoal;!334 Python - Lira da Hashtag;1103
4192193289;Sem nome;Pessoal;!334 Python - Lira da Hashtag;1104
11987145327;Sem nome;Pessoal;!334 Python - Lira da Hashtag;1105
7192029854;Sem nome;Pessoal;!334 Python - Lira da Hashtag;1106
6492116011;Sem nome;Pessoal;!334 Python - Lira da Hashtag;1107
21983575643;Sem nome;Pessoal;!334 Python - Lira da Hashtag;1108
16991022166;Sem nome;Pessoal;!334 Python - Lira da Hashtag;1109
21923670717;Hashtag Treinamentos;Conta Comercial;!334 Python - Lira da Hashtag;1110
8597667527;Sem nome;Pessoal;!334 Python - Lira da Hashtag;1111
8194844928;Sem nome;Pessoal;!334 Python - Lira da Hashtag;1112
4498120031;Sem nome;Pessoal;!334 Python - Lira da Hashtag;1113
3185347970;Sem nome;Pessoal;!334 Python - Lira da Hashtag;1114
9284036534;Sem nome;Pessoal;!334 Python - Lira da Hashtag;1115
9581214090;Sem nome;Pessoal;!334 Python - Lira da Hashtag;1116
8193904389;Sem nome;Pessoal;!334 Python - Lira da Hashtag;1117
11964471156;Sem nome;Pessoal;!334 Python - Lira da Hashtag;1118
21987365482;Sem nome;Pessoal;!334 Python - Lira da Hashtag;1119
13997040302;Sem nome;Pessoal;!334 Python - Lira da Hashtag;1120
6696172358;Sem nome;Pessoal;!334 Python - Lira da Hashtag;1121
8186270409;josimar lourenço;Conta Comercial;!334 Python - Lira da Hashtag;1122
4188577487;Sem nome;Pessoal;!334 Python - Lira da Hashtag;1123
6196419015;Sem nome;Pessoal;!334 Python - Lira da Hashtag;1124
8296844855;Sem nome;Pessoal;!334 Python - Lira da Hashtag;1125
9888938986;Sem nome;Pessoal;!334 Python - Lira da Hashtag;1126
14988029762;Sem nome;Pessoal;!334 Python - Lira da Hashtag;1127
4998123813;Sem nome;Pessoal;!334 Python - Lira da Hashtag;1128
6282753954;Sem nome;Pessoal;!334 Python - Lira da Hashtag;1129
5591569223;Sem nome;Pessoal;!334 Python - Lira da Hashtag;1130
11976220256;Sem nome;Pessoal;!334 Python - Lira da Hashtag;1131
6798141361;Sem nome;Pessoal;!334 Python - Lira da Hashtag;1132
8196721262;Sem nome;Pessoal;!334 Python - Lira da Hashtag;1133
4195887579;Sem nome;Pessoal;!334 Python - Lira da Hashtag;1134
11985813652;Sem nome;Pessoal;!334 Python - Lira da Hashtag;1135
17991347655;Sem nome;Pessoal;!334 Python - Lira da Hashtag;1136
11975147994;Sem nome;Pessoal;!334 Python - Lira da Hashtag;1137
11997479082;Sem nome;Pessoal;!334 Python - Lira da Hashtag;1138
4497454459;Sem nome;Pessoal;!334 Python - Lira da Hashtag;1139
11984991242;Sem nome;Pessoal;!334 Python - Lira da Hashtag;1140
11997352351;Sem nome;Pessoal;!334 Python - Lira da Hashtag;1141
15997862270;Sem nome;Pessoal;!334 Python - Lira da Hashtag;1142
21990061307;Sem nome;Pessoal;!334 Python - Lira da Hashtag;1143
19999748554;Sem nome;Pessoal;!334 Python - Lira da Hashtag;1144
11966630576;Sem nome;Pessoal;!334 Python - Lira da Hashtag;1145
6296000012;Sem nome;Pessoal;!334 Python - Lira da Hashtag;1146
6295242398;Sem nome;Pessoal;!334 Python - Lira da Hashtag;1147
8587789390;Sem nome;Pessoal;!334 Python - Lira da Hashtag;1148
21968045339;Sem nome;Pessoal;!334 Python - Lira da Hashtag;1149
4791545233;Sem nome;Pessoal;!334 Python - Lira da Hashtag;1150
8171153088;Sem nome;Pessoal;!334 Python - Lira da Hashtag;1151
6181866915;Sem nome;Pessoal;!334 Python - Lira da Hashtag;1152
21975650081;Sem nome;Pessoal;!334 Python - Lira da Hashtag;1153
6281793308;Sem nome;Pessoal;!334 Python - Lira da Hashtag;1154
6186140102;Sem nome;Pessoal;!334 Python - Lira da Hashtag;1155
7798062133;Sem nome;Pessoal;!334 Python - Lira da Hashtag;1156
12997625503;Sem nome;Pessoal;!334 Python - Lira da Hashtag;1157
8182251714;Sem nome;Pessoal;!334 Python - Lira da Hashtag;1158
5381261667;Sem nome;Pessoal;!334 Python - Lira da Hashtag;1159
11961717322;Sem nome;Pessoal;!334 Python - Lira da Hashtag;1160
11949341830;Sem nome;Pessoal;!334 Python - Lira da Hashtag;1161
9884202852;Sem nome;Pessoal;!334 Python - Lira da Hashtag;1162
3191968698;Sem nome;Pessoal;!334 Python - Lira da Hashtag;1163
7187926647;Sem nome;Pessoal;!334 Python - Lira da Hashtag;1164
6294997873;Sem nome;Pessoal;!334 Python - Lira da Hashtag;1165
9192012404;Sem nome;Pessoal;!334 Python - Lira da Hashtag;1166
4792497306;Sem nome;Pessoal;!334 Python - Lira da Hashtag;1167
4888208545;Sem nome;Pessoal;!334 Python - Lira da Hashtag;1168
17997749639;Sem nome;Pessoal;!334 Python - Lira da Hashtag;1169
16997299893;Sem nome;Pessoal;!334 Python - Lira da Hashtag;1170
11996924300;Sem nome;Pessoal;!334 Python - Lira da Hashtag;1171
9681039192;Sem nome;Pessoal;!334 Python - Lira da Hashtag;1172
11991251766;Sem nome;Pessoal;!334 Python - Lira da Hashtag;1173
4185010922;Sem nome;Pessoal;!334 Python - Lira da Hashtag;1174
11920101684;Sem nome;Pessoal;!334 Python - Lira da Hashtag;1175
4192066566;Sem nome;Pessoal;!334 Python - Lira da Hashtag;1176
4195462250;Sem nome;Pessoal;!334 Python - Lira da Hashtag;1177
6792835943;Sem nome;Pessoal;!334 Python - Lira da Hashtag;1178
11930339202;Sem nome;Pessoal;!334 Python - Lira da Hashtag;1179
8183415637;Sem nome;Pessoal;!334 Python - Lira da Hashtag;1180
8496591089;Sem nome;Pessoal;!334 Python - Lira da Hashtag;1181
21990539920;Sem nome;Pessoal;!334 Python - Lira da Hashtag;1182
4491216395;Sem nome;Pessoal;!334 Python - Lira da Hashtag;1183
11973288252;Sem nome;Pessoal;!334 Python - Lira da Hashtag;1184
16996260994;Sem nome;Pessoal;!334 Python - Lira da Hashtag;1185
6199044976;Rafael Metal Omega Service;Conta Comercial;!334 Python - Lira da Hashtag;1186
24999524048;Sem nome;Pessoal;!334 Python - Lira da Hashtag;1187
4188954025;Sem nome;Pessoal;!334 Python - Lira da Hashtag;1188
21971253024;Sem nome;Pessoal;!334 Python - Lira da Hashtag;1189
4284255389;Sem nome;Pessoal;!334 Python - Lira da Hashtag;1190
14996611935;Sem nome;Pessoal;!334 Python - Lira da Hashtag;1191
21988366720;Sem nome;Pessoal;!334 Python - Lira da Hashtag;1192
11969939742;Sem nome;Pessoal;!334 Python - Lira da Hashtag;1193
11982405311;Sem nome;Pessoal;!334 Python - Lira da Hashtag;1194
8491388718;Sem nome;Pessoal;!334 Python - Lira da Hashtag;1195
16996147170;Santo Oliani Junior;Conta Comercial;!334 Python - Lira da Hashtag;1196
11965753008;Sem nome;Pessoal;!334 Python - Lira da Hashtag;1197
8386790592;Sem nome;Pessoal;!334 Python - Lira da Hashtag;1198
5185503102;Sem nome;Pessoal;!334 Python - Lira da Hashtag;1199
8598135598;Sem nome;Pessoal;!334 Python - Lira da Hashtag;1200
8588648748;Sem nome;Pessoal;!334 Python - Lira da Hashtag;1201
11995402333;Sem nome;Pessoal;!334 Python - Lira da Hashtag;1202
11912866577;Sem nome;Pessoal;!334 Python - Lira da Hashtag;1203
21976678149;Sem nome;Pessoal;!334 Python - Lira da Hashtag;1204
11972008841;Sem nome;Pessoal;!334 Python - Lira da Hashtag;1205
11992391470;Sem nome;Pessoal;!334 Python - Lira da Hashtag;1206
11953996856;Sem nome;Pessoal;!334 Python - Lira da Hashtag;1207
19994485682;Sem nome;Pessoal;!334 Python - Lira da Hashtag;1208
21991203527;Sem nome;Pessoal;!334 Python - Lira da Hashtag;1209
8592183506;Sem nome;Pessoal;!334 Python - Lira da Hashtag;1210
21936183478;Hashtag Treinamentos;Conta Comercial;!334 Python - Lira da Hashtag;1211
11952512016;Sem nome;Pessoal;!334 Python - Lira da Hashtag;1212
8488513153;Sem nome;Pessoal;!334 Python - Lira da Hashtag;1213
3171841061;Sem nome;Pessoal;!334 Python - Lira da Hashtag;1214
11931449175;Sem nome;Pessoal;!334 Python - Lira da Hashtag;1215
11976973582;Sem nome;Pessoal;!334 Python - Lira da Hashtag;1216
28992580752;Sem nome;Pessoal;!334 Python - Lira da Hashtag;1217
11941735107;Gustavo Rodrigues;Conta Comercial;!334 Python - Lira da Hashtag;1218
11956407952;Sem nome;Pessoal;!334 Python - Lira da Hashtag;1219
3291435291;Sem nome;Pessoal;!334 Python - Lira da Hashtag;1220
6792431993;Sem nome;Pessoal;!334 Python - Lira da Hashtag;1221
16991730303;Sem nome;Pessoal;!334 Python - Lira da Hashtag;1222
6496525468;Sem nome;Pessoal;!334 Python - Lira da Hashtag;1223
4898331743;Lilian Cristina;Conta Comercial;!334 Python - Lira da Hashtag;1224
4498617243;Sem nome;Pessoal;!334 Python - Lira da Hashtag;1225
8196264432;Sem nome;Pessoal;!334 Python - Lira da Hashtag;1226
19974120182;Sem nome;Pessoal;!334 Python - Lira da Hashtag;1227
7999643336;Sem nome;Pessoal;!334 Python - Lira da Hashtag;1228
9481704401;Sem nome;Pessoal;!334 Python - Lira da Hashtag;1229
11948307877;Sem nome;Pessoal;!334 Python - Lira da Hashtag;1230
8582222815;Sem nome;Pessoal;!334 Python - Lira da Hashtag;1231
4792041834;Sem nome;Pessoal;!334 Python - Lira da Hashtag;1232
21990594604;Sem nome;Pessoal;!334 Python - Lira da Hashtag;1233
6184313193;Sem nome;Pessoal;!334 Python - Lira da Hashtag;1234
8581235848;Sem nome;Pessoal;!334 Python - Lira da Hashtag;1235
19978252128;Sem nome;Pessoal;!334 Python - Lira da Hashtag;1236
5181247557;Sem nome;Pessoal;!334 Python - Lira da Hashtag;1237
21996833390;Sem nome;Pessoal;!334 Python - Lira da Hashtag;1238
11954708857;Sem nome;Pessoal;!334 Python - Lira da Hashtag;1239
22997109683;Sem nome;Pessoal;!334 Python - Lira da Hashtag;1240
11953044655;Sem nome;Pessoal;!334 Python - Lira da Hashtag;1241
4984193096;Sem nome;Pessoal;!334 Python - Lira da Hashtag;1242
11981607386;Sem nome;Pessoal;!334 Python - Lira da Hashtag;1243
11980119511;Sem nome;Pessoal;!334 Python - Lira da Hashtag;1244
13991586796;Sem nome;Pessoal;!334 Python - Lira da Hashtag;1245
3898896714;Sem nome;Pessoal;!334 Python - Lira da Hashtag;1246
6992361764;Sem nome;Pessoal;!334 Python - Lira da Hashtag;1247
3175553451;Sem nome;Pessoal;!334 Python - Lira da Hashtag;1248
21986188120;Sem nome;Pessoal;!334 Python - Lira da Hashtag;1249
14997168129;Sem nome;Pessoal;!334 Python - Lira da Hashtag;1250
3599295446;Sem nome;Pessoal;!334 Python - Lira da Hashtag;1251
6993655504;Sem nome;Pessoal;!334 Python - Lira da Hashtag;1252
21971745926;Sem nome;Pessoal;!334 Python - Lira da Hashtag;1253
7999265512;Sem nome;Pessoal;!334 Python - Lira da Hashtag;1254
27997055457;Fabricia Guedes;Conta Comercial;#57 Inteligência Artificial - Fred da Hashtag;1255
8494807520;Sem nome;Pessoal;#57 Inteligência Artificial - Fred da Hashtag;1256
7193235677;Sem nome;Pessoal;#57 Inteligência Artificial - Fred da Hashtag;1257
9391389566;Sem nome;Pessoal;#57 Inteligência Artificial - Fred da Hashtag;1258
19982106712;Sem nome;Pessoal;#57 Inteligência Artificial - Fred da Hashtag;1259
4188934551;Daniel Ernst;Conta Comercial;#57 Inteligência Artificial - Fred da Hashtag;1260
9985452132;Sem nome;Pessoal;#57 Inteligência Artificial - Fred da Hashtag;1261
27998794785;Sem nome;Pessoal;#57 Inteligência Artificial - Fred da Hashtag;1262
3599537131;Sem nome;Pessoal;#57 Inteligência Artificial - Fred da Hashtag;1263
9491206317;Sem nome;Pessoal;#57 Inteligência Artificial - Fred da Hashtag;1264
21999740080;Sem nome;Pessoal;#57 Inteligência Artificial - Fred da Hashtag;1265
8192586828;Sem nome;Pessoal;#57 Inteligência Artificial - Fred da Hashtag;1266
6194521771;Sem nome;Pessoal;#57 Inteligência Artificial - Fred da Hashtag;1267
5193331418;Sem nome;Pessoal;#57 Inteligência Artificial - Fred da Hashtag;1268
4799124063;Sem nome;Pessoal;#57 Inteligência Artificial - Fred da Hashtag;1269
11986578706;Sem nome;Pessoal;#57 Inteligência Artificial - Fred da Hashtag;1270
5599526754;Sem nome;Pessoal;#57 Inteligência Artificial - Fred da Hashtag;1271
11948695293;Ana Rodrigues;Conta Comercial;#57 Inteligência Artificial - Fred da Hashtag;1272
8494513065;Sem nome;Pessoal;#57 Inteligência Artificial - Fred da Hashtag;1273
11991227979;Sem nome;Pessoal;#57 Inteligência Artificial - Fred da Hashtag;1274
8299301366;Sem nome;Pessoal;#57 Inteligência Artificial - Fred da Hashtag;1275
8694250089;Sem nome;Pessoal;#57 Inteligência Artificial - Fred da Hashtag;1276
11983017214;Sem nome;Pessoal;#57 Inteligência Artificial - Fred da Hashtag;1277
16981161870;Sem nome;Pessoal;#57 Inteligência Artificial - Fred da Hashtag;1278
27998416055;Sem nome;Pessoal;#57 Inteligência Artificial - Fred da Hashtag;1279
8197194630;Sem nome;Pessoal;#57 Inteligência Artificial - Fred da Hashtag;1280
17992433778;Sem nome;Pessoal;#57 Inteligência Artificial - Fred da Hashtag;1281
7599665383;Sem nome;Pessoal;#57 Inteligência Artificial - Fred da Hashtag;1282
11974293845;Sem nome;Pessoal;#57 Inteligência Artificial - Fred da Hashtag;1283
6195185025;Sem nome;Pessoal;#57 Inteligência Artificial - Fred da Hashtag;1284
21964307824;Sem nome;Pessoal;#57 Inteligência Artificial - Fred da Hashtag;1285
21964843021;Sem nome;Pessoal;#57 Inteligência Artificial - Fred da Hashtag;1286
12981594324;Sem nome;Pessoal;#57 Inteligência Artificial - Fred da Hashtag;1287
11964800079;Sem nome;Pessoal;#57 Inteligência Artificial - Fred da Hashtag;1288
21974245315;Sem nome;Pessoal;#57 Inteligência Artificial - Fred da Hashtag;1289
6192104994;Sem nome;Pessoal;#57 Inteligência Artificial - Fred da Hashtag;1290
16991711580;Sem nome;Pessoal;#57 Inteligência Artificial - Fred da Hashtag;1291
21998211117;Sem nome;Pessoal;#57 Inteligência Artificial - Fred da Hashtag;1292
7188815512;Sem nome;Pessoal;#57 Inteligência Artificial - Fred da Hashtag;1293
18996051700;Sem nome;Pessoal;#57 Inteligência Artificial - Fred da Hashtag;1294
6192394855;Sem nome;Pessoal;#57 Inteligência Artificial - Fred da Hashtag;1295
3191509057;Sem nome;Pessoal;#57 Inteligência Artificial - Fred da Hashtag;1296
3499661771;Sem nome;Pessoal;#57 Inteligência Artificial - Fred da Hashtag;1297
11916162747;Sem nome;Pessoal;#57 Inteligência Artificial - Fred da Hashtag;1298
11973410370;Sem nome;Pessoal;#57 Inteligência Artificial - Fred da Hashtag;1299
21993653961;beleza e cuidado;Conta Comercial;#57 Inteligência Artificial - Fred da Hashtag;1300
21992267417;Sem nome;Pessoal;#57 Inteligência Artificial - Fred da Hashtag;1301
6199914776;Sem nome;Pessoal;#57 Inteligência Artificial - Fred da Hashtag;1302
6692129086;Sem nome;Pessoal;#57 Inteligência Artificial - Fred da Hashtag;1303
21991004134;Sem nome;Pessoal;#57 Inteligência Artificial - Fred da Hashtag;1304
28999027344;Sem nome;Pessoal;#57 Inteligência Artificial - Fred da Hashtag;1305
11982696776;Sem nome;Pessoal;#57 Inteligência Artificial - Fred da Hashtag;1306
11985786161;Sem nome;Pessoal;#57 Inteligência Artificial - Fred da Hashtag;1307
21959077518;Sem nome;Pessoal;#57 Inteligência Artificial - Fred da Hashtag;1308
11976646688;Sem nome;Pessoal;#57 Inteligência Artificial - Fred da Hashtag;1309
21995048615;Sem nome;Pessoal;#57 Inteligência Artificial - Fred da Hashtag;1310
13981221433;Sem nome;Pessoal;#57 Inteligência Artificial - Fred da Hashtag;1311
3188872506;Sem nome;Pessoal;#57 Inteligência Artificial - Fred da Hashtag;1312
7581794663;Sem nome;Pessoal;#57 Inteligência Artificial - Fred da Hashtag;1313
6191976700;Sem nome;Pessoal;#57 Inteligência Artificial - Fred da Hashtag;1314
6699069001;Sem nome;Pessoal;#57 Inteligência Artificial - Fred da Hashtag;1315
4788945294;Sem nome;Pessoal;#57 Inteligência Artificial - Fred da Hashtag;1316
9981184973;Sem nome;Pessoal;#57 Inteligência Artificial - Fred da Hashtag;1317
8491603828;JB Advocacia;Conta Comercial;#57 Inteligência Artificial - Fred da Hashtag;1318
3796699660;Sem nome;Pessoal;#57 Inteligência Artificial - Fred da Hashtag;1319
9870228893;Sem nome;Pessoal;#57 Inteligência Artificial - Fred da Hashtag;1320
11960163791;Sem nome;Pessoal;#57 Inteligência Artificial - Fred da Hashtag;1321
13991915295;Sem nome;Pessoal;#57 Inteligência Artificial - Fred da Hashtag;1322
19971062644;Mariana Pastre;Conta Comercial;#57 Inteligência Artificial - Fred da Hashtag;1323
12992177830;Sem nome;Pessoal;#57 Inteligência Artificial - Fred da Hashtag;1324
3391961178;Sem nome;Pessoal;#57 Inteligência Artificial - Fred da Hashtag;1325
21986311423;Sem nome;Pessoal;#57 Inteligência Artificial - Fred da Hashtag;1326
5198336092;Sem nome;Pessoal;#57 Inteligência Artificial - Fred da Hashtag;1327
12991177213;Sem nome;Pessoal;#57 Inteligência Artificial - Fred da Hashtag;1328
3199251332;Sem nome;Pessoal;#57 Inteligência Artificial - Fred da Hashtag;1329
7582414208;Sem nome;Pessoal;#57 Inteligência Artificial - Fred da Hashtag;1330
12996808325;Sem nome;Pessoal;#57 Inteligência Artificial - Fred da Hashtag;1331
9591339627;Sem nome;Pessoal;#57 Inteligência Artificial - Fred da Hashtag;1332
19991696120;Sem nome;Pessoal;#57 Inteligência Artificial - Fred da Hashtag;1333
11964271152;Sem nome;Pessoal;#57 Inteligência Artificial - Fred da Hashtag;1334
6993574287;Sem nome;Pessoal;#57 Inteligência Artificial - Fred da Hashtag;1335
24998346432;Sem nome;Pessoal;#57 Inteligência Artificial - Fred da Hashtag;1336
21991745063;Sem nome;Pessoal;#57 Inteligência Artificial - Fred da Hashtag;1337
3591352824;Sem nome;Pessoal;#57 Inteligência Artificial - Fred da Hashtag;1338
11996557450;Sem nome;Pessoal;#57 Inteligência Artificial - Fred da Hashtag;1339
8598482485;Kelvin R.;Conta Comercial;#57 Inteligência Artificial - Fred da Hashtag;1340
4599960959;Sem nome;Pessoal;#57 Inteligência Artificial - Fred da Hashtag;1341
8498980233;Sem nome;Pessoal;#57 Inteligência Artificial - Fred da Hashtag;1342
15981777594;Sem nome;Pessoal;#57 Inteligência Artificial - Fred da Hashtag;1343
11939365543;Sem nome;Pessoal;#57 Inteligência Artificial - Fred da Hashtag;1344
21981532244;Sem nome;Pessoal;#57 Inteligência Artificial - Fred da Hashtag;1345
5491235925;Sem nome;Pessoal;#57 Inteligência Artificial - Fred da Hashtag;1346
11943270751;Sem nome;Pessoal;#57 Inteligência Artificial - Fred da Hashtag;1347
9882896815;Sem nome;Pessoal;#57 Inteligência Artificial - Fred da Hashtag;1348
21970792493;Sem nome;Pessoal;#57 Inteligência Artificial - Fred da Hashtag;1349
6384067694;Deusa Arte;Conta Comercial;#57 Inteligência Artificial - Fred da Hashtag;1350
24998816870;Sem nome;Pessoal;#57 Inteligência Artificial - Fred da Hashtag;1351
11993158129;Josino Ti  em periodo de ferias;Conta Comercial;#57 Inteligência Artificial - Fred da Hashtag;1352
3186570093;Sem nome;Pessoal;#57 Inteligência Artificial - Fred da Hashtag;1353
9691638737;Sem nome;Pessoal;#57 Inteligência Artificial - Fred da Hashtag;1354
11982047041;Sem nome;Pessoal;#57 Inteligência Artificial - Fred da Hashtag;1355
4799244172;Sem nome;Pessoal;#57 Inteligência Artificial - Fred da Hashtag;1356
24988673762;Sem nome;Pessoal;#57 Inteligência Artificial - Fred da Hashtag;1357
8487240596;Sem nome;Pessoal;#57 Inteligência Artificial - Fred da Hashtag;1358
11995745485;Sem nome;Pessoal;#57 Inteligência Artificial - Fred da Hashtag;1359
16981028659;Sem nome;Pessoal;#57 Inteligência Artificial - Fred da Hashtag;1360
4498493636;Sem nome;Pessoal;#57 Inteligência Artificial - Fred da Hashtag;1361
22981289031;Sem nome;Pessoal;#57 Inteligência Artificial - Fred da Hashtag;1362
8199916422;Sem nome;Pessoal;#57 Inteligência Artificial - Fred da Hashtag;1363
3189236626;Sem nome;Pessoal;#57 Inteligência Artificial - Fred da Hashtag;1364
6182019403;Janaina;Conta Comercial;#57 Inteligência Artificial - Fred da Hashtag;1365
3198117024;Sem nome;Pessoal;#57 Inteligência Artificial - Fred da Hashtag;1366
3499172914;Sem nome;Pessoal;#57 Inteligência Artificial - Fred da Hashtag;1367
6399994806;Sem nome;Pessoal;#57 Inteligência Artificial - Fred da Hashtag;1368
4891153864;Sem nome;Pessoal;#57 Inteligência Artificial - Fred da Hashtag;1369
3299057714;Sem nome;Pessoal;#57 Inteligência Artificial - Fred da Hashtag;1370
24999920059;Sem nome;Pessoal;#57 Inteligência Artificial - Fred da Hashtag;1371
19984579943;Sem nome;Pessoal;#57 Inteligência Artificial - Fred da Hashtag;1372
4799538771;Sem nome;Pessoal;#57 Inteligência Artificial - Fred da Hashtag;1373
5592320702;Paulinho Salgados;Conta Comercial;#57 Inteligência Artificial - Fred da Hashtag;1374
11998347006;Sem nome;Pessoal;#57 Inteligência Artificial - Fred da Hashtag;1375
11981965001;Atelie Manelas;Conta Comercial;#57 Inteligência Artificial - Fred da Hashtag;1376
7199403456;Sem nome;Pessoal;#57 Inteligência Artificial - Fred da Hashtag;1377
6592596614;Sem nome;Pessoal;#57 Inteligência Artificial - Fred da Hashtag;1378
11945521206;Sem nome;Pessoal;#57 Inteligência Artificial - Fred da Hashtag;1379
11987202149;Sem nome;Pessoal;#57 Inteligência Artificial - Fred da Hashtag;1380
21936183484;Hashtag Treinamentos;Conta Comercial;#57 Inteligência Artificial - Fred da Hashtag;1381
8387320213;Sem nome;Pessoal;#57 Inteligência Artificial - Fred da Hashtag;1382
6193988859;Sem nome;Pessoal;#57 Inteligência Artificial - Fred da Hashtag;1383
7488232721;Sem nome;Pessoal;#57 Inteligência Artificial - Fred da Hashtag;1384
22999836242;Sem nome;Pessoal;#57 Inteligência Artificial - Fred da Hashtag;1385
11949655083;Helenice Soares;Conta Comercial;#57 Inteligência Artificial - Fred da Hashtag;1386
3898482635;Sem nome;Pessoal;#57 Inteligência Artificial - Fred da Hashtag;1387
5197818178;Sem nome;Pessoal;#57 Inteligência Artificial - Fred da Hashtag;1388
24999209320;Sem nome;Pessoal;#57 Inteligência Artificial - Fred da Hashtag;1389
8386148600;Sem nome;Pessoal;#57 Inteligência Artificial - Fred da Hashtag;1390
11984099373;Sem nome;Pessoal;#57 Inteligência Artificial - Fred da Hashtag;1391
21993924558;Sem nome;Pessoal;#57 Inteligência Artificial - Fred da Hashtag;1392
12992161516;Beto Cadilhe;Conta Comercial;#57 Inteligência Artificial - Fred da Hashtag;1393
21970040010;Thiago Mocotó;Conta Comercial;#57 Inteligência Artificial - Fred da Hashtag;1394
8197283372;Sem nome;Pessoal;#57 Inteligência Artificial - Fred da Hashtag;1395
18991862912;Sem nome;Pessoal;#57 Inteligência Artificial - Fred da Hashtag;1396
8192832502;Sem nome;Pessoal;#57 Inteligência Artificial - Fred da Hashtag;1397
11978044888;Sem nome;Pessoal;#57 Inteligência Artificial - Fred da Hashtag;1398
3588254235;Sem nome;Pessoal;#57 Inteligência Artificial - Fred da Hashtag;1399
13996667884;Sem nome;Pessoal;#57 Inteligência Artificial - Fred da Hashtag;1400
7381399281;Sem nome;Pessoal;#57 Inteligência Artificial - Fred da Hashtag;1401
8197027662;Sem nome;Pessoal;#57 Inteligência Artificial - Fred da Hashtag;1402
3591731965;Sem nome;Pessoal;#57 Inteligência Artificial - Fred da Hashtag;1403
21975599360;Sem nome;Pessoal;#57 Inteligência Artificial - Fred da Hashtag;1404
5199426474;Sem nome;Pessoal;#57 Inteligência Artificial - Fred da Hashtag;1405
21970132919;Sem nome;Pessoal;#57 Inteligência Artificial - Fred da Hashtag;1406
11945573003;Sem nome;Pessoal;#57 Inteligência Artificial - Fred da Hashtag;1407
12987126130;Sem nome;Pessoal;#57 Inteligência Artificial - Fred da Hashtag;1408
21974235492;Sem nome;Pessoal;#57 Inteligência Artificial - Fred da Hashtag;1409
15997340774;Sem nome;Pessoal;#57 Inteligência Artificial - Fred da Hashtag;1410
16992991245;Ateliê Costura Criativa;Conta Comercial;#57 Inteligência Artificial - Fred da Hashtag;1411
19983042788;Sem nome;Pessoal;#57 Inteligência Artificial - Fred da Hashtag;1412
11989393699;Sem nome;Pessoal;#57 Inteligência Artificial - Fred da Hashtag;1413
21997295888;Sem nome;Pessoal;#57 Inteligência Artificial - Fred da Hashtag;1414
11991771866;Sem nome;Pessoal;#57 Inteligência Artificial - Fred da Hashtag;1415
3187100723;Sem nome;Pessoal;#57 Inteligência Artificial - Fred da Hashtag;1416
6184222428;Sem nome;Pessoal;#57 Inteligência Artificial - Fred da Hashtag;1417
6198826737;Sem nome;Pessoal;#57 Inteligência Artificial - Fred da Hashtag;1418
14997812594;Sem nome;Pessoal;#57 Inteligência Artificial - Fred da Hashtag;1419
7996596131;Sem nome;Pessoal;#57 Inteligência Artificial - Fred da Hashtag;1420
6791768357;Rota Cred;Conta Comercial;#57 Inteligência Artificial - Fred da Hashtag;1421
11995005888;Eugênia - Corretora de imóveis;Conta Comercial;#57 Inteligência Artificial - Fred da Hashtag;1422
3384317574;Sem nome;Pessoal;#57 Inteligência Artificial - Fred da Hashtag;1423
8396268016;Sem nome;Pessoal;#57 Inteligência Artificial - Fred da Hashtag;1424
24981280139;Sem nome;Pessoal;#57 Inteligência Artificial - Fred da Hashtag;1425
5384095574;Sem nome;Pessoal;#57 Inteligência Artificial - Fred da Hashtag;1426
6196133247;Brasilia Popular Orquestra Brapo;Conta Comercial;#57 Inteligência Artificial - Fred da Hashtag;1427
11999028920;Sem nome;Pessoal;#57 Inteligência Artificial - Fred da Hashtag;1428
4399512415;Sem nome;Pessoal;#57 Inteligência Artificial - Fred da Hashtag;1429
21987012909;Sem nome;Pessoal;#57 Inteligência Artificial - Fred da Hashtag;1430
4195367725;Sem nome;Pessoal;#57 Inteligência Artificial - Fred da Hashtag;1431
22999140775;Aline;Conta Comercial;#57 Inteligência Artificial - Fred da Hashtag;1432
3899873316;Sem nome;Pessoal;#57 Inteligência Artificial - Fred da Hashtag;1433
14998483019;Sem nome;Pessoal;#57 Inteligência Artificial - Fred da Hashtag;1434
6181577526;Sem nome;Pessoal;#57 Inteligência Artificial - Fred da Hashtag;1435
24981438608;Sem nome;Pessoal;#57 Inteligência Artificial - Fred da Hashtag;1436
3199753631;Sem nome;Pessoal;#57 Inteligência Artificial - Fred da Hashtag;1437
4184605724;Jeniffer;Conta Comercial;#57 Inteligência Artificial - Fred da Hashtag;1438
3188684326;Sem nome;Pessoal;#57 Inteligência Artificial - Fred da Hashtag;1439
5185517323;Sem nome;Pessoal;#57 Inteligência Artificial - Fred da Hashtag;1440
5195351720;Sem nome;Pessoal;#57 Inteligência Artificial - Fred da Hashtag;1441
11991684860;Sem nome;Pessoal;#57 Inteligência Artificial - Fred da Hashtag;1442
9199492677;Sem nome;Pessoal;#57 Inteligência Artificial - Fred da Hashtag;1443
19991575717;Sem nome;Pessoal;#57 Inteligência Artificial - Fred da Hashtag;1444
11958164383;Sem nome;Pessoal;#57 Inteligência Artificial - Fred da Hashtag;1445
4788331996;Sem nome;Pessoal;#57 Inteligência Artificial - Fred da Hashtag;1446
21986692575;Sem nome;Pessoal;#57 Inteligência Artificial - Fred da Hashtag;1447
3484418665;Sem nome;Pessoal;#57 Inteligência Artificial - Fred da Hashtag;1448
11995282361;Anny Gregorio;Conta Comercial;#57 Inteligência Artificial - Fred da Hashtag;1449
9185811238;Sem nome;Pessoal;#57 Inteligência Artificial - Fred da Hashtag;1450
19991138325;Sem nome;Pessoal;#57 Inteligência Artificial - Fred da Hashtag;1451
8193838083;Sem nome;Pessoal;#57 Inteligência Artificial - Fred da Hashtag;1452
7196002525;Sem nome;Pessoal;#57 Inteligência Artificial - Fred da Hashtag;1453
6281560852;Sem nome;Pessoal;#57 Inteligência Artificial - Fred da Hashtag;1454
8481863500;Sem nome;Pessoal;#57 Inteligência Artificial - Fred da Hashtag;1455
11951204249;Sem nome;Pessoal;#57 Inteligência Artificial - Fred da Hashtag;1456
8799291116;Sem nome;Pessoal;#57 Inteligência Artificial - Fred da Hashtag;1457
21972122860;Anitta;Conta Comercial;#57 Inteligência Artificial - Fred da Hashtag;1458
21971498450;Sem nome;Pessoal;#57 Inteligência Artificial - Fred da Hashtag;1459
5198837676;Sem nome;Pessoal;#57 Inteligência Artificial - Fred da Hashtag;1460
8699432442;Sem nome;Pessoal;#57 Inteligência Artificial - Fred da Hashtag;1461
11994696467;Sem nome;Pessoal;#57 Inteligência Artificial - Fred da Hashtag;1462
5192939494;Sem nome;Pessoal;#57 Inteligência Artificial - Fred da Hashtag;1463
3188156465;Sem nome;Pessoal;#57 Inteligência Artificial - Fred da Hashtag;1464
19987483744;Sem nome;Pessoal;#57 Inteligência Artificial - Fred da Hashtag;1465
19997305027;Amauri da Rocha;Conta Comercial;#57 Inteligência Artificial - Fred da Hashtag;1466
4792461266;Sem nome;Pessoal;#57 Inteligência Artificial - Fred da Hashtag;1467
3788147440;Sem nome;Pessoal;#57 Inteligência Artificial - Fred da Hashtag;1468
3187461008;Sem nome;Pessoal;#57 Inteligência Artificial - Fred da Hashtag;1469
6198729468;Adriano Wesley;Conta Comercial;#57 Inteligência Artificial - Fred da Hashtag;1470
7398055939;Sem nome;Pessoal;#57 Inteligência Artificial - Fred da Hashtag;1471
21982771985;Sem nome;Pessoal;#57 Inteligência Artificial - Fred da Hashtag;1472
8587146846;Sem nome;Pessoal;#57 Inteligência Artificial - Fred da Hashtag;1473
6198503343;Sem nome;Pessoal;#57 Inteligência Artificial - Fred da Hashtag;1474
11951491189;Sem nome;Pessoal;#57 Inteligência Artificial - Fred da Hashtag;1475
8187465251;Sem nome;Pessoal;#57 Inteligência Artificial - Fred da Hashtag;1476
13991957538;Thiago Matsuda;Conta Comercial;#57 Inteligência Artificial - Fred da Hashtag;1477
11937189936;Sem nome;Pessoal;#57 Inteligência Artificial - Fred da Hashtag;1478
11932223300;Sem nome;Pessoal;#57 Inteligência Artificial - Fred da Hashtag;1479
21974975354;Sem nome;Pessoal;#57 Inteligência Artificial - Fred da Hashtag;1480
11947592706;Sem nome;Pessoal;#57 Inteligência Artificial - Fred da Hashtag;1481
8199994194;Sem nome;Pessoal;#57 Inteligência Artificial - Fred da Hashtag;1482
7188017874;Sem nome;Pessoal;#57 Inteligência Artificial - Fred da Hashtag;1483
7187727496;Sem nome;Pessoal;#57 Inteligência Artificial - Fred da Hashtag;1484
8491582552;Sem nome;Pessoal;#57 Inteligência Artificial - Fred da Hashtag;1485
7191453479;Sem nome;Pessoal;#57 Inteligência Artificial - Fred da Hashtag;1486
9185348047;Sem nome;Pessoal;#57 Inteligência Artificial - Fred da Hashtag;1487
9181611338;Sem nome;Pessoal;#57 Inteligência Artificial - Fred da Hashtag;1488
3190871245;Sem nome;Pessoal;#57 Inteligência Artificial - Fred da Hashtag;1489
9181940802;Sem nome;Pessoal;#57 Inteligência Artificial - Fred da Hashtag;1490
8188016432;Sem nome;Pessoal;#57 Inteligência Artificial - Fred da Hashtag;1491
8488614332;Sem nome;Pessoal;#57 Inteligência Artificial - Fred da Hashtag;1492
11959018433;Sem nome;Pessoal;#57 Inteligência Artificial - Fred da Hashtag;1493
8899300176;Sem nome;Pessoal;#57 Inteligência Artificial - Fred da Hashtag;1494
5599959506;Sem nome;Pessoal;#57 Inteligência Artificial - Fred da Hashtag;1495
11963803700;Artur Lacerda;Conta Comercial;#57 Inteligência Artificial - Fred da Hashtag;1496
7181586042;Sem nome;Pessoal;#57 Inteligência Artificial - Fred da Hashtag;1497
8199791356;Sem nome;Pessoal;#57 Inteligência Artificial - Fred da Hashtag;1498
11974627856;Sem nome;Pessoal;#57 Inteligência Artificial - Fred da Hashtag;1499
6699813713;Sem nome;Pessoal;#57 Inteligência Artificial - Fred da Hashtag;1500
21998787412;Sem nome;Pessoal;#57 Inteligência Artificial - Fred da Hashtag;1501
6599825281;Sem nome;Pessoal;#57 Inteligência Artificial - Fred da Hashtag;1502
5591576337;Sem nome;Pessoal;#57 Inteligência Artificial - Fred da Hashtag;1503
21993611131;Sem nome;Pessoal;#57 Inteligência Artificial - Fred da Hashtag;1504
11999878848;Sem nome;Pessoal;#57 Inteligência Artificial - Fred da Hashtag;1505
3197122663;Sem nome;Pessoal;#57 Inteligência Artificial - Fred da Hashtag;1506
7996861425;Sem nome;Pessoal;#57 Inteligência Artificial - Fred da Hashtag;1507
3195896217;Sem nome;Pessoal;#57 Inteligência Artificial - Fred da Hashtag;1508
16992084575;Sem nome;Pessoal;#57 Inteligência Artificial - Fred da Hashtag;1509
4192777930;Sem nome;Pessoal;#57 Inteligência Artificial - Fred da Hashtag;1510
21971499993;Sem nome;Pessoal;#57 Inteligência Artificial - Fred da Hashtag;1511
3181110386;Sem nome;Pessoal;#57 Inteligência Artificial - Fred da Hashtag;1512
8589747818;Romulo Rossi;Conta Comercial;#57 Inteligência Artificial - Fred da Hashtag;1513
22998978892;Sem nome;Pessoal;#57 Inteligência Artificial - Fred da Hashtag;1514
21990743672;Efatá Modas;Conta Comercial;#57 Inteligência Artificial - Fred da Hashtag;1515
16992403335;Sem nome;Pessoal;#57 Inteligência Artificial - Fred da Hashtag;1516
15996388720;Sem nome;Pessoal;#57 Inteligência Artificial - Fred da Hashtag;1517
24988351825;Sem nome;Pessoal;#57 Inteligência Artificial - Fred da Hashtag;1518
4198636980;Sem nome;Pessoal;#57 Inteligência Artificial - Fred da Hashtag;1519
4199593655;Sem nome;Pessoal;#57 Inteligência Artificial - Fred da Hashtag;1520
6282369965;Sem nome;Pessoal;#57 Inteligência Artificial - Fred da Hashtag;1521
8191142138;Sem nome;Pessoal;#57 Inteligência Artificial - Fred da Hashtag;1522
21988220054;Sem nome;Pessoal;#57 Inteligência Artificial - Fred da Hashtag;1523
7791786957;Sem nome;Pessoal;#57 Inteligência Artificial - Fred da Hashtag;1524
6185144528;Rubiana Gutierrez Fábrica Dos Cabelos Liso;Conta Comercial;#57 Inteligência Artificial - Fred da Hashtag;1525
4499457161;Sem nome;Pessoal;#57 Inteligência Artificial - Fred da Hashtag;1526
7188488812;Sem nome;Pessoal;#57 Inteligência Artificial - Fred da Hashtag;1527
16991051005;Daniela Xavier Xavier;Conta Comercial;#57 Inteligência Artificial - Fred da Hashtag;1528
21988330290;Wagner de Paula;Conta Comercial;#57 Inteligência Artificial - Fred da Hashtag;1529
18981662881;Sem nome;Pessoal;#57 Inteligência Artificial - Fred da Hashtag;1530
4197424493;Sem nome;Pessoal;#57 Inteligência Artificial - Fred da Hashtag;1531
21992870807;Sem nome;Pessoal;#57 Inteligência Artificial - Fred da Hashtag;1532
6199948178;Sem nome;Pessoal;#57 Inteligência Artificial - Fred da Hashtag;1533
9691818326;Sem nome;Pessoal;#57 Inteligência Artificial - Fred da Hashtag;1534
8186488526;Sem nome;Pessoal;#57 Inteligência Artificial - Fred da Hashtag;1535
21995520371;Sem nome;Pessoal;#57 Inteligência Artificial - Fred da Hashtag;1536
8587114846;Sem nome;Pessoal;#57 Inteligência Artificial - Fred da Hashtag;1537
18997538346;Sem nome;Pessoal;#57 Inteligência Artificial - Fred da Hashtag;1538
8799852316;Sem nome;Pessoal;#57 Inteligência Artificial - Fred da Hashtag;1539
21991670242;Sem nome;Pessoal;#57 Inteligência Artificial - Fred da Hashtag;1540
11980343117;Sem nome;Pessoal;#57 Inteligência Artificial - Fred da Hashtag;1541
11981534174;Sem nome;Pessoal;#57 Inteligência Artificial - Fred da Hashtag;1542
21994575019;Sem nome;Pessoal;#57 Inteligência Artificial - Fred da Hashtag;1543
8393016263;Sem nome;Pessoal;#57 Inteligência Artificial - Fred da Hashtag;1544
11992240606;Sem nome;Pessoal;#57 Inteligência Artificial - Fred da Hashtag;1545
11982260192;Sem nome;Pessoal;#57 Inteligência Artificial - Fred da Hashtag;1546
18997330943;Barbearia Rota66;Conta Comercial;#57 Inteligência Artificial - Fred da Hashtag;1547
9884761563;Sem nome;Pessoal;#57 Inteligência Artificial - Fred da Hashtag;1548
9181491670;Sem nome;Pessoal;#57 Inteligência Artificial - Fred da Hashtag;1549
5191136765;Sem nome;Pessoal;#57 Inteligência Artificial - Fred da Hashtag;1550
4199621836;Sem nome;Pessoal;#57 Inteligência Artificial - Fred da Hashtag;1551
11942428149;Sem nome;Pessoal;#57 Inteligência Artificial - Fred da Hashtag;1552
9991358326;Sem nome;Pessoal;#57 Inteligência Artificial - Fred da Hashtag;1553
11965676959;Sem nome;Pessoal;#57 Inteligência Artificial - Fred da Hashtag;1554
12981531763;Sem nome;Pessoal;#57 Inteligência Artificial - Fred da Hashtag;1555
9991794434;Sem nome;Pessoal;#57 Inteligência Artificial - Fred da Hashtag;1556
3188610057;Sem nome;Pessoal;#57 Inteligência Artificial - Fred da Hashtag;1557
21969150317;Sem nome;Pessoal;#57 Inteligência Artificial - Fred da Hashtag;1558
4896273161;Netsky Apps e Streamings;Conta Comercial;#57 Inteligência Artificial - Fred da Hashtag;1559
7991704949;Sem nome;Pessoal;#57 Inteligência Artificial - Fred da Hashtag;1560
21987029505;Sem nome;Pessoal;#57 Inteligência Artificial - Fred da Hashtag;1561
3198179623;Drico Funilaria;Conta Comercial;#57 Inteligência Artificial - Fred da Hashtag;1562
3298073667;Sem nome;Pessoal;#57 Inteligência Artificial - Fred da Hashtag;1563
3189817207;Sem nome;Pessoal;#57 Inteligência Artificial - Fred da Hashtag;1564
14991070420;Sem nome;Pessoal;#57 Inteligência Artificial - Fred da Hashtag;1565
7192296693;Diversos Artes;Conta Comercial;#57 Inteligência Artificial - Fred da Hashtag;1566
8197997678;Sem nome;Pessoal;#57 Inteligência Artificial - Fred da Hashtag;1567
8581400469;Deus Em Primeiro Lugar;Conta Comercial;#57 Inteligência Artificial - Fred da Hashtag;1568
11998079529;Sem nome;Pessoal;#57 Inteligência Artificial - Fred da Hashtag;1569
11992202247;Sem nome;Pessoal;#57 Inteligência Artificial - Fred da Hashtag;1570
7599429020;Sem nome;Pessoal;#57 Inteligência Artificial - Fred da Hashtag;1571
3186510990;Sem nome;Pessoal;#57 Inteligência Artificial - Fred da Hashtag;1572
6992635706;Sem nome;Pessoal;#57 Inteligência Artificial - Fred da Hashtag;1573
3299774188;Sem nome;Pessoal;#57 Inteligência Artificial - Fred da Hashtag;1574
3488450516;Sem nome;Pessoal;#57 Inteligência Artificial - Fred da Hashtag;1575
9491599755;Sem nome;Pessoal;#57 Inteligência Artificial - Fred da Hashtag;1576
22998329180;Sem nome;Pessoal;#57 Inteligência Artificial - Fred da Hashtag;1577
27999428281;Sem nome;Pessoal;#57 Inteligência Artificial - Fred da Hashtag;1578
14997294426;Sem nome;Pessoal;#57 Inteligência Artificial - Fred da Hashtag;1579
22998304050;Sem nome;Pessoal;#57 Inteligência Artificial - Fred da Hashtag;1580
7581880213;Sem nome;Pessoal;#57 Inteligência Artificial - Fred da Hashtag;1581
11988289138;Sem nome;Pessoal;#57 Inteligência Artificial - Fred da Hashtag;1582
6284937444;Sem nome;Pessoal;#57 Inteligência Artificial - Fred da Hashtag;1583
11940187755;Sem nome;Pessoal;#57 Inteligência Artificial - Fred da Hashtag;1584
3175457087;D f Gourmet;Conta Comercial;#57 Inteligência Artificial - Fred da Hashtag;1585
19991676644;Sem nome;Pessoal;#57 Inteligência Artificial - Fred da Hashtag;1586
4984197377;Sem nome;Pessoal;#57 Inteligência Artificial - Fred da Hashtag;1587
5384316708;Sem nome;Pessoal;#57 Inteligência Artificial - Fred da Hashtag;1588
6198690275;Sem nome;Pessoal;#57 Inteligência Artificial - Fred da Hashtag;1589
5599820306;Sem nome;Pessoal;#57 Inteligência Artificial - Fred da Hashtag;1590
21980465641;Sem nome;Pessoal;#57 Inteligência Artificial - Fred da Hashtag;1591
11999755455;Sem nome;Pessoal;#57 Inteligência Artificial - Fred da Hashtag;1592
21971958447;Sem nome;Pessoal;#57 Inteligência Artificial - Fred da Hashtag;1593
4699171600;Sem nome;Pessoal;#57 Inteligência Artificial - Fred da Hashtag;1594
3398780883;Sem nome;Pessoal;#57 Inteligência Artificial - Fred da Hashtag;1595
3195722151;Sem nome;Pessoal;#57 Inteligência Artificial - Fred da Hashtag;1596
7193277455;Sem nome;Pessoal;#57 Inteligência Artificial - Fred da Hashtag;1597
4184233179;Sem nome;Pessoal;#57 Inteligência Artificial - Fred da Hashtag;1598
8586331153;Sem nome;Pessoal;#57 Inteligência Artificial - Fred da Hashtag;1599
21964447666;Sem nome;Pessoal;#57 Inteligência Artificial - Fred da Hashtag;1600
8586328428;Sem nome;Pessoal;#57 Inteligência Artificial - Fred da Hashtag;1601
14997377014;Sem nome;Pessoal;#57 Inteligência Artificial - Fred da Hashtag;1602
28999373212;Sem nome;Pessoal;#57 Inteligência Artificial - Fred da Hashtag;1603
4896153494;Sem nome;Pessoal;#57 Inteligência Artificial - Fred da Hashtag;1604
8496397771;Sem nome;Pessoal;#57 Inteligência Artificial - Fred da Hashtag;1605
9883451626;Sem nome;Pessoal;#57 Inteligência Artificial - Fred da Hashtag;1606
4792408910;Alfaproject Solutions;Conta Comercial;#57 Inteligência Artificial - Fred da Hashtag;1607
6182121898;Sem nome;Pessoal;#57 Inteligência Artificial - Fred da Hashtag;1608
3584220445;Hgalo;Conta Comercial;#57 Inteligência Artificial - Fred da Hashtag;1609
3197054718;Sem nome;Pessoal;#57 Inteligência Artificial - Fred da Hashtag;1610
3799284848;Poliana oliveira;Conta Comercial;#57 Inteligência Artificial - Fred da Hashtag;1611
21964590775;Luiz Alves;Conta Comercial;#57 Inteligência Artificial - Fred da Hashtag;1612
11985203373;Sem nome;Pessoal;#57 Inteligência Artificial - Fred da Hashtag;1613
9188951008;Sem nome;Pessoal;#57 Inteligência Artificial - Fred da Hashtag;1614
24981530000;Sem nome;Pessoal;#57 Inteligência Artificial - Fred da Hashtag;1615
24992425416;Sem nome;Pessoal;#57 Inteligência Artificial - Fred da Hashtag;1616
12996777591;Sem nome;Pessoal;#57 Inteligência Artificial - Fred da Hashtag;1617
6199750077;Sem nome;Pessoal;#57 Inteligência Artificial - Fred da Hashtag;1618
5381211777;Sem nome;Pessoal;#57 Inteligência Artificial - Fred da Hashtag;1619
88921509455;Fonseca;Conta Comercial;#57 Inteligência Artificial - Fred da Hashtag;1620
11951699697;Sem nome;Pessoal;#57 Inteligência Artificial - Fred da Hashtag;1621
4796636661;"Douglas Bressan
@douglas.bressan.dbr";Conta Comercial;#57 Inteligência Artificial - Fred da Hashtag;1622
8191462285;Sem nome;Pessoal;#57 Inteligência Artificial - Fred da Hashtag;1623
3888337152;Sem nome;Pessoal;#57 Inteligência Artificial - Fred da Hashtag;1624
11981846146;Sem nome;Pessoal;#57 Inteligência Artificial - Fred da Hashtag;1625
16997044220;Sem nome;Pessoal;#57 Inteligência Artificial - Fred da Hashtag;1626
9185006206;Fornecimento De Açaí Em Caroço;Conta Comercial;#57 Inteligência Artificial - Fred da Hashtag;1627
4199063341;Sem nome;Pessoal;#57 Inteligência Artificial - Fred da Hashtag;1628
7399870116;Sem nome;Pessoal;#57 Inteligência Artificial - Fred da Hashtag;1629
8497024780;Sem nome;Pessoal;#57 Inteligência Artificial - Fred da Hashtag;1630
11947251666;Sem nome;Pessoal;#57 Inteligência Artificial - Fred da Hashtag;1631
4598356101;Sem nome;Pessoal;#57 Inteligência Artificial - Fred da Hashtag;1632
21994682426;Sem nome;Pessoal;#57 Inteligência Artificial - Fred da Hashtag;1633
7196434514;Sem nome;Pessoal;#57 Inteligência Artificial - Fred da Hashtag;1634
9294270378;Sem nome;Pessoal;#57 Inteligência Artificial - Fred da Hashtag;1635
7791716645;Sem nome;Pessoal;#57 Inteligência Artificial - Fred da Hashtag;1636
3591340876;Sem nome;Pessoal;#57 Inteligência Artificial - Fred da Hashtag;1637
9288139053;Sem nome;Pessoal;Empowerdata;1638
24998368355;Israel Virgílio da Costa;Conta Comercial;Empowerdata;1639
6599385481;Sem nome;Pessoal;Empowerdata;1640
21988014008;Sem nome;Pessoal;Empowerdata;1641
6192828856;Sem nome;Pessoal;Empowerdata;1642
21982283995;Sanduícheria do Jack;Conta Comercial;Empowerdata;1643
11972175105;Sem nome;Pessoal;Empowerdata;1644
8587579868;Sem nome;Pessoal;Empowerdata;1645
8899755991;Paulo Freitas;Conta Comercial;Empowerdata;1646
8894015509;Sem nome;Pessoal;Empowerdata;1647
21988851407;Sem nome;Pessoal;Empowerdata;1648
24992913741;Sem nome;Pessoal;Empowerdata;1649
9180161916;Sem nome;Pessoal;Empowerdata;1650
21981534036;Sem nome;Pessoal;Empowerdata;1651
11976697775;Sem nome;Pessoal;Empowerdata;1652
11983656636;Sem nome;Pessoal;Empowerdata;1653
22999735399;Sem nome;Pessoal;Empowerdata;1654
9884836822;Sem nome;Pessoal;Empowerdata;1655
21974221881;Sem nome;Pessoal;Empowerdata;1656
6195123457;Sem nome;Pessoal;Empowerdata;1657
5499170666;Guilherme Ractz;Conta Comercial;Empowerdata;1658
8195791720;Sem nome;Pessoal;Empowerdata;1659
8699284431;Sem nome;Pessoal;Empowerdata;1660
6286099567;Sem nome;Pessoal;Empowerdata;1661
11913091861;Sem nome;Pessoal;Empowerdata;1662
11981171209;Sem nome;Pessoal;Empowerdata;1663
6392330009;Sem nome;Pessoal;Empowerdata;1664
11987010997;Sem nome;Pessoal;Empowerdata;1665
21980665886;Sem nome;Pessoal;Empowerdata;1666
11940236023;Sem nome;Pessoal;Empowerdata;1667
7798202140;Lucas Lima;Conta Comercial;Empowerdata;1668
5199933622;Sem nome;Pessoal;Empowerdata;1669
11988740715;Sem nome;Pessoal;Empowerdata;1670
5181090097;Sem nome;Pessoal;Empowerdata;1671
21972731771;Sem nome;Pessoal;Empowerdata;1672
21991591966;Sem nome;Pessoal;Empowerdata;1673
21986318046;Sem nome;Pessoal;Empowerdata;1674
11999753607;Sem nome;Pessoal;Empowerdata;1675
16997089284;Sem nome;Pessoal;Empowerdata;1676
21988777792;Sem nome;Pessoal;Empowerdata;1677
18981352693;Sem nome;Pessoal;Empowerdata;1678
21976008446;Sem nome;Pessoal;MBA Data Analytics # 103;1679
4399432604;Sem nome;Pessoal;MBA Data Analytics # 103;1680
3588744958;Sem nome;Pessoal;MBA Data Analytics # 103;1681
4488191260;Sem nome;Pessoal;MBA Data Analytics # 103;1682
3591364657;Sem nome;Pessoal;MBA Data Analytics # 103;1683
19991604026;Sem nome;Pessoal;MBA Data Analytics # 103;1684
21993281468;Sem nome;Pessoal;MBA Data Analytics # 103;1685
6599516079;Sem nome;Pessoal;MBA Data Analytics # 103;1686
6294865526;Sem nome;Pessoal;MBA Data Analytics # 103;1687
11989637502;Sem nome;Pessoal;MBA Data Analytics # 103;1688
3188355735;Sem nome;Pessoal;MBA Data Analytics # 103;1689
11965795262;Sem nome;Pessoal;MBA Data Analytics # 103;1690
21993402681;Sem nome;Pessoal;MBA Data Analytics # 103;1691
11974904244;Sem nome;Pessoal;MBA Data Analytics # 103;1692
19987361956;Sem nome;Pessoal;MBA Data Analytics # 103;1693
11966431176;Sem nome;Pessoal;MBA Data Analytics # 103;1694
11986618522;Sem nome;Pessoal;MBA Data Analytics # 103;1695
11993781745;Sem nome;Pessoal;MBA Data Analytics # 103;1696
8387211939;Sem nome;Pessoal;MBA Data Analytics # 103;1697
11948685145;Sem nome;Pessoal;MBA Data Analytics # 103;1698
21981133441;Sem nome;Pessoal;MBA Data Analytics # 103;1699
6192493998;Sem nome;Pessoal;MBA Data Analytics # 103;1700
4891143373;Sem nome;Pessoal;MBA Data Analytics # 103;1701
11951790707;Sem nome;Pessoal;MBA Data Analytics # 103;1702
4598241463;Sem nome;Pessoal;MBA Data Analytics # 103;1703
21995644313;Sem nome;Pessoal;MBA Data Analytics # 103;1704
11989751369;Sem nome;Pessoal;MBA Data Analytics # 103;1705
8195983042;Sem nome;Pessoal;MBA Data Analytics # 103;1706
11937547750;Sem nome;Pessoal;MBA Data Analytics # 103;1707
7488241175;Sem nome;Pessoal;MBA Data Analytics # 103;1708
4896302210;Sem nome;Pessoal;MBA Data Analytics # 103;1709
11999041085;Sem nome;Pessoal;MBA Data Analytics # 103;1710
3175454998;Sem nome;Pessoal;MBA Data Analytics # 103;1711
3288356247;Sem nome;Pessoal;MBA Data Analytics # 103;1712
3499133751;Sem nome;Pessoal;MBA Data Analytics # 103;1713
19993640352;Sem nome;Pessoal;MBA Data Analytics # 103;1714
22998901429;Sem nome;Pessoal;MBA Data Analytics # 103;1715
8388228892;Sem nome;Pessoal;MBA Data Analytics # 103;1716
8588238891;Sem nome;Pessoal;MBA Data Analytics # 103;1717
11969590857;Sem nome;Pessoal;MBA Data Analytics # 103;1718
3291839693;Sem nome;Pessoal;MBA Data Analytics # 103;1719
19991445417;Sem nome;Pessoal;MBA Data Analytics # 103;1720
8581801582;Sem nome;Pessoal;MBA Data Analytics # 103;1721
14997857976;Sem nome;Pessoal;MBA Data Analytics # 103;1722
6193573412;Sem nome;Pessoal;MBA Data Analytics # 103;1723
9492283244;Sem nome;Pessoal;MBA Data Analytics # 103;1724
4399753835;Sem nome;Pessoal;MBA Data Analytics # 103;1725
11995086722;Sem nome;Pessoal;MBA Data Analytics # 103;1726
4391519235;Sem nome;Pessoal;MBA Data Analytics # 103;1727
8591589513;Sem nome;Pessoal;MBA Data Analytics # 103;1728
7799057982;Sem nome;Pessoal;MBA Data Analytics # 103;1729
11958207568;Sem nome;Pessoal;MBA Data Analytics # 103;1730
8598574324;Sem nome;Pessoal;MBA Data Analytics # 103;1731
4999641842;Sem nome;Pessoal;MBA Data Analytics # 103;1732
14991165008;Sem nome;Pessoal;MBA Data Analytics # 103;1733
13997649128;Sem nome;Pessoal;MBA Data Analytics # 103;1734
6781106668;Sem nome;Pessoal;MBA Data Analytics # 103;1735
4298756679;Sem nome;Pessoal;MBA Data Analytics # 103;1736
4799938133;Sem nome;Pessoal;MBA Data Analytics # 103;1737
6181355252;Sem nome;Pessoal;MBA Data Analytics # 103;1738
6796431131;Sem nome;Pessoal;MBA Data Analytics # 103;1739
3891619724;Sem nome;Pessoal;MBA Data Analytics # 103;1740
21990370664;Sem nome;Pessoal;MBA Data Analytics # 103;1741
8491902060;Sem nome;Pessoal;MBA Data Analytics # 103;1742
7388318283;Sem nome;Pessoal;MBA Data Analytics # 103;1743
8196263110;Sem nome;Pessoal;MBA Data Analytics # 103;1744
6185165231;Sem nome;Pessoal;MBA Data Analytics # 103;1745
11994696679;Sem nome;Pessoal;MBA Data Analytics # 103;1746
8199699384;Sem nome;Pessoal;MBA Data Analytics # 103;1747
11945385477;Sem nome;Pessoal;MBA Data Analytics # 103;1748
8398038263;Sem nome;Pessoal;MBA Data Analytics # 103;1749
7194044466;Sem nome;Pessoal;MBA Data Analytics # 103;1750
6899696669;Sem nome;Pessoal;MBA Data Analytics # 103;1751
3191842711;Sem nome;Pessoal;MBA Data Analytics # 103;1752
11967844072;Sem nome;Pessoal;MBA Data Analytics # 103;1753
11980981525;Sem nome;Pessoal;MBA Data Analytics # 103;1754
5180635049;Sem nome;Pessoal;MBA Data Analytics # 103;1755
11979798005;Sem nome;Pessoal;MBA Data Analytics # 103;1756
17997260899;Sem nome;Pessoal;MBA Data Analytics # 103;1757
8592034849;Sem nome;Pessoal;MBA Data Analytics # 103;1758
7588683805;Sem nome;Pessoal;MBA Data Analytics # 103;1759
9299070865;Sem nome;Pessoal;MBA Data Analytics # 103;1760
8194082918;Sem nome;Pessoal;MBA Data Analytics # 103;1761
8587430940;Sem nome;Pessoal;MBA Data Analytics # 103;1762
11995566385;Sem nome;Pessoal;MBA Data Analytics # 103;1763
13974223586;Sem nome;Pessoal;MBA Data Analytics # 103;1764
11980358443;Sem nome;Pessoal;MBA Data Analytics # 103;1765
5496378093;Sem nome;Pessoal;MBA Data Analytics # 103;1766
27997412746;Sem nome;Pessoal;MBA Data Analytics # 103;1767
11991795460;Sem nome;Pessoal;MBA Data Analytics # 103;1768
8699918494;Sem nome;Pessoal;MBA Data Analytics # 103;1769
3187048707;Sem nome;Pessoal;MBA Data Analytics # 103;1770
9891506266;Sem nome;Pessoal;MBA Data Analytics # 103;1771
6492874900;Sem nome;Pessoal;MBA Data Analytics # 103;1772
11984259049;Sem nome;Pessoal;MBA Data Analytics # 103;1773
21997867984;Sem nome;Pessoal;MBA Data Analytics # 103;1774
18996248847;Sem nome;Pessoal;MBA Data Analytics # 103;1775
11994236779;Sem nome;Pessoal;MBA Data Analytics # 103;1776
11930757000;Sem nome;Pessoal;MBA Data Analytics # 103;1777
11995365060;Sem nome;Pessoal;MBA Data Analytics # 103;1778
4398393063;Sem nome;Pessoal;MBA Data Analytics # 103;1779
9982681447;Sem nome;Pessoal;MBA Data Analytics # 103;1780
11980188493;Sem nome;Pessoal;MBA Data Analytics # 103;1781
11999073914;Sem nome;Pessoal;MBA Data Analytics # 103;1782
9291260933;Sem nome;Pessoal;MBA Data Analytics # 103;1783
11972032820;Sem nome;Pessoal;MBA Data Analytics # 103;1784
7191907479;Sem nome;Pessoal;MBA Data Analytics # 103;1785
3194981634;Sem nome;Pessoal;MBA Data Analytics # 103;1786
27992291546;Sem nome;Pessoal;MBA Data Analytics # 103;1787
8897858744;Sem nome;Pessoal;MBA Data Analytics # 103;1788
4199035938;Sem nome;Pessoal;MBA Data Analytics # 103;1789
21999258476;Sem nome;Pessoal;MBA Data Analytics # 103;1790
4396501283;Sem nome;Pessoal;MBA Data Analytics # 103;1791
14981817870;Sem nome;Pessoal;MBA Data Analytics # 103;1792
19987463746;Sem nome;Pessoal;MBA Data Analytics # 103;1793
21980833522;Sem nome;Pessoal;MBA Data Analytics # 103;1794
11958242621;Sem nome;Pessoal;MBA Data Analytics # 103;1795
8596049940;Sem nome;Pessoal;MBA Data Analytics # 103;1796
16981605001;Sem nome;Pessoal;MBA Data Analytics # 103;1797
19984573605;Sem nome;Pessoal;MBA Data Analytics # 103;1798
11993462117;Sem nome;Pessoal;MBA Data Analytics # 103;1799
6796919847;Sem nome;Pessoal;MBA Data Analytics # 103;1800
4399967061;Sem nome;Pessoal;MBA Data Analytics # 103;1801
3188001510;Sem nome;Pessoal;MBA Data Analytics # 103;1802
21983628966;Sem nome;Pessoal;MBA Data Analytics # 103;1803
6281263049;Sem nome;Pessoal;MBA Data Analytics # 103;1804
7791479282;Sem nome;Pessoal;MBA Data Analytics # 103;1805
11988607099;Sem nome;Pessoal;MBA Data Analytics # 103;1806
4199660705;Sem nome;Pessoal;MBA Data Analytics # 103;1807
11983552475;Sem nome;Pessoal;MBA Data Analytics # 103;1808
11916544598;Sem nome;Pessoal;MBA Data Analytics # 103;1809
9295117372;Sem nome;Pessoal;MBA Data Analytics # 103;1810
8296407283;Sem nome;Pessoal;MBA Data Analytics # 103;1811
8188965166;Sem nome;Pessoal;MBA Data Analytics # 103;1812
21977036676;Sem nome;Pessoal;MBA Data Analytics # 103;1813
8181783999;Sem nome;Pessoal;MBA Data Analytics # 103;1814
9282154965;Sem nome;Pessoal;MBA Data Analytics # 103;1815
3187393511;Sem nome;Pessoal;MBA Data Analytics # 103;1816
11992873063;Sem nome;Pessoal;MBA Data Analytics # 103;1817
3198953704;Sem nome;Pessoal;MBA Data Analytics # 103;1818
21983365439;Sem nome;Pessoal;MBA Data Analytics # 103;1819
11996590710;Sem nome;Pessoal;MBA Data Analytics # 103;1820
27998429397;Sem nome;Pessoal;MBA Data Analytics # 103;1821
12981004786;Sem nome;Pessoal;MBA Data Analytics # 103;1822
7991747655;Sem nome;Pessoal;MBA Data Analytics # 103;1823
4791660664;Sem nome;Pessoal;MBA Data Analytics # 103;1824
7991649094;Sem nome;Pessoal;MBA Data Analytics # 103;1825
11996659113;Sem nome;Pessoal;MBA Data Analytics # 103;1826
4188566444;Sem nome;Pessoal;MBA Data Analytics # 103;1827
6192815260;Sem nome;Pessoal;MBA Data Analytics # 103;1828
3194199735;Sem nome;Pessoal;MBA Data Analytics # 103;1829
11947366271;Sem nome;Pessoal;MBA Data Analytics # 103;1830
12991855561;Sem nome;Pessoal;MBA Data Analytics # 103;1831
11984169776;Sem nome;Pessoal;MBA Data Analytics # 103;1832
7182210402;Sem nome;Pessoal;MBA Data Analytics # 103;1833
8197823344;Sem nome;Pessoal;MBA Data Analytics # 103;1834
11987141824;Sem nome;Pessoal;MBA Data Analytics # 103;1835
6392239937;Sem nome;Pessoal;MBA Data Analytics # 103;1836
4796946121;Sem nome;Pessoal;MBA Data Analytics # 103;1837
21976596150;Sem nome;Pessoal;MBA Data Analytics # 103;1838
22992264252;Sem nome;Pessoal;MBA Data Analytics # 103;1839
5184332260;Sem nome;Pessoal;MBA Data Analytics # 103;1840
12988070924;Sem nome;Pessoal;MBA Data Analytics # 103;1841
6599457365;Sem nome;Pessoal;MBA Data Analytics # 103;1842
11986509410;Sem nome;Pessoal;MBA Data Analytics # 103;1843
8588202031;Sem nome;Pessoal;MBA Data Analytics # 103;1844
4888562521;Sem nome;Pessoal;MBA Data Analytics # 103;1845
3191418535;Sem nome;Pessoal;MBA Data Analytics # 103;1846
18997732990;Sem nome;Pessoal;MBA Data Analytics # 103;1847
8499663245;Sem nome;Pessoal;MBA Data Analytics # 103;1848
16981019111;Sem nome;Pessoal;MBA Data Analytics # 103;1849
3899943640;Sem nome;Pessoal;MBA Data Analytics # 103;1850
9292014808;Sem nome;Pessoal;MBA Data Analytics # 103;1851
21966735741;Sem nome;Pessoal;MBA Data Analytics # 103;1852
6999910754;Sem nome;Pessoal;MBA Data Analytics # 103;1853
4198231795;Sem nome;Pessoal;MBA Data Analytics # 103;1854
6992915313;Sem nome;Pessoal;MBA Data Analytics # 103;1855
15991607991;Sem nome;Pessoal;MBA Data Analytics # 103;1856
8299789026;Sem nome;Pessoal;MBA Data Analytics # 103;1857
3193983703;Sem nome;Pessoal;MBA Data Analytics # 103;1858
4284058377;Sem nome;Pessoal;MBA Data Analytics # 103;1859
7791956470;Sem nome;Pessoal;MBA Data Analytics # 103;1860
3498280120;Sem nome;Pessoal;MBA Data Analytics # 103;1861
7988410586;Sem nome;Pessoal;MBA Data Analytics # 103;1862
4199367746;Sem nome;Pessoal;MBA Data Analytics # 103;1863
8592746148;Sem nome;Pessoal;MBA Data Analytics # 103;1864
6282155272;Sem nome;Pessoal;MBA Data Analytics # 103;1865
11986733932;Sem nome;Pessoal;MBA Data Analytics # 103;1866
3591754629;Sem nome;Pessoal;MBA Data Analytics # 103;1867
6191250558;Sem nome;Pessoal;MBA Data Analytics # 103;1868
8386371711;Sem nome;Pessoal;MBA Data Analytics # 103;1869
6182766562;Sem nome;Pessoal;MBA Data Analytics # 103;1870
8187698814;Sem nome;Pessoal;MBA Data Analytics # 103;1871
19981144670;Sem nome;Pessoal;MBA Data Analytics # 103;1872
4399305641;Sem nome;Pessoal;MBA Data Analytics # 103;1873
6185727930;Sem nome;Pessoal;MBA Data Analytics # 103;1874
21995499289;Sem nome;Pessoal;MBA Data Analytics # 103;1875
8192266213;Sem nome;Pessoal;MBA Data Analytics # 103;1876
11945717190;Sem nome;Pessoal;MBA Data Analytics # 103;1877
11965426591;Sem nome;Pessoal;MBA Data Analytics # 103;1878
21988481608;Sem nome;Pessoal;MBA Data Analytics # 103;1879
21972553765;Sem nome;Pessoal;MBA Data Analytics # 103;1880
3191109196;Sem nome;Pessoal;MBA Data Analytics # 103;1881
12988179428;Sem nome;Pessoal;MBA Data Analytics # 103;1882
9881347840;Sem nome;Pessoal;MBA Data Analytics # 103;1883
11993323277;Sem nome;Pessoal;MBA Data Analytics # 103;1884
6384351752;Sem nome;Pessoal;MBA Data Analytics # 103;1885
11947232138;Sem nome;Pessoal;MBA Data Analytics # 103;1886
8599261600;Sem nome;Pessoal;MBA Data Analytics # 103;1887
11974622448;Sem nome;Pessoal;MBA Data Analytics # 103;1888
4598458351;Sem nome;Pessoal;MBA Data Analytics # 103;1889
6193038774;Sem nome;Pessoal;MBA Data Analytics # 103;1890
21972746865;Sem nome;Pessoal;MBA Data Analytics # 103;1891
27981064006;Sem nome;Pessoal;MBA Data Analytics # 103;1892
19991655021;Sem nome;Pessoal;MBA Data Analytics # 103;1893
21999544400;Sem nome;Pessoal;MBA Data Analytics # 103;1894
8197782701;Sem nome;Pessoal;MBA Data Analytics # 103;1895
21979822497;Sem nome;Pessoal;MBA Data Analytics # 103;1896
6282316515;Sem nome;Pessoal;MBA Data Analytics # 103;1897
11968634097;Sem nome;Pessoal;MBA Data Analytics # 103;1898
21999935997;Sem nome;Pessoal;MBA Data Analytics # 103;1899
11981030209;Sem nome;Pessoal;MBA Data Analytics # 103;1900
19982531111;Sem nome;Pessoal;MBA Data Analytics # 103;1901
9184131167;Sem nome;Pessoal;MBA Data Analytics # 103;1902
7183600504;Sem nome;Pessoal;MBA Data Analytics # 103;1903
3198065354;Sem nome;Pessoal;MBA Data Analytics # 103;1904
18997701770;Sem nome;Pessoal;MBA Data Analytics # 103;1905
19996051605;Sem nome;Pessoal;MBA Data Analytics # 103;1906
6784348406;Sem nome;Pessoal;MBA Data Analytics # 103;1907
7499949427;Sem nome;Pessoal;MBA Data Analytics # 103;1908
11981879866;Sem nome;Pessoal;MBA Data Analytics # 103;1909
8188491778;Sem nome;Pessoal;MBA Data Analytics # 103;1910
19993690550;Sem nome;Pessoal;MBA Data Analytics # 103;1911
27997442991;Sem nome;Pessoal;MBA Data Analytics # 103;1912
8897826050;Sem nome;Pessoal;MBA Data Analytics # 103;1913
11987122510;Sem nome;Pessoal;MBA Data Analytics # 103;1914
3588284122;Sem nome;Pessoal;MBA Data Analytics # 103;1915
11991426593;Sem nome;Pessoal;MBA Data Analytics # 103;1916
6191619898;Sem nome;Pessoal;MBA Data Analytics # 103;1917
11968917461;Sem nome;Pessoal;MBA Data Analytics # 103;1918
8192246606;Sem nome;Pessoal;MBA Data Analytics # 103;1919
11981582065;Sem nome;Pessoal;MBA Data Analytics # 103;1920
9491580346;Sem nome;Pessoal;MBA Data Analytics # 103;1921
21994840773;Sem nome;Pessoal;MBA Data Analytics # 103;1922
11987640885;Sem nome;Pessoal;MBA Data Analytics # 103;1923
15997377055;Sem nome;Pessoal;MBA Data Analytics # 103;1924
3496458821;Sem nome;Pessoal;MBA Data Analytics # 103;1925
3491559027;Sem nome;Pessoal;MBA Data Analytics # 103;1926
7388071523;Sem nome;Pessoal;MBA Data Analytics # 103;1927
11947212686;Sem nome;Pessoal;MBA Data Analytics # 103;1928
8281384505;Sem nome;Pessoal;MBA Data Analytics # 103;1929
6799830244;Sem nome;Pessoal;MBA Data Analytics # 103;1930
4788788845;Sem nome;Pessoal;MBA Data Analytics # 103;1931
7599766673;Sem nome;Pessoal;MBA Data Analytics # 103;1932
9999515200;Sem nome;Pessoal;MBA Data Analytics # 103;1933
11975706052;Sem nome;Pessoal;MBA Data Analytics # 103;1934
4792221174;Sem nome;Pessoal;MBA Data Analytics # 103;1935
6196676455;Sem nome;Pessoal;MBA Data Analytics # 103;1936
9492787538;Sem nome;Pessoal;MBA Data Analytics # 103;1937
9974007897;Sem nome;Pessoal;MBA Data Analytics # 103;1938
7196723204;Sem nome;Pessoal;MBA Data Analytics # 103;1939
11973426320;Sem nome;Pessoal;MBA Data Analytics # 103;1940
7181152378;Sem nome;Pessoal;MBA Data Analytics # 103;1941
11933178163;Sem nome;Pessoal;MBA Data Analytics # 103;1942
21997098114;Sem nome;Pessoal;MBA Data Analytics # 103;1943
9491368629;Sem nome;Pessoal;MBA Data Analytics # 103;1944
11971540556;Sem nome;Pessoal;MBA Data Analytics # 103;1945
12981773195;Sem nome;Pessoal;MBA Data Analytics # 103;1946
11996145220;Sem nome;Pessoal;MBA Data Analytics # 103;1947
21983263472;Sem nome;Pessoal;MBA Data Analytics # 103;1948
7196145457;Sem nome;Pessoal;MBA Data Analytics # 103;1949
11991070566;Sem nome;Pessoal;MBA Data Analytics # 103;1950
6384999818;Sem nome;Pessoal;MBA Data Analytics # 103;1951
11966914885;Sem nome;Pessoal;MBA Data Analytics # 103;1952
11951691666;Sem nome;Pessoal;MBA Data Analytics # 103;1953
18981852662;Sem nome;Pessoal;MBA Data Analytics # 103;1954
11941118799;Sem nome;Pessoal;MBA Data Analytics # 103;1955
7381283495;Sem nome;Pessoal;MBA Data Analytics # 103;1956
11953305410;Sem nome;Pessoal;MBA Data Analytics # 103;1957
14997916798;Sem nome;Pessoal;MBA Data Analytics # 103;1958
4191568943;Sem nome;Pessoal;MBA Data Analytics # 103;1959
11984281484;Sem nome;Pessoal;MBA Data Analytics # 103;1960
4192128860;Sem nome;Pessoal;MBA Data Analytics # 103;1961
17981103848;Sem nome;Pessoal;MBA Data Analytics # 103;1962
21982866205;Sem nome;Pessoal;MBA Data Analytics # 103;1963
8587639594;Sem nome;Pessoal;MBA Data Analytics # 103;1964
24992156720;Sem nome;Pessoal;MBA Data Analytics # 103;1965
11992128661;Sem nome;Pessoal;MBA Data Analytics # 103;1966
21985583532;Sem nome;Pessoal;MBA Data Analytics # 103;1967
11945768903;Sem nome;Pessoal;MBA Data Analytics # 103;1968
21988143022;Sem nome;Pessoal;MBA Data Analytics # 103;1969
8599726576;Sem nome;Pessoal;MBA Data Analytics # 103;1970
7598887157;Sem nome;Pessoal;MBA Data Analytics # 103;1971
4199718486;Sem nome;Pessoal;MBA Data Analytics # 103;1972
11933314387;Sem nome;Pessoal;MBA Data Analytics # 103;1973
3188518245;Sem nome;Pessoal;MBA Data Analytics # 103;1974
13997644756;Sem nome;Pessoal;MBA Data Analytics # 103;1975
19981702886;Sem nome;Pessoal;MBA Data Analytics # 103;1976
4199878028;Sem nome;Pessoal;MBA Data Analytics # 103;1977
4899711123;Sem nome;Pessoal;MBA Data Analytics # 103;1978
11972057380;Sem nome;Pessoal;MBA Data Analytics # 103;1979
19993933648;Sem nome;Pessoal;MBA Data Analytics # 103;1980
3484463082;Sem nome;Pessoal;MBA Data Analytics # 103;1981
3597614350;Sem nome;Pessoal;MBA Data Analytics # 103;1982
5584421187;Sem nome;Pessoal;MBA Data Analytics # 103;1983
11973138384;Sem nome;Pessoal;MBA Data Analytics # 103;1984
11961287369;Sem nome;Pessoal;MBA Data Analytics # 103;1985
4491117507;Sem nome;Pessoal;MBA Data Analytics # 103;1986
21991481219;Sem nome;Pessoal;MBA Data Analytics # 103;1987
11944870808;Sem nome;Pessoal;MBA Data Analytics # 103;1988
11976488321;Sem nome;Pessoal;MBA Data Analytics # 103;1989
21983817557;Sem nome;Pessoal;MBA Data Analytics # 103;1990
8191175214;Sem nome;Pessoal;MBA Data Analytics # 103;1991
5496838476;Sem nome;Pessoal;MBA Data Analytics # 103;1992
21996219721;Sem nome;Pessoal;MBA Data Analytics # 103;1993
21992152002;Sem nome;Pessoal;MBA Data Analytics # 103;1994
11988478621;Sem nome;Pessoal;MBA Data Analytics # 103;1995
6198032804;Sem nome;Pessoal;MBA Data Analytics # 103;1996
3183284707;Sem nome;Pessoal;MBA Data Analytics # 103;1997
4899563659;Sem nome;Pessoal;MBA Data Analytics # 103;1998
3188981052;Sem nome;Pessoal;MBA Data Analytics # 103;1999
11940136509;Sem nome;Pessoal;MBA Data Analytics # 103;2000
24999961272;Sem nome;Pessoal;MBA Data Analytics # 103;2001
3180227266;Sem nome;Pessoal;MBA Data Analytics # 103;2002
21965025401;Sem nome;Pessoal;MBA Data Analytics # 103;2003
15997901181;Sem nome;Pessoal;MBA Data Analytics # 103;2004
5199569941;Sem nome;Pessoal;MBA Data Analytics # 103;2005
21971660291;Sem nome;Pessoal;MBA Data Analytics # 103;2006
21982738455;Sem nome;Pessoal;MBA Data Analytics # 103;2007
21988011350;Sem nome;Pessoal;MBA Data Analytics # 103;2008
3198926059;Sem nome;Pessoal;MBA Data Analytics # 103;2009
4891105741;Sem nome;Pessoal;MBA Data Analytics # 103;2010
11974090838;Sem nome;Pessoal;MBA Data Analytics # 103;2011
6192538530;Sem nome;Pessoal;MBA Data Analytics # 103;2012
11998177263;Sem nome;Pessoal;MBA Data Analytics # 103;2013
8698295580;Sem nome;Pessoal;MBA Data Analytics # 103;2014
21997232797;Sem nome;Pessoal;MBA Data Analytics # 103;2015
19989070415;Sem nome;Pessoal;MBA Data Analytics # 103;2016
