Fone;Nome;Codigo;Tipo de conta;"Grupo			"
41995113689;Grupo Proquia Santa Rita, Santana e Dr. Renan;1;;
41995169856;Grupo Proquia Santa Rita, Santana e Dr. Renan;2;;
41995200272;Grupo Proquia Santa Rita, Santana e Dr. Renan;3;;
41995224394;Grupo Proquia Santa Rita, Santana e Dr. Renan;4;;
41995258834;Grupo Proquia Santa Rita, Santana e Dr. Renan;5;;
41995267795;Grupo Proquia Santa Rita, Santana e Dr. Renan;6;;
41995296663;Grupo Proquia Santa Rita, Santana e Dr. Renan;7;;
41995349500;Grupo Proquia Santa Rita, Santana e Dr. Renan;8;;
41995452924;Grupo Proquia Santa Rita, Santana e Dr. Renan;9;;
41995467342;Grupo Proquia Santa Rita, Santana e Dr. Renan;10;;
41995483583;Grupo Proquia Santa Rita, Santana e Dr. Renan;11;;
41995492796;Grupo Proquia Santa Rita, Santana e Dr. Renan;12;;
41995513434;Grupo Proquia Santa Rita, Santana e Dr. Renan;13;;
41995613417;Grupo Proquia Santa Rita, Santana e Dr. Renan;14;;
41995614583;Grupo Proquia Santa Rita, Santana e Dr. Renan;15;;
41995646221;Grupo Proquia Santa Rita, Santana e Dr. Renan;16;;
41995649254;Grupo Proquia Santa Rita, Santana e Dr. Renan;17;;
41995682443;Grupo Proquia Santa Rita, Santana e Dr. Renan;18;;
41995719663;Grupo Proquia Santa Rita, Santana e Dr. Renan;19;;
41995724219;Grupo Proquia Santa Rita, Santana e Dr. Renan;20;;
41995726770;Grupo Proquia Santa Rita, Santana e Dr. Renan;21;;
41995812954;Grupo Proquia Santa Rita, Santana e Dr. Renan;22;;
41995822543;Grupo Proquia Santa Rita, Santana e Dr. Renan;23;;
41995867905;Grupo Proquia Santa Rita, Santana e Dr. Renan;24;;
41995903695;Grupo Proquia Santa Rita, Santana e Dr. Renan;25;;
41995931399;Grupo Proquia Santa Rita, Santana e Dr. Renan;26;;
41995947456;Grupo Proquia Santa Rita, Santana e Dr. Renan;27;;
41996037036;Grupo Proquia Santa Rita, Santana e Dr. Renan;28;;
41996100675;Grupo Proquia Santa Rita, Santana e Dr. Renan;29;;
41996146756;Grupo Proquia Santa Rita, Santana e Dr. Renan;30;;
41996152177;Grupo Proquia Santa Rita, Santana e Dr. Renan;31;;
41996177602;Grupo Proquia Santa Rita, Santana e Dr. Renan;32;;
41996185217;Grupo Proquia Santa Rita, Santana e Dr. Renan;33;;
41996185358;Grupo Proquia Santa Rita, Santana e Dr. Renan;34;;
41996193624;Grupo Proquia Santa Rita, Santana e Dr. Renan;35;;
41996203097;Grupo Proquia Santa Rita, Santana e Dr. Renan;36;;
41996204074;Grupo Proquia Santa Rita, Santana e Dr. Renan;37;;
41996206232;Grupo Proquia Santa Rita, Santana e Dr. Renan;38;;
41996255414;Grupo Proquia Santa Rita, Santana e Dr. Renan;39;;
41996278462;Grupo Proquia Santa Rita, Santana e Dr. Renan;40;;
41996315435;Grupo Proquia Santa Rita, Santana e Dr. Renan;41;;
41996329154;Grupo Proquia Santa Rita, Santana e Dr. Renan;42;;
41996345183;Grupo Proquia Santa Rita, Santana e Dr. Renan;43;;
41996367865;Grupo Proquia Santa Rita, Santana e Dr. Renan;44;;
41996376834;Grupo Proquia Santa Rita, Santana e Dr. Renan;45;;
41996386471;Grupo Proquia Santa Rita, Santana e Dr. Renan;46;;
41996395238;Grupo Proquia Santa Rita, Santana e Dr. Renan;47;;
41996408218;Grupo Proquia Santa Rita, Santana e Dr. Renan;48;;
41996416315;Grupo Proquia Santa Rita, Santana e Dr. Renan;49;;
41996440974;Grupo Proquia Santa Rita, Santana e Dr. Renan;50;;
41996443997;Grupo Proquia Santa Rita, Santana e Dr. Renan;51;;
41996451294;Grupo Proquia Santa Rita, Santana e Dr. Renan;52;;
41996465814;Grupo Proquia Santa Rita, Santana e Dr. Renan;53;;
41996505781;Grupo Proquia Santa Rita, Santana e Dr. Renan;54;;
41996529704;Grupo Proquia Santa Rita, Santana e Dr. Renan;55;;
41996551043;Grupo Proquia Santa Rita, Santana e Dr. Renan;56;;
41996558248;Grupo Proquia Santa Rita, Santana e Dr. Renan;57;;
41996591008;Grupo Proquia Santa Rita, Santana e Dr. Renan;58;;
41996626149;Grupo Proquia Santa Rita, Santana e Dr. Renan;59;;
41996638742;Grupo Proquia Santa Rita, Santana e Dr. Renan;60;;
41996656891;Grupo Proquia Santa Rita, Santana e Dr. Renan;61;;
41996666814;Grupo Proquia Santa Rita, Santana e Dr. Renan;62;;
41996676471;Grupo Proquia Santa Rita, Santana e Dr. Renan;63;;
41996678062;Grupo Proquia Santa Rita, Santana e Dr. Renan;64;;
41996735545;Grupo Proquia Santa Rita, Santana e Dr. Renan;65;;
41996736221;Grupo Proquia Santa Rita, Santana e Dr. Renan;66;;
41996736370;Grupo Proquia Santa Rita, Santana e Dr. Renan;67;;
41996767165;Grupo Proquia Santa Rita, Santana e Dr. Renan;68;;
41996774978;Grupo Proquia Santa Rita, Santana e Dr. Renan;69;;
41996798720;Grupo Proquia Santa Rita, Santana e Dr. Renan;70;;
41996822518;Grupo Proquia Santa Rita, Santana e Dr. Renan;71;;
41996835781;Grupo Proquia Santa Rita, Santana e Dr. Renan;72;;
41996886824;Grupo Proquia Santa Rita, Santana e Dr. Renan;73;;
41996888624;Grupo Proquia Santa Rita, Santana e Dr. Renan;74;;
41996926059;Grupo Proquia Santa Rita, Santana e Dr. Renan;75;;
41996937501;Grupo Proquia Santa Rita, Santana e Dr. Renan;76;;
41996974190;Grupo Proquia Santa Rita, Santana e Dr. Renan;77;;
41996983653;Grupo Proquia Santa Rita, Santana e Dr. Renan;78;;
41996990401;Grupo Proquia Santa Rita, Santana e Dr. Renan;79;;
41996999604;Grupo Proquia Santa Rita, Santana e Dr. Renan;80;;
41997000161;Grupo Proquia Santa Rita, Santana e Dr. Renan;81;;
41997006800;Grupo Proquia Santa Rita, Santana e Dr. Renan;82;;
41997033714;Grupo Proquia Santa Rita, Santana e Dr. Renan;83;;
41997041603;Grupo Proquia Santa Rita, Santana e Dr. Renan;84;;
41997056626;Grupo Proquia Santa Rita, Santana e Dr. Renan;85;;
41997086760;Grupo Proquia Santa Rita, Santana e Dr. Renan;86;;
41997092505;Grupo Proquia Santa Rita, Santana e Dr. Renan;87;;
41997097904;Grupo Proquia Santa Rita, Santana e Dr. Renan;88;;
41997117642;Grupo Proquia Santa Rita, Santana e Dr. Renan;89;;
41997117761;Grupo Proquia Santa Rita, Santana e Dr. Renan;90;;
41997195272;Grupo Proquia Santa Rita, Santana e Dr. Renan;91;;
41997197181;Grupo Proquia Santa Rita, Santana e Dr. Renan;92;;
41997259501;Grupo Proquia Santa Rita, Santana e Dr. Renan;93;;
41997353341;Grupo Proquia Santa Rita, Santana e Dr. Renan;94;;
41997353679;Grupo Proquia Santa Rita, Santana e Dr. Renan;95;;
41997402745;Grupo Proquia Santa Rita, Santana e Dr. Renan;96;;
41997405568;Grupo Proquia Santa Rita, Santana e Dr. Renan;97;;
41997408225;Grupo Proquia Santa Rita, Santana e Dr. Renan;98;;
41997415460;Grupo Proquia Santa Rita, Santana e Dr. Renan;99;;
41997443051;Grupo Proquia Santa Rita, Santana e Dr. Renan;100;;
41997448259;Grupo Proquia Santa Rita, Santana e Dr. Renan;101;;
41997448381;Grupo Proquia Santa Rita, Santana e Dr. Renan;102;;
41997459137;Grupo Proquia Santa Rita, Santana e Dr. Renan;103;;
41997468791;Grupo Proquia Santa Rita, Santana e Dr. Renan;104;;
41997487043;Grupo Proquia Santa Rita, Santana e Dr. Renan;105;;
41997519890;Grupo Proquia Santa Rita, Santana e Dr. Renan;106;;
41997551670;Grupo Proquia Santa Rita, Santana e Dr. Renan;107;;
41997580289;Grupo Proquia Santa Rita, Santana e Dr. Renan;108;;
41997597764;Grupo Proquia Santa Rita, Santana e Dr. Renan;109;;
41997628920;Grupo Proquia Santa Rita, Santana e Dr. Renan;110;;
41997711434;Grupo Proquia Santa Rita, Santana e Dr. Renan;111;;
41997735698;Grupo Proquia Santa Rita, Santana e Dr. Renan;112;;
41997759296;Grupo Proquia Santa Rita, Santana e Dr. Renan;113;;
41997787756;Grupo Proquia Santa Rita, Santana e Dr. Renan;114;;
41997799921;Grupo Proquia Santa Rita, Santana e Dr. Renan;115;;
41997801054;Grupo Proquia Santa Rita, Santana e Dr. Renan;116;;
41997804073;Grupo Proquia Santa Rita, Santana e Dr. Renan;117;;
41997811770;Grupo Proquia Santa Rita, Santana e Dr. Renan;118;;
41997829724;Grupo Proquia Santa Rita, Santana e Dr. Renan;119;;
41997897438;Grupo Proquia Santa Rita, Santana e Dr. Renan;120;;
41997945645;Grupo Proquia Santa Rita, Santana e Dr. Renan;121;;
41997954062;Grupo Proquia Santa Rita, Santana e Dr. Renan;122;;
41997993757;Grupo Proquia Santa Rita, Santana e Dr. Renan;123;;
41998078277;Grupo Proquia Santa Rita, Santana e Dr. Renan;124;;
41998107506;Grupo Proquia Santa Rita, Santana e Dr. Renan;125;;
41998108744;Grupo Proquia Santa Rita, Santana e Dr. Renan;126;;
41998142386;Grupo Proquia Santa Rita, Santana e Dr. Renan;127;;
41998146618;Grupo Proquia Santa Rita, Santana e Dr. Renan;128;;
41998164651;Grupo Proquia Santa Rita, Santana e Dr. Renan;129;;
41998239884;Grupo Proquia Santa Rita, Santana e Dr. Renan;130;;
41998267818;Grupo Proquia Santa Rita, Santana e Dr. Renan;131;;
41998272913;Grupo Proquia Santa Rita, Santana e Dr. Renan;132;;
41998332996;Grupo Proquia Santa Rita, Santana e Dr. Renan;133;;
41998371751;Grupo Proquia Santa Rita, Santana e Dr. Renan;134;;
41998400170;Grupo Proquia Santa Rita, Santana e Dr. Renan;135;;
41998402207;Grupo Proquia Santa Rita, Santana e Dr. Renan;136;;
41998417021;Grupo Proquia Santa Rita, Santana e Dr. Renan;137;;
41998446748;Grupo Proquia Santa Rita, Santana e Dr. Renan;138;;
41998470578;Grupo Proquia Santa Rita, Santana e Dr. Renan;139;;
41998477712;Grupo Proquia Santa Rita, Santana e Dr. Renan;140;;
41998488610;Grupo Proquia Santa Rita, Santana e Dr. Renan;141;;
41998489002;Grupo Proquia Santa Rita, Santana e Dr. Renan;142;;
41998528315;Grupo Proquia Santa Rita, Santana e Dr. Renan;143;;
41998536430;Grupo Proquia Santa Rita, Santana e Dr. Renan;144;;
41998556439;Grupo Proquia Santa Rita, Santana e Dr. Renan;145;;
41998565033;Grupo Proquia Santa Rita, Santana e Dr. Renan;146;;
41998565699;Grupo Proquia Santa Rita, Santana e Dr. Renan;147;;
41998574810;Grupo Proquia Santa Rita, Santana e Dr. Renan;148;;
41998582271;Grupo Proquia Santa Rita, Santana e Dr. Renan;149;;
41998584384;Grupo Proquia Santa Rita, Santana e Dr. Renan;150;;
41998584453;Grupo Proquia Santa Rita, Santana e Dr. Renan;151;;
41998589138;Grupo Proquia Santa Rita, Santana e Dr. Renan;152;;
41998590957;Grupo Proquia Santa Rita, Santana e Dr. Renan;153;;
41998598817;Grupo Proquia Santa Rita, Santana e Dr. Renan;154;;
41998649452;Grupo Proquia Santa Rita, Santana e Dr. Renan;155;;
41998656240;Grupo Proquia Santa Rita, Santana e Dr. Renan;156;;
41998660851;Grupo Proquia Santa Rita, Santana e Dr. Renan;157;;
41998675904;Grupo Proquia Santa Rita, Santana e Dr. Renan;158;;
41998688187;Grupo Proquia Santa Rita, Santana e Dr. Renan;159;;
41998709797;Grupo Proquia Santa Rita, Santana e Dr. Renan;160;;
41998759761;Grupo Proquia Santa Rita, Santana e Dr. Renan;161;;
41998765752;Grupo Proquia Santa Rita, Santana e Dr. Renan;162;;
41998776438;Grupo Proquia Santa Rita, Santana e Dr. Renan;163;;
41998809331;Grupo Proquia Santa Rita, Santana e Dr. Renan;164;;
41998819901;Grupo Proquia Santa Rita, Santana e Dr. Renan;165;;
41998849189;Grupo Proquia Santa Rita, Santana e Dr. Renan;166;;
41998886036;Grupo Proquia Santa Rita, Santana e Dr. Renan;167;;
41998930533;Grupo Proquia Santa Rita, Santana e Dr. Renan;168;;
41998948710;Grupo Proquia Santa Rita, Santana e Dr. Renan;169;;
41998977095;Grupo Proquia Santa Rita, Santana e Dr. Renan;170;;
41999005493;Grupo Proquia Santa Rita, Santana e Dr. Renan;171;;
41999013958;Grupo Proquia Santa Rita, Santana e Dr. Renan;172;;
41999017763;Grupo Proquia Santa Rita, Santana e Dr. Renan;173;;
41999023663;Grupo Proquia Santa Rita, Santana e Dr. Renan;174;;
41999038795;Grupo Proquia Santa Rita, Santana e Dr. Renan;175;;
41999054856;Grupo Proquia Santa Rita, Santana e Dr. Renan;176;;
41999055866;Grupo Proquia Santa Rita, Santana e Dr. Renan;177;;
41999071957;Grupo Proquia Santa Rita, Santana e Dr. Renan;178;;
41999072995;Grupo Proquia Santa Rita, Santana e Dr. Renan;179;;
41999079481;Grupo Proquia Santa Rita, Santana e Dr. Renan;180;;
41999089486;Grupo Proquia Santa Rita, Santana e Dr. Renan;181;;
41999169618;Grupo Proquia Santa Rita, Santana e Dr. Renan;182;;
41999172572;Grupo Proquia Santa Rita, Santana e Dr. Renan;183;;
41999176729;Grupo Proquia Santa Rita, Santana e Dr. Renan;184;;
41999194644;Grupo Proquia Santa Rita, Santana e Dr. Renan;185;;
41999194823;Grupo Proquia Santa Rita, Santana e Dr. Renan;186;;
41999203031;Grupo Proquia Santa Rita, Santana e Dr. Renan;187;;
41999207205;Grupo Proquia Santa Rita, Santana e Dr. Renan;188;;
41999208565;Grupo Proquia Santa Rita, Santana e Dr. Renan;189;;
41999211893;Grupo Proquia Santa Rita, Santana e Dr. Renan;190;;
41999304506;Grupo Proquia Santa Rita, Santana e Dr. Renan;191;;
41999327603;Grupo Proquia Santa Rita, Santana e Dr. Renan;192;;
41999332534;Grupo Proquia Santa Rita, Santana e Dr. Renan;193;;
41999336344;Grupo Proquia Santa Rita, Santana e Dr. Renan;194;;
41999354375;Grupo Proquia Santa Rita, Santana e Dr. Renan;195;;
41999435134;Grupo Proquia Santa Rita, Santana e Dr. Renan;196;;
41999442319;Grupo Proquia Santa Rita, Santana e Dr. Renan;197;;
41999467348;Grupo Proquia Santa Rita, Santana e Dr. Renan;198;;
41999497008;Grupo Proquia Santa Rita, Santana e Dr. Renan;199;;
41999497504;Grupo Proquia Santa Rita, Santana e Dr. Renan;200;;
41999504212;Grupo Proquia Santa Rita, Santana e Dr. Renan;201;;
41999546564;Grupo Proquia Santa Rita, Santana e Dr. Renan;202;;
41999572128;Grupo Proquia Santa Rita, Santana e Dr. Renan;203;;
41999574991;Grupo Proquia Santa Rita, Santana e Dr. Renan;204;;
41999605449;Grupo Proquia Santa Rita, Santana e Dr. Renan;205;;
41999613501;Grupo Proquia Santa Rita, Santana e Dr. Renan;206;;
41999636230;Grupo Proquia Santa Rita, Santana e Dr. Renan;207;;
41999637357;Grupo Proquia Santa Rita, Santana e Dr. Renan;208;;
41999677732;Grupo Proquia Santa Rita, Santana e Dr. Renan;209;;
41999688716;Grupo Proquia Santa Rita, Santana e Dr. Renan;210;;
41999714155;Grupo Proquia Santa Rita, Santana e Dr. Renan;211;;
41999742678;Grupo Proquia Santa Rita, Santana e Dr. Renan;212;;
41999755497;Grupo Proquia Santa Rita, Santana e Dr. Renan;213;;
41999785310;Grupo Proquia Santa Rita, Santana e Dr. Renan;214;;
41999788071;Grupo Proquia Santa Rita, Santana e Dr. Renan;215;;
41999823012;Grupo Proquia Santa Rita, Santana e Dr. Renan;216;;
41999869897;Grupo Proquia Santa Rita, Santana e Dr. Renan;217;;
41999881132;Grupo Proquia Santa Rita, Santana e Dr. Renan;218;;
41999894837;Grupo Proquia Santa Rita, Santana e Dr. Renan;219;;
41999897032;Grupo Proquia Santa Rita, Santana e Dr. Renan;220;;
41999908997;Grupo Proquia Santa Rita, Santana e Dr. Renan;221;;
42988162373;Grupo Proquia Santa Rita, Santana e Dr. Renan;222;;
42999223424;Grupo Proquia Santa Rita, Santana e Dr. Renan;223;;
43996387818;Grupo Proquia Santa Rita, Santana e Dr. Renan;224;;
43999889424;Grupo Proquia Santa Rita, Santana e Dr. Renan;225;;
44998468384;Grupo Proquia Santa Rita, Santana e Dr. Renan;226;;
44999736368;Grupo Proquia Santa Rita, Santana e Dr. Renan;227;;
45998592335;Grupo Proquia Santa Rita, Santana e Dr. Renan;228;;
47996095860;Grupo Proquia Santa Rita, Santana e Dr. Renan;229;;
47996328855;Grupo Proquia Santa Rita, Santana e Dr. Renan;230;;
47999493044;Grupo Proquia Santa Rita, Santana e Dr. Renan;231;;
48999805263;Grupo Proquia Santa Rita, Santana e Dr. Renan;232;;
54996008770;Grupo Proquia Santa Rita, Santana e Dr. Renan;233;;
98984245397;Grupo Proquia Santa Rita, Santana e Dr. Renan;234;;
98985840183;Grupo Proquia Santa Rita, Santana e Dr. Renan;235;;
96991356768;Grupo Proquia Santa Rita, Santana e Dr. Renan;236;;
44998141815;Grupo Proquia Santa Rita, Santana e Dr. Renan;237;;
32999116226;Grupo Proquia Santa Rita, Santana e Dr. Renan;238;;
69992226300;Grupo Proquia Santa Rita, Santana e Dr. Renan;239;;
51995979404;Grupo Proquia Santa Rita, Santana e Dr. Renan;240;;
35991703141;Grupo Proquia Santa Rita, Santana e Dr. Renan;241;;
37988329827;Grupo Proquia Santa Rita, Santana e Dr. Renan;242;;
85996822745;Grupo Proquia Santa Rita, Santana e Dr. Renan;243;;
92992008342;Grupo Proquia Santa Rita, Santana e Dr. Renan;244;;
91989394182;Grupo Proquia Santa Rita, Santana e Dr. Renan;245;;
51993316316;Grupo Proquia Santa Rita, Santana e Dr. Renan;246;;
51981476186;Grupo Proquia Santa Rita, Santana e Dr. Renan;247;;
62996558892;Grupo Proquia Santa Rita, Santana e Dr. Renan;248;;
54996474904;Grupo Proquia Santa Rita, Santana e Dr. Renan;249;;
81999669195;Grupo Proquia Santa Rita, Santana e Dr. Renan;250;;
73988356839;Grupo Proquia Santa Rita, Santana e Dr. Renan;251;;
34991461151;Grupo Proquia Santa Rita, Santana e Dr. Renan;252;;
31997770055;Grupo Proquia Santa Rita, Santana e Dr. Renan;253;;
41999054467;Grupo Proquia Santa Rita, Santana e Dr. Renan;254;;
41996844005;Grupo Proquia Santa Rita, Santana e Dr. Renan;255;;
86981746926;Grupo Proquia Santa Rita, Santana e Dr. Renan;256;;
51993558721;Grupo Proquia Santa Rita, Santana e Dr. Renan;257;;
35988739835;Grupo Proquia Santa Rita, Santana e Dr. Renan;258;;
44999486269;Grupo Proquia Santa Rita, Santana e Dr. Renan;259;;
77998098737;Grupo Proquia Santa Rita, Santana e Dr. Renan;260;;
84988219007;Grupo Proquia Santa Rita, Santana e Dr. Renan;261;;
62992640400;Grupo Proquia Santa Rita, Santana e Dr. Renan;262;;
47999721577;Grupo Proquia Santa Rita, Santana e Dr. Renan;263;;
34999044521;Grupo Proquia Santa Rita, Santana e Dr. Renan;264;;
66999626057;Grupo Proquia Santa Rita, Santana e Dr. Renan;265;;
51981157855;Grupo Proquia Santa Rita, Santana e Dr. Renan;266;;
31985335448;Grupo Proquia Santa Rita, Santana e Dr. Renan;267;;
61992860873;Grupo Proquia Santa Rita, Santana e Dr. Renan;268;;
81992560088;Grupo Proquia Santa Rita, Santana e Dr. Renan;269;;
49988045262;Grupo Proquia Santa Rita, Santana e Dr. Renan;270;;
75991138431;Grupo Proquia Santa Rita, Santana e Dr. Renan;271;;
48991775511;Grupo Proquia Santa Rita, Santana e Dr. Renan;272;;
61981082102;Grupo Proquia Santa Rita, Santana e Dr. Renan;273;;
33988446637;Grupo Proquia Santa Rita, Santana e Dr. Renan;274;;
63992712215;Grupo Proquia Santa Rita, Santana e Dr. Renan;275;;
51992743663;Grupo Proquia Santa Rita, Santana e Dr. Renan;276;;
41996214250;Grupo Proquia Santa Rita, Santana e Dr. Renan;277;;
84987472550;Grupo Proquia Santa Rita, Santana e Dr. Renan;278;;
69993732729;Grupo Proquia Santa Rita, Santana e Dr. Renan;279;;
35998227905;Grupo Proquia Santa Rita, Santana e Dr. Renan;280;;
64992299800;Grupo Proquia Santa Rita, Santana e Dr. Renan;281;;
65999727459;Grupo Proquia Santa Rita, Santana e Dr. Renan;282;;
62985208850;Grupo Proquia Santa Rita, Santana e Dr. Renan;283;;
61999011401;Grupo Proquia Santa Rita, Santana e Dr. Renan;284;;
41997663228;Grupo Proquia Santa Rita, Santana e Dr. Renan;285;;
41999763573;Grupo Proquia Santa Rita, Santana e Dr. Renan;286;;
41992276888;Grupo Proquia Santa Rita, Santana e Dr. Renan;287;;
44999653166;Grupo Proquia Santa Rita, Santana e Dr. Renan;288;;
41999055774;Grupo Proquia Santa Rita, Santana e Dr. Renan;289;;
61992151046;Grupo Proquia Santa Rita, Santana e Dr. Renan;290;;
34997792937;Grupo Proquia Santa Rita, Santana e Dr. Renan;291;;
54984164180;Grupo Proquia Santa Rita, Santana e Dr. Renan;292;;
44999312434;Grupo Proquia Santa Rita, Santana e Dr. Renan;293;;
33999673639;Grupo Proquia Santa Rita, Santana e Dr. Renan;294;;
35997007968;Grupo Proquia Santa Rita, Santana e Dr. Renan;295;;
62982059441;Grupo Proquia Santa Rita, Santana e Dr. Renan;296;;
37988288448;Grupo Proquia Santa Rita, Santana e Dr. Renan;297;;
31988074382;Grupo Proquia Santa Rita, Santana e Dr. Renan;298;;
53984653842;Grupo Proquia Santa Rita, Santana e Dr. Renan;299;;
38991729619;Grupo Proquia Santa Rita, Santana e Dr. Renan;300;;
67992641751;Grupo Proquia Santa Rita, Santana e Dr. Renan;301;;
61992988977;Grupo Proquia Santa Rita, Santana e Dr. Renan;302;;
51993080089;Grupo Proquia Santa Rita, Santana e Dr. Renan;303;;
91983442523;Grupo Proquia Santa Rita, Santana e Dr. Renan;304;;
67992891358;Grupo Proquia Santa Rita, Santana e Dr. Renan;305;;
48991023183;Grupo Proquia Santa Rita, Santana e Dr. Renan;306;;
48996936145;Grupo Proquia Santa Rita, Santana e Dr. Renan;307;;
31986791569;Grupo Proquia Santa Rita, Santana e Dr. Renan;308;;
61996105478;Grupo Proquia Santa Rita, Santana e Dr. Renan;309;;
47991482002;Grupo Proquia Santa Rita, Santana e Dr. Renan;310;;
67996927774;Grupo Proquia Santa Rita, Santana e Dr. Renan;311;;
61992134248;Grupo Proquia Santa Rita, Santana e Dr. Renan;312;;
32991232842;Grupo Proquia Santa Rita, Santana e Dr. Renan;313;;
41996123177;Grupo Proquia Santa Rita, Santana e Dr. Renan;314;;
83986230691;Grupo Proquia Santa Rita, Santana e Dr. Renan;315;;
51992238103;Grupo Proquia Santa Rita, Santana e Dr. Renan;316;;
65992889854;Grupo Proquia Santa Rita, Santana e Dr. Renan;317;;
31993523980;Grupo Proquia Santa Rita, Santana e Dr. Renan;318;;
83981593372;Grupo Proquia Santa Rita, Santana e Dr. Renan;319;;
44988395170;Grupo Proquia Santa Rita, Santana e Dr. Renan;320;;
54991748801;Grupo Proquia Santa Rita, Santana e Dr. Renan;321;;
99988026030;Grupo Proquia Santa Rita, Santana e Dr. Renan;322;;
43996210307;Grupo Proquia Santa Rita, Santana e Dr. Renan;323;;
41996901453;Grupo Proquia Santa Rita, Santana e Dr. Renan;324;;
51984006067;Grupo Proquia Santa Rita, Santana e Dr. Renan;325;;
54991157699;Grupo Proquia Santa Rita, Santana e Dr. Renan;326;;
51999124590;Grupo Proquia Santa Rita, Santana e Dr. Renan;327;;
51980477908;Grupo Proquia Santa Rita, Santana e Dr. Renan;328;;
33999897606;Grupo Proquia Santa Rita, Santana e Dr. Renan;329;;
92981925904;Grupo Proquia Santa Rita, Santana e Dr. Renan;330;;
66992356351;Grupo Proquia Santa Rita, Santana e Dr. Renan;331;;
41988664746;Grupo Proquia Santa Rita, Santana e Dr. Renan;332;;
51996813699;Grupo Proquia Santa Rita, Santana e Dr. Renan;333;;
37991945508;Grupo Proquia Santa Rita, Santana e Dr. Renan;334;;
47992354296;Grupo Proquia Santa Rita, Santana e Dr. Renan;335;;
61981386993;Grupo Proquia Santa Rita, Santana e Dr. Renan;336;;
62983222046;Grupo Proquia Santa Rita, Santana e Dr. Renan;337;;
31997776707;Grupo Proquia Santa Rita, Santana e Dr. Renan;338;;
51994372848;Grupo Proquia Santa Rita, Santana e Dr. Renan;339;;
71992023852;Grupo Proquia Santa Rita, Santana e Dr. Renan;340;;
71999625190;Grupo Proquia Santa Rita, Santana e Dr. Renan;341;;
35992329343;Grupo Proquia Santa Rita, Santana e Dr. Renan;342;;
45999647600;Grupo Proquia Santa Rita, Santana e Dr. Renan;343;;
31989622362;Grupo Proquia Santa Rita, Santana e Dr. Renan;344;;
71981521298;Grupo Proquia Santa Rita, Santana e Dr. Renan;345;;
51981114183;Grupo Proquia Santa Rita, Santana e Dr. Renan;346;;
65998190386;Grupo Proquia Santa Rita, Santana e Dr. Renan;347;;
37999852850;Grupo Proquia Santa Rita, Santana e Dr. Renan;348;;
41996902912;Grupo Proquia Santa Rita, Santana e Dr. Renan;349;;
66996172790;Grupo Proquia Santa Rita, Santana e Dr. Renan;350;;
41991155667;Grupo Proquia Santa Rita, Santana e Dr. Renan;351;;
71993071226;Grupo Proquia Santa Rita, Santana e Dr. Renan;352;;
31995590742;Grupo Proquia Santa Rita, Santana e Dr. Renan;353;;
61991736455;Grupo Proquia Santa Rita, Santana e Dr. Renan;354;;
61981944237;Grupo Proquia Santa Rita, Santana e Dr. Renan;355;;
98991336775;Grupo Proquia Santa Rita, Santana e Dr. Renan;356;;
67999114804;Grupo Proquia Santa Rita, Santana e Dr. Renan;357;;
44999318549;Grupo Proquia Santa Rita, Santana e Dr. Renan;358;;
31988293330;Grupo Proquia Santa Rita, Santana e Dr. Renan;359;;
41997825821;Grupo Proquia Santa Rita, Santana e Dr. Renan;360;;
37988012900;Grupo Proquia Santa Rita, Santana e Dr. Renan;361;;
51995651075;Grupo Proquia Santa Rita, Santana e Dr. Renan;362;;
71982176291;Grupo Proquia Santa Rita, Santana e Dr. Renan;363;;
65993250279;Grupo Proquia Santa Rita, Santana e Dr. Renan;364;;
87999850572;Grupo Proquia Santa Rita, Santana e Dr. Renan;365;;
31996786004;Grupo Proquia Santa Rita, Santana e Dr. Renan;366;;
55996118807;Grupo Proquia Santa Rita, Santana e Dr. Renan;367;;
81992176747;Grupo Proquia Santa Rita, Santana e Dr. Renan;368;;
61996161117;Grupo Proquia Santa Rita, Santana e Dr. Renan;369;;
41996466271;Grupo Proquia Santa Rita, Santana e Dr. Renan;370;;
54984034407;Grupo Proquia Santa Rita, Santana e Dr. Renan;371;;
62998416878;Grupo Proquia Santa Rita, Santana e Dr. Renan;372;;
67992489035;Grupo Proquia Santa Rita, Santana e Dr. Renan;373;;
47984248262;Grupo Proquia Santa Rita, Santana e Dr. Renan;374;;
62999242494;Grupo Proquia Santa Rita, Santana e Dr. Renan;375;;
32999709625;Grupo Proquia Santa Rita, Santana e Dr. Renan;376;;
41996535281;Grupo Proquia Santa Rita, Santana e Dr. Renan;377;;
92991778274;Grupo Proquia Santa Rita, Santana e Dr. Renan;378;;
54994708616;Grupo Proquia Santa Rita, Santana e Dr. Renan;379;;
35999113917;Grupo Proquia Santa Rita, Santana e Dr. Renan;380;;
92993482647;Grupo Proquia Santa Rita, Santana e Dr. Renan;381;;
88998340008;Grupo Proquia Santa Rita, Santana e Dr. Renan;382;;
67993210682;Grupo Proquia Santa Rita, Santana e Dr. Renan;383;;
41984513298;Grupo Proquia Santa Rita, Santana e Dr. Renan;384;;
48991934690;Grupo Proquia Santa Rita, Santana e Dr. Renan;385;;
54991757452;Grupo Proquia Santa Rita, Santana e Dr. Renan;386;;
54996311401;Grupo Proquia Santa Rita, Santana e Dr. Renan;387;;
71987469938;Grupo Proquia Santa Rita, Santana e Dr. Renan;388;;
47996254272;Grupo Proquia Santa Rita, Santana e Dr. Renan;389;;
75988296952;Grupo Proquia Santa Rita, Santana e Dr. Renan;390;;
51999877214;Grupo Proquia Santa Rita, Santana e Dr. Renan;391;;
44998498420;Grupo Proquia Santa Rita, Santana e Dr. Renan;392;;
79998802819;Grupo Proquia Santa Rita, Santana e Dr. Renan;393;;
47999170994;Grupo Proquia Santa Rita, Santana e Dr. Renan;394;;
91982889954;Grupo Proquia Santa Rita, Santana e Dr. Renan;395;;
41999933455;Grupo Proquia Santa Rita, Santana e Dr. Renan;396;;
31996956623;Grupo Proquia Santa Rita, Santana e Dr. Renan;397;;
51992825267;Grupo Proquia Santa Rita, Santana e Dr. Renan;398;;
85997495318;Grupo Proquia Santa Rita, Santana e Dr. Renan;399;;
61984733358;Grupo Proquia Santa Rita, Santana e Dr. Renan;400;;
38999220759;Grupo Proquia Santa Rita, Santana e Dr. Renan;401;;
79999753011;Grupo Proquia Santa Rita, Santana e Dr. Renan;402;;
81981160107;Grupo Proquia Santa Rita, Santana e Dr. Renan;403;;
67981452660;Grupo Proquia Santa Rita, Santana e Dr. Renan;404;;
51991682368;Grupo Proquia Santa Rita, Santana e Dr. Renan;405;;
47996743252;Grupo Proquia Santa Rita, Santana e Dr. Renan;406;;
61984263102;Grupo Proquia Santa Rita, Santana e Dr. Renan;407;;
79998931616;Grupo Proquia Santa Rita, Santana e Dr. Renan;408;;
44999665078;Grupo Proquia Santa Rita, Santana e Dr. Renan;409;;
96999149175;Grupo Proquia Santa Rita, Santana e Dr. Renan;410;;
83999021950;Grupo Proquia Santa Rita, Santana e Dr. Renan;411;;
54981046977;Grupo Proquia Santa Rita, Santana e Dr. Renan;412;;
34992887294;Grupo Proquia Santa Rita, Santana e Dr. Renan;413;;
71992657859;Grupo Proquia Santa Rita, Santana e Dr. Renan;414;;
81989217987;Grupo Proquia Santa Rita, Santana e Dr. Renan;415;;
61981358850;Grupo Proquia Santa Rita, Santana e Dr. Renan;416;;
33999857734;Grupo Proquia Santa Rita, Santana e Dr. Renan;417;;
49988362257;Grupo Proquia Santa Rita, Santana e Dr. Renan;418;;
87988314789;Grupo Proquia Santa Rita, Santana e Dr. Renan;419;;
37999951922;Grupo Proquia Santa Rita, Santana e Dr. Renan;420;;
83987031772;Grupo Proquia Santa Rita, Santana e Dr. Renan;421;;
41991197082;Grupo Proquia Santa Rita, Santana e Dr. Renan;422;;
47992897854;Grupo Proquia Santa Rita, Santana e Dr. Renan;423;;
49999711676;Grupo Proquia Santa Rita, Santana e Dr. Renan;424;;
47992210052;Grupo Proquia Santa Rita, Santana e Dr. Renan;425;;
54984129614;Grupo Proquia Santa Rita, Santana e Dr. Renan;426;;
48988118698;Grupo Proquia Santa Rita, Santana e Dr. Renan;427;;
32999063385;Grupo Proquia Santa Rita, Santana e Dr. Renan;428;;
51982544111;Grupo Proquia Santa Rita, Santana e Dr. Renan;429;;
46999299866;Grupo Proquia Santa Rita, Santana e Dr. Renan;430;;
88999292864;Grupo Proquia Santa Rita, Santana e Dr. Renan;431;;
31973500102;Grupo Proquia Santa Rita, Santana e Dr. Renan;432;;
95984058074;Grupo Proquia Santa Rita, Santana e Dr. Renan;433;;
74999961611;Grupo Proquia Santa Rita, Santana e Dr. Renan;434;;
47996275839;Grupo Proquia Santa Rita, Santana e Dr. Renan;435;;
31995304275;Grupo Proquia Santa Rita, Santana e Dr. Renan;436;;
51997024687;Grupo Proquia Santa Rita, Santana e Dr. Renan;437;;
81987954770;Grupo Proquia Santa Rita, Santana e Dr. Renan;438;;
44997662813;Grupo Proquia Santa Rita, Santana e Dr. Renan;439;;
42999171944;Grupo Proquia Santa Rita, Santana e Dr. Renan;440;;
34996384580;Grupo Proquia Santa Rita, Santana e Dr. Renan;441;;
79999033155;Grupo Proquia Santa Rita, Santana e Dr. Renan;442;;
98985157935;Grupo Proquia Santa Rita, Santana e Dr. Renan;443;;
81988582743;Grupo Proquia Santa Rita, Santana e Dr. Renan;444;;
71996480808;Grupo Proquia Santa Rita, Santana e Dr. Renan;445;;
73988193307;Grupo Proquia Santa Rita, Santana e Dr. Renan;446;;
44998392880;Grupo Proquia Santa Rita, Santana e Dr. Renan;447;;
62991169338;Grupo Proquia Santa Rita, Santana e Dr. Renan;448;;
62984476829;Grupo Proquia Santa Rita, Santana e Dr. Renan;449;;
51981440579;Grupo Proquia Santa Rita, Santana e Dr. Renan;450;;
38992401555;Grupo Proquia Santa Rita, Santana e Dr. Renan;451;;
71988230657;Grupo Proquia Santa Rita, Santana e Dr. Renan;452;;
54999915880;Grupo Proquia Santa Rita, Santana e Dr. Renan;453;;
62993359352;Grupo Proquia Santa Rita, Santana e Dr. Renan;454;;
51996034590;Grupo Proquia Santa Rita, Santana e Dr. Renan;455;;
34997975838;Grupo Proquia Santa Rita, Santana e Dr. Renan;456;;
49999094637;Grupo Proquia Santa Rita, Santana e Dr. Renan;457;;
32988410879;Grupo Proquia Santa Rita, Santana e Dr. Renan;458;;
31991321862;Grupo Proquia Santa Rita, Santana e Dr. Renan;459;;
41991643108;Grupo Proquia Santa Rita, Santana e Dr. Renan;460;;
91984210735;Grupo Proquia Santa Rita, Santana e Dr. Renan;461;;
44999322105;Grupo Proquia Santa Rita, Santana e Dr. Renan;462;;
61996633797;Grupo Proquia Santa Rita, Santana e Dr. Renan;463;;
49984312177;Grupo Proquia Santa Rita, Santana e Dr. Renan;464;;
61992185810;Grupo Proquia Santa Rita, Santana e Dr. Renan;465;;
31988087535;Grupo Proquia Santa Rita, Santana e Dr. Renan;466;;
91988539294;Grupo Proquia Santa Rita, Santana e Dr. Renan;467;;
41996761798;Grupo Proquia Santa Rita, Santana e Dr. Renan;468;;
47996781296;Grupo Proquia Santa Rita, Santana e Dr. Renan;469;;
47991131587;Grupo Proquia Santa Rita, Santana e Dr. Renan;470;;
69992878103;Grupo Proquia Santa Rita, Santana e Dr. Renan;471;;
34999624922;Grupo Proquia Santa Rita, Santana e Dr. Renan;472;;
54999040760;Grupo Proquia Santa Rita, Santana e Dr. Renan;473;;
89994502462;Grupo Proquia Santa Rita, Santana e Dr. Renan;474;;
34992294170;Grupo Proquia Santa Rita, Santana e Dr. Renan;475;;
34988751366;Grupo Proquia Santa Rita, Santana e Dr. Renan;476;;
83993824454;Grupo Proquia Santa Rita, Santana e Dr. Renan;477;;
51999484152;Grupo Proquia Santa Rita, Santana e Dr. Renan;478;;
31985599762;Grupo Proquia Santa Rita, Santana e Dr. Renan;479;;
44999065344;Grupo Proquia Santa Rita, Santana e Dr. Renan;480;;
31971531841;Grupo Proquia Santa Rita, Santana e Dr. Renan;481;;
37991994953;Grupo Proquia Santa Rita, Santana e Dr. Renan;482;;
51999358322;Grupo Proquia Santa Rita, Santana e Dr. Renan;483;;
41997495430;Grupo Proquia Santa Rita, Santana e Dr. Renan;484;;
31971829621;Grupo Proquia Santa Rita, Santana e Dr. Renan;485;;
35999938041;Grupo Proquia Santa Rita, Santana e Dr. Renan;486;;
46988080899;Grupo Proquia Santa Rita, Santana e Dr. Renan;487;;
71996728920;Grupo Proquia Santa Rita, Santana e Dr. Renan;488;;
91981030949;Grupo Proquia Santa Rita, Santana e Dr. Renan;489;;
61981629052;Grupo Proquia Santa Rita, Santana e Dr. Renan;490;;
41984957097;Grupo Proquia Santa Rita, Santana e Dr. Renan;491;;
31996989385;Grupo Proquia Santa Rita, Santana e Dr. Renan;492;;
37999752203;Grupo Proquia Santa Rita, Santana e Dr. Renan;493;;
47991697423;Grupo Proquia Santa Rita, Santana e Dr. Renan;494;;
63992040888;Grupo Proquia Santa Rita, Santana e Dr. Renan;495;;
41997693087;Grupo Proquia Santa Rita, Santana e Dr. Renan;496;;
62981752818;Grupo Proquia Santa Rita, Santana e Dr. Renan;497;;
54999994738;Grupo Proquia Santa Rita, Santana e Dr. Renan;498;;
61981252067;Grupo Proquia Santa Rita, Santana e Dr. Renan;499;;
42998567741;Grupo Proquia Santa Rita, Santana e Dr. Renan;500;;
65996221763;Grupo Proquia Santa Rita, Santana e Dr. Renan;501;;
61983741226;Grupo Proquia Santa Rita, Santana e Dr. Renan;502;;
53991389478;Grupo Proquia Santa Rita, Santana e Dr. Renan;503;;
37991245396;Grupo Proquia Santa Rita, Santana e Dr. Renan;504;;
33998649233;Grupo Proquia Santa Rita, Santana e Dr. Renan;505;;
62994092397;Grupo Proquia Santa Rita, Santana e Dr. Renan;506;;
61995632916;Grupo Proquia Santa Rita, Santana e Dr. Renan;507;;
48998614708;Grupo Proquia Santa Rita, Santana e Dr. Renan;508;;
51998360156;Grupo Proquia Santa Rita, Santana e Dr. Renan;509;;
61981484816;Grupo Proquia Santa Rita, Santana e Dr. Renan;510;;
81994514100;Grupo Proquia Santa Rita, Santana e Dr. Renan;511;;
61996184422;Grupo Proquia Santa Rita, Santana e Dr. Renan;512;;
79991276952;Grupo Proquia Santa Rita, Santana e Dr. Renan;513;;
41988770922;Grupo Proquia Santa Rita, Santana e Dr. Renan;514;;
38988222282;Grupo Proquia Santa Rita, Santana e Dr. Renan;515;;
51992263503;Grupo Proquia Santa Rita, Santana e Dr. Renan;516;;
77981668108;Grupo Proquia Santa Rita, Santana e Dr. Renan;517;;
45998295010;Grupo Proquia Santa Rita, Santana e Dr. Renan;518;;
34996933376;Grupo Proquia Santa Rita, Santana e Dr. Renan;519;;
71997212104;Grupo Proquia Santa Rita, Santana e Dr. Renan;520;;
81989879686;Grupo Proquia Santa Rita, Santana e Dr. Renan;521;;
51999624322;Grupo Proquia Santa Rita, Santana e Dr. Renan;522;;
81984293234;Grupo Proquia Santa Rita, Santana e Dr. Renan;523;;
92991920049;Grupo Proquia Santa Rita, Santana e Dr. Renan;524;;
34984248896;Grupo Proquia Santa Rita, Santana e Dr. Renan;525;;
31997534366;Grupo Proquia Santa Rita, Santana e Dr. Renan;526;;
33988269298;Grupo Proquia Santa Rita, Santana e Dr. Renan;527;;
71984645172;Grupo Proquia Santa Rita, Santana e Dr. Renan;528;;
33984676363;Grupo Proquia Santa Rita, Santana e Dr. Renan;529;;
31987131820;Grupo Proquia Santa Rita, Santana e Dr. Renan;530;;
35998144190;Grupo Proquia Santa Rita, Santana e Dr. Renan;531;;
45998227271;Grupo Proquia Santa Rita, Santana e Dr. Renan;532;;
61981033207;Grupo Proquia Santa Rita, Santana e Dr. Renan;533;;
79996061515;Grupo Proquia Santa Rita, Santana e Dr. Renan;534;;
34999362489;Grupo Proquia Santa Rita, Santana e Dr. Renan;535;;
85985226110;Grupo Proquia Santa Rita, Santana e Dr. Renan;536;;
66984360016;Grupo Proquia Santa Rita, Santana e Dr. Renan;537;;
81995456378;Grupo Proquia Santa Rita, Santana e Dr. Renan;538;;
71999502270;Grupo Proquia Santa Rita, Santana e Dr. Renan;539;;
41996198261;Grupo Proquia Santa Rita, Santana e Dr. Renan;540;;
43999338860;Grupo Proquia Santa Rita, Santana e Dr. Renan;541;;
47984969678;Grupo Proquia Santa Rita, Santana e Dr. Renan;542;;
83991251680;Grupo Proquia Santa Rita, Santana e Dr. Renan;543;;
61994373755;Grupo Proquia Santa Rita, Santana e Dr. Renan;544;;
51997813189;Grupo Proquia Santa Rita, Santana e Dr. Renan;545;;
35998465901;Grupo Proquia Santa Rita, Santana e Dr. Renan;546;;
49988010968;Grupo Proquia Santa Rita, Santana e Dr. Renan;547;;
54991555431;Grupo Proquia Santa Rita, Santana e Dr. Renan;548;;
48991337021;Grupo Proquia Santa Rita, Santana e Dr. Renan;549;;
96981110248;Grupo Proquia Santa Rita, Santana e Dr. Renan;550;;
67998308010;Grupo Proquia Santa Rita, Santana e Dr. Renan;551;;
37999854069;Grupo Proquia Santa Rita, Santana e Dr. Renan;552;;
73998240579;Grupo Proquia Santa Rita, Santana e Dr. Renan;553;;
55996898561;Grupo Proquia Santa Rita, Santana e Dr. Renan;554;;
73999883912;Grupo Proquia Santa Rita, Santana e Dr. Renan;555;;
77998072067;Grupo Proquia Santa Rita, Santana e Dr. Renan;556;;
62998486542;Grupo Proquia Santa Rita, Santana e Dr. Renan;557;;
48996115669;Grupo Proquia Santa Rita, Santana e Dr. Renan;558;;
41998633108;Grupo Proquia Santa Rita, Santana e Dr. Renan;559;;
51982570509;Grupo Proquia Santa Rita, Santana e Dr. Renan;560;;
44997413461;Grupo Proquia Santa Rita, Santana e Dr. Renan;561;;
62996530948;Grupo Proquia Santa Rita, Santana e Dr. Renan;562;;
86999307970;Grupo Proquia Santa Rita, Santana e Dr. Renan;563;;
31983930098;Grupo Proquia Santa Rita, Santana e Dr. Renan;564;;
63999485985;Grupo Proquia Santa Rita, Santana e Dr. Renan;565;;
44999985030;Grupo Proquia Santa Rita, Santana e Dr. Renan;566;;
48999787352;Grupo Proquia Santa Rita, Santana e Dr. Renan;567;;
82999450880;Grupo Proquia Santa Rita, Santana e Dr. Renan;568;;
47991440297;Grupo Proquia Santa Rita, Santana e Dr. Renan;569;;
55991016457;Grupo Proquia Santa Rita, Santana e Dr. Renan;570;;
51999132001;Grupo Proquia Santa Rita, Santana e Dr. Renan;571;;
51997880166;Grupo Proquia Santa Rita, Santana e Dr. Renan;572;;
61981306193;Grupo Proquia Santa Rita, Santana e Dr. Renan;573;;
45999164411;Grupo Proquia Santa Rita, Santana e Dr. Renan;574;;
31983524017;Grupo Proquia Santa Rita, Santana e Dr. Renan;575;;
61984660239;Grupo Proquia Santa Rita, Santana e Dr. Renan;576;;
51981056047;Grupo Proquia Santa Rita, Santana e Dr. Renan;577;;
51984115616;Grupo Proquia Santa Rita, Santana e Dr. Renan;578;;
67998616432;Grupo Proquia Santa Rita, Santana e Dr. Renan;579;;
53999958363;Grupo Proquia Santa Rita, Santana e Dr. Renan;580;;
42999291098;Grupo Proquia Santa Rita, Santana e Dr. Renan;581;;
31999576004;Grupo Proquia Santa Rita, Santana e Dr. Renan;582;;
54991754854;Grupo Proquia Santa Rita, Santana e Dr. Renan;583;;
61991948216;Grupo Proquia Santa Rita, Santana e Dr. Renan;584;;
81988061742;Grupo Proquia Santa Rita, Santana e Dr. Renan;585;;
31997828482;Grupo Proquia Santa Rita, Santana e Dr. Renan;586;;
65999021516;Grupo Proquia Santa Rita, Santana e Dr. Renan;587;;
47996279776;Grupo Proquia Santa Rita, Santana e Dr. Renan;588;;
69981291234;Grupo Proquia Santa Rita, Santana e Dr. Renan;589;;
47988122323;Grupo Proquia Santa Rita, Santana e Dr. Renan;590;;
51999943676;Grupo Proquia Santa Rita, Santana e Dr. Renan;591;;
41985244935;Grupo Proquia Santa Rita, Santana e Dr. Renan;592;;
71996640707;Grupo Proquia Santa Rita, Santana e Dr. Renan;593;;
51999015639;Grupo Proquia Santa Rita, Santana e Dr. Renan;594;;
33991546682;Grupo Proquia Santa Rita, Santana e Dr. Renan;595;;
92991468993;Grupo Proquia Santa Rita, Santana e Dr. Renan;596;;
31993085466;Grupo Proquia Santa Rita, Santana e Dr. Renan;597;;
31988445026;Grupo Proquia Santa Rita, Santana e Dr. Renan;598;;
31995410332;Grupo Proquia Santa Rita, Santana e Dr. Renan;599;;
53981184317;Grupo Proquia Santa Rita, Santana e Dr. Renan;600;;
47992821512;Grupo Proquia Santa Rita, Santana e Dr. Renan;601;;
61984324184;Grupo Proquia Santa Rita, Santana e Dr. Renan;602;;
51993169378;Grupo Proquia Santa Rita, Santana e Dr. Renan;603;;
88992944547;Grupo Proquia Santa Rita, Santana e Dr. Renan;604;;
71999400612;Grupo Proquia Santa Rita, Santana e Dr. Renan;605;;
31991507040;Grupo Proquia Santa Rita, Santana e Dr. Renan;606;;
32984923273;Grupo Proquia Santa Rita, Santana e Dr. Renan;607;;
31997660338;Grupo Proquia Santa Rita, Santana e Dr. Renan;608;;
34999301161;Grupo Proquia Santa Rita, Santana e Dr. Renan;609;;
51991311221;Grupo Proquia Santa Rita, Santana e Dr. Renan;610;;
69984450943;Grupo Proquia Santa Rita, Santana e Dr. Renan;611;;
47991856362;Grupo Proquia Santa Rita, Santana e Dr. Renan;612;;
47991165032;Grupo Proquia Santa Rita, Santana e Dr. Renan;613;;
62998486539;Grupo Proquia Santa Rita, Santana e Dr. Renan;614;;
61981845653;Grupo Proquia Santa Rita, Santana e Dr. Renan;615;;
41995650219;Grupo Proquia Santa Rita, Santana e Dr. Renan;616;;
91982062810;Grupo Proquia Santa Rita, Santana e Dr. Renan;617;;
35991916567;Grupo Proquia Santa Rita, Santana e Dr. Renan;618;;
54999970144;Grupo Proquia Santa Rita, Santana e Dr. Renan;619;;
66992439396;Grupo Proquia Santa Rita, Santana e Dr. Renan;620;;
35999871353;Grupo Proquia Santa Rita, Santana e Dr. Renan;621;;
64981189072;Grupo Proquia Santa Rita, Santana e Dr. Renan;622;;
82999633554;Grupo Proquia Santa Rita, Santana e Dr. Renan;623;;
71999874676;Grupo Proquia Santa Rita, Santana e Dr. Renan;624;;
79998532419;Grupo Proquia Santa Rita, Santana e Dr. Renan;625;;
62999734218;Grupo Proquia Santa Rita, Santana e Dr. Renan;626;;
61996033372;Grupo Proquia Santa Rita, Santana e Dr. Renan;627;;
46999353026;Grupo Proquia Santa Rita, Santana e Dr. Renan;628;;
31992134693;Grupo Proquia Santa Rita, Santana e Dr. Renan;629;;
83988972412;Grupo Proquia Santa Rita, Santana e Dr. Renan;630;;
54991301504;Grupo Proquia Santa Rita, Santana e Dr. Renan;631;;
61981994090;Grupo Proquia Santa Rita, Santana e Dr. Renan;632;;
67981158979;Grupo Proquia Santa Rita, Santana e Dr. Renan;633;;
73988254290;Grupo Proquia Santa Rita, Santana e Dr. Renan;634;;
51981601188;Grupo Proquia Santa Rita, Santana e Dr. Renan;635;;
62999212559;Grupo Proquia Santa Rita, Santana e Dr. Renan;636;;
61991889325;Grupo Proquia Santa Rita, Santana e Dr. Renan;637;;
71999400367;Grupo Proquia Santa Rita, Santana e Dr. Renan;638;;
81988767672;Grupo Proquia Santa Rita, Santana e Dr. Renan;639;;
64992829323;Grupo Proquia Santa Rita, Santana e Dr. Renan;640;;
84994243147;Grupo Proquia Santa Rita, Santana e Dr. Renan;641;;
91981845450;Grupo Proquia Santa Rita, Santana e Dr. Renan;642;;
31989873941;Grupo Proquia Santa Rita, Santana e Dr. Renan;643;;
31994374971;Grupo Proquia Santa Rita, Santana e Dr. Renan;644;;
31983484157;Grupo Proquia Santa Rita, Santana e Dr. Renan;645;;
34999739712;Grupo Proquia Santa Rita, Santana e Dr. Renan;646;;
42988068962;Grupo Proquia Santa Rita, Santana e Dr. Renan;647;;
55984354614;Grupo Proquia Santa Rita, Santana e Dr. Renan;648;;
31987659333;Grupo Proquia Santa Rita, Santana e Dr. Renan;649;;
73981594423;Grupo Proquia Santa Rita, Santana e Dr. Renan;650;;
51993349087;Grupo Proquia Santa Rita, Santana e Dr. Renan;651;;
34998038020;Grupo Proquia Santa Rita, Santana e Dr. Renan;652;;
31996261584;Grupo Proquia Santa Rita, Santana e Dr. Renan;653;;
73999284028;Grupo Proquia Santa Rita, Santana e Dr. Renan;654;;
92992521968;Grupo Proquia Santa Rita, Santana e Dr. Renan;655;;
45999450403;Grupo Proquia Santa Rita, Santana e Dr. Renan;656;;
31996181936;Grupo Proquia Santa Rita, Santana e Dr. Renan;657;;
31996118635;Grupo Proquia Santa Rita, Santana e Dr. Renan;658;;
32991610043;Grupo Proquia Santa Rita, Santana e Dr. Renan;659;;
81997764191;Grupo Proquia Santa Rita, Santana e Dr. Renan;660;;
48988676548;Grupo Proquia Santa Rita, Santana e Dr. Renan;661;;
31971389929;Grupo Proquia Santa Rita, Santana e Dr. Renan;662;;
62985208850;Grupo Proquia Santa Rita, Santana e Dr. Renan;663;;
44999274560;Grupo Proquia Santa Rita, Santana e Dr. Renan;664;;
67993305927;Grupo Proquia Santa Rita, Santana e Dr. Renan;665;;
37998255621;Grupo Proquia Santa Rita, Santana e Dr. Renan;666;;
92991363516;Grupo Proquia Santa Rita, Santana e Dr. Renan;667;;
47996017592;Grupo Proquia Santa Rita, Santana e Dr. Renan;668;;
62996518339;Grupo Proquia Santa Rita, Santana e Dr. Renan;669;;
75999988752;Grupo Proquia Santa Rita, Santana e Dr. Renan;670;;
43996758208;Grupo Proquia Santa Rita, Santana e Dr. Renan;671;;
41984689389;Grupo Proquia Santa Rita, Santana e Dr. Renan;672;;
47999807093;Grupo Proquia Santa Rita, Santana e Dr. Renan;673;;
61992350242;Grupo Proquia Santa Rita, Santana e Dr. Renan;674;;
31999614755;Grupo Proquia Santa Rita, Santana e Dr. Renan;675;;
62984034140;Grupo Proquia Santa Rita, Santana e Dr. Renan;676;;
31993963781;Grupo Proquia Santa Rita, Santana e Dr. Renan;677;;
41996657162;Grupo Proquia Santa Rita, Santana e Dr. Renan;678;;
35999205914;Grupo Proquia Santa Rita, Santana e Dr. Renan;679;;
43999432270;Grupo Proquia Santa Rita, Santana e Dr. Renan;680;;
32988251924;Grupo Proquia Santa Rita, Santana e Dr. Renan;681;;
49991206900;Grupo Proquia Santa Rita, Santana e Dr. Renan;682;;
61993092154;Grupo Proquia Santa Rita, Santana e Dr. Renan;683;;
74981130383;Grupo Proquia Santa Rita, Santana e Dr. Renan;684;;
99984724081;Grupo Proquia Santa Rita, Santana e Dr. Renan;685;;
37999845535;Grupo Proquia Santa Rita, Santana e Dr. Renan;686;;
32988793057;Grupo Proquia Santa Rita, Santana e Dr. Renan;687;;
92981350067;Grupo Proquia Santa Rita, Santana e Dr. Renan;688;;
54992588644;Grupo Proquia Santa Rita, Santana e Dr. Renan;689;;
91981272010;Grupo Proquia Santa Rita, Santana e Dr. Renan;690;;
88996216670;Grupo Proquia Santa Rita, Santana e Dr. Renan;691;;
31991156315;Grupo Proquia Santa Rita, Santana e Dr. Renan;692;;
34988357923;Grupo Proquia Santa Rita, Santana e Dr. Renan;693;;
99991824910;Grupo Proquia Santa Rita, Santana e Dr. Renan;694;;
82987520131;Grupo Proquia Santa Rita, Santana e Dr. Renan;695;;
88997613893;Grupo Proquia Santa Rita, Santana e Dr. Renan;696;;
43999026732;Grupo Proquia Santa Rita, Santana e Dr. Renan;697;;
61999820884;Grupo Proquia Santa Rita, Santana e Dr. Renan;698;;
51996138535;Grupo Proquia Santa Rita, Santana e Dr. Renan;699;;
63992491070;Grupo Proquia Santa Rita, Santana e Dr. Renan;700;;
31996122747;Grupo Proquia Santa Rita, Santana e Dr. Renan;701;;
38991799760;Grupo Proquia Santa Rita, Santana e Dr. Renan;702;;
35998139644;Grupo Proquia Santa Rita, Santana e Dr. Renan;703;;
31998913425;Grupo Proquia Santa Rita, Santana e Dr. Renan;704;;
54999810242;Grupo Proquia Santa Rita, Santana e Dr. Renan;705;;
83999510506;Grupo Proquia Santa Rita, Santana e Dr. Renan;706;;
42998462072;Grupo Proquia Santa Rita, Santana e Dr. Renan;707;;
81988250423;Grupo Proquia Santa Rita, Santana e Dr. Renan;708;;
34992153695;Grupo Proquia Santa Rita, Santana e Dr. Renan;709;;
35992038432;Grupo Proquia Santa Rita, Santana e Dr. Renan;710;;
62992239080;Grupo Proquia Santa Rita, Santana e Dr. Renan;711;;
54992640159;Grupo Proquia Santa Rita, Santana e Dr. Renan;712;;
35999858607;Grupo Proquia Santa Rita, Santana e Dr. Renan;713;;
32991338533;Grupo Proquia Santa Rita, Santana e Dr. Renan;714;;
51981176581;Grupo Proquia Santa Rita, Santana e Dr. Renan;715;;
54999746349;Grupo Proquia Santa Rita, Santana e Dr. Renan;716;;
43999688130;Grupo Proquia Santa Rita, Santana e Dr. Renan;717;;
92981019986;Grupo Proquia Santa Rita, Santana e Dr. Renan;718;;
47984979784;Grupo Proquia Santa Rita, Santana e Dr. Renan;719;;
65999833175;Grupo Proquia Santa Rita, Santana e Dr. Renan;720;;
54996651766;Grupo Proquia Santa Rita, Santana e Dr. Renan;721;;
71999732785;Grupo Proquia Santa Rita, Santana e Dr. Renan;722;;
43991262195;Grupo Proquia Santa Rita, Santana e Dr. Renan;723;;
51992492592;Grupo Proquia Santa Rita, Santana e Dr. Renan;724;;
37999997999;Grupo Proquia Santa Rita, Santana e Dr. Renan;725;;
51993199538;Grupo Proquia Santa Rita, Santana e Dr. Renan;726;;
31991125668;Grupo Proquia Santa Rita, Santana e Dr. Renan;727;;
47989145578;Grupo Proquia Santa Rita, Santana e Dr. Renan;728;;
79999168825;Grupo Proquia Santa Rita, Santana e Dr. Renan;729;;
43984027048;Grupo Proquia Santa Rita, Santana e Dr. Renan;730;;
31988228170;Grupo Proquia Santa Rita, Santana e Dr. Renan;731;;
31999943132;Grupo Proquia Santa Rita, Santana e Dr. Renan;732;;
47992183933;Grupo Proquia Santa Rita, Santana e Dr. Renan;733;;
45999647600;Grupo Proquia Santa Rita, Santana e Dr. Renan;734;;
48991845793;Grupo Proquia Santa Rita, Santana e Dr. Renan;735;;
81988099628;Grupo Proquia Santa Rita, Santana e Dr. Renan;736;;
31996192331;Grupo Proquia Santa Rita, Santana e Dr. Renan;737;;
31982269075;Grupo Proquia Santa Rita, Santana e Dr. Renan;738;;
31996082003;Grupo Proquia Santa Rita, Santana e Dr. Renan;739;;
35991424826;Grupo Proquia Santa Rita, Santana e Dr. Renan;740;;
42988128287;Grupo Proquia Santa Rita, Santana e Dr. Renan;741;;
62984291978;Grupo Proquia Santa Rita, Santana e Dr. Renan;742;;
41996460377;Grupo Proquia Santa Rita, Santana e Dr. Renan;743;;
31994189725;Grupo Proquia Santa Rita, Santana e Dr. Renan;744;;
49991195819;Grupo Proquia Santa Rita, Santana e Dr. Renan;745;;
96991442323;Grupo Proquia Santa Rita, Santana e Dr. Renan;746;;
44991168272;Grupo Proquia Santa Rita, Santana e Dr. Renan;747;;
75999101703;Grupo Proquia Santa Rita, Santana e Dr. Renan;748;;
48999648730;Grupo Proquia Santa Rita, Santana e Dr. Renan;749;;
62991273572;Grupo Proquia Santa Rita, Santana e Dr. Renan;750;;
88999419545;Grupo Proquia Santa Rita, Santana e Dr. Renan;751;;
81996646057;Grupo Proquia Santa Rita, Santana e Dr. Renan;752;;
41988505869;Grupo Proquia Santa Rita, Santana e Dr. Renan;753;;
32991499980;Grupo Proquia Santa Rita, Santana e Dr. Renan;754;;
86999316822;Grupo Proquia Santa Rita, Santana e Dr. Renan;755;;
51998226988;Grupo Proquia Santa Rita, Santana e Dr. Renan;756;;
51981073512;Grupo Proquia Santa Rita, Santana e Dr. Renan;757;;
34997816009;Grupo Proquia Santa Rita, Santana e Dr. Renan;758;;
67999671197;Grupo Proquia Santa Rita, Santana e Dr. Renan;759;;
65999158191;Grupo Proquia Santa Rita, Santana e Dr. Renan;760;;
85985512890;Grupo Proquia Santa Rita, Santana e Dr. Renan;761;;
47991556975;Grupo Proquia Santa Rita, Santana e Dr. Renan;762;;
51999375212;Grupo Proquia Santa Rita, Santana e Dr. Renan;763;;
92981318034;Grupo Proquia Santa Rita, Santana e Dr. Renan;764;;
35991107609;Grupo Proquia Santa Rita, Santana e Dr. Renan;765;;
31992162411;Grupo Proquia Santa Rita, Santana e Dr. Renan;766;;
31999489933;Grupo Proquia Santa Rita, Santana e Dr. Renan;767;;
41996322076;Grupo Proquia Santa Rita, Santana e Dr. Renan;768;;
61996669884;Grupo Proquia Santa Rita, Santana e Dr. Renan;769;;
81993237533;Grupo Proquia Santa Rita, Santana e Dr. Renan;770;;
43998380678;Grupo Proquia Santa Rita, Santana e Dr. Renan;771;;
94988030329;Grupo Proquia Santa Rita, Santana e Dr. Renan;772;;
55991989671;Grupo Proquia Santa Rita, Santana e Dr. Renan;773;;
85999939135;Grupo Proquia Santa Rita, Santana e Dr. Renan;774;;
41988496170;Grupo Proquia Santa Rita, Santana e Dr. Renan;775;;
61981816531;Grupo Proquia Santa Rita, Santana e Dr. Renan;776;;
31985696457;Grupo Proquia Santa Rita, Santana e Dr. Renan;777;;
48984376284;Grupo Proquia Santa Rita, Santana e Dr. Renan;778;;
32999715474;Grupo Proquia Santa Rita, Santana e Dr. Renan;779;;
55996752631;Grupo Proquia Santa Rita, Santana e Dr. Renan;780;;
51996880724;Grupo Proquia Santa Rita, Santana e Dr. Renan;781;;
35988759231;Grupo Proquia Santa Rita, Santana e Dr. Renan;782;;
83988717134;Grupo Proquia Santa Rita, Santana e Dr. Renan;783;;
88992062355;Grupo Proquia Santa Rita, Santana e Dr. Renan;784;;
91998220830;Grupo Proquia Santa Rita, Santana e Dr. Renan;785;;
31999520903;Grupo Proquia Santa Rita, Santana e Dr. Renan;786;;
48991662983;Grupo Proquia Santa Rita, Santana e Dr. Renan;787;;
55999132731;Grupo Proquia Santa Rita, Santana e Dr. Renan;788;;
48996961883;Grupo Proquia Santa Rita, Santana e Dr. Renan;789;;
84986048799;Grupo Proquia Santa Rita, Santana e Dr. Renan;790;;
44991059950;Grupo Proquia Santa Rita, Santana e Dr. Renan;791;;
49991996265;Grupo Proquia Santa Rita, Santana e Dr. Renan;792;;
41998351453;Grupo Proquia Santa Rita, Santana e Dr. Renan;793;;
47984788908;Grupo Proquia Santa Rita, Santana e Dr. Renan;794;;
64999776862;Grupo Proquia Santa Rita, Santana e Dr. Renan;795;;
64992695731;Grupo Proquia Santa Rita, Santana e Dr. Renan;796;;
65984189738;Grupo Proquia Santa Rita, Santana e Dr. Renan;797;;
51993548872;Grupo Proquia Santa Rita, Santana e Dr. Renan;798;;
31986517703;Grupo Proquia Santa Rita, Santana e Dr. Renan;799;;
83999475487;Grupo Proquia Santa Rita, Santana e Dr. Renan;800;;
53991418703;Grupo Proquia Santa Rita, Santana e Dr. Renan;801;;
77991255128;Grupo Proquia Santa Rita, Santana e Dr. Renan;802;;
85986013459;Grupo Proquia Santa Rita, Santana e Dr. Renan;803;;
47988193522;Grupo Proquia Santa Rita, Santana e Dr. Renan;804;;
31996324693;Grupo Proquia Santa Rita, Santana e Dr. Renan;805;;
86981557176;Grupo Proquia Santa Rita, Santana e Dr. Renan;806;;
61992618901;Grupo Proquia Santa Rita, Santana e Dr. Renan;807;;
61981916701;Grupo Proquia Santa Rita, Santana e Dr. Renan;808;;
32999246790;Grupo Proquia Santa Rita, Santana e Dr. Renan;809;;
31985626928;Grupo Proquia Santa Rita, Santana e Dr. Renan;810;;
32988292881;Grupo Proquia Santa Rita, Santana e Dr. Renan;811;;
61981915480;Grupo Proquia Santa Rita, Santana e Dr. Renan;812;;
51985632079;Grupo Proquia Santa Rita, Santana e Dr. Renan;813;;
41998272267;Grupo Proquia Santa Rita, Santana e Dr. Renan;814;;
69992738499;Grupo Proquia Santa Rita, Santana e Dr. Renan;815;;
43999213284;Grupo Proquia Santa Rita, Santana e Dr. Renan;816;;
61993321691;Grupo Proquia Santa Rita, Santana e Dr. Renan;817;;
31992673091;Grupo Proquia Santa Rita, Santana e Dr. Renan;818;;
54981285281;Grupo Proquia Santa Rita, Santana e Dr. Renan;819;;
65999722737;Grupo Proquia Santa Rita, Santana e Dr. Renan;820;;
31971737192;Grupo Proquia Santa Rita, Santana e Dr. Renan;821;;
99982656559;Grupo Proquia Santa Rita, Santana e Dr. Renan;822;;
31997908876;Grupo Proquia Santa Rita, Santana e Dr. Renan;823;;
32988037132;Grupo Proquia Santa Rita, Santana e Dr. Renan;824;;
48984744445;Grupo Proquia Santa Rita, Santana e Dr. Renan;825;;
33984038650;Grupo Proquia Santa Rita, Santana e Dr. Renan;826;;
48998376897;Grupo Proquia Santa Rita, Santana e Dr. Renan;827;;
51996081072;Grupo Proquia Santa Rita, Santana e Dr. Renan;828;;
41991166726;Grupo Proquia Santa Rita, Santana e Dr. Renan;829;;
41991430077;Grupo Proquia Santa Rita, Santana e Dr. Renan;830;;
81999210045;Grupo Proquia Santa Rita, Santana e Dr. Renan;831;;
47992224070;Grupo Proquia Santa Rita, Santana e Dr. Renan;832;;
71997379123;Grupo Proquia Santa Rita, Santana e Dr. Renan;833;;
48991760252;Grupo Proquia Santa Rita, Santana e Dr. Renan;834;;
47984566370;Grupo Proquia Santa Rita, Santana e Dr. Renan;835;;
62993119995;Grupo Proquia Santa Rita, Santana e Dr. Renan;836;;
61998586128;Grupo Proquia Santa Rita, Santana e Dr. Renan;837;;
61985201784;Grupo Proquia Santa Rita, Santana e Dr. Renan;838;;
44999894187;Grupo Proquia Santa Rita, Santana e Dr. Renan;839;;
54991146499;Grupo Proquia Santa Rita, Santana e Dr. Renan;840;;
51998083975;Grupo Proquia Santa Rita, Santana e Dr. Renan;841;;
41991852196;Grupo Proquia Santa Rita, Santana e Dr. Renan;842;;
92982226664;Grupo Proquia Santa Rita, Santana e Dr. Renan;843;;
51981279076;Grupo Proquia Santa Rita, Santana e Dr. Renan;844;;
38998576717;Grupo Proquia Santa Rita, Santana e Dr. Renan;845;;
82993075877;Grupo Proquia Santa Rita, Santana e Dr. Renan;846;;
47997264123;Grupo Proquia Santa Rita, Santana e Dr. Renan;847;;
31999796132;Grupo Proquia Santa Rita, Santana e Dr. Renan;848;;
41988238368;Grupo Proquia Santa Rita, Santana e Dr. Renan;849;;
54991145151;Grupo Proquia Santa Rita, Santana e Dr. Renan;850;;
79998612476;Grupo Proquia Santa Rita, Santana e Dr. Renan;851;;
35991454914;Grupo Proquia Santa Rita, Santana e Dr. Renan;852;;
85996403339;Grupo Proquia Santa Rita, Santana e Dr. Renan;853;;
33988619410;Grupo Proquia Santa Rita, Santana e Dr. Renan;854;;
35988073368;Grupo Proquia Santa Rita, Santana e Dr. Renan;855;;
67984091072;Grupo Proquia Santa Rita, Santana e Dr. Renan;856;;
55996911409;Grupo Proquia Santa Rita, Santana e Dr. Renan;857;;
62984231354;Grupo Proquia Santa Rita, Santana e Dr. Renan;858;;
55999250212;Grupo Proquia Santa Rita, Santana e Dr. Renan;859;;
51980150954;Grupo Proquia Santa Rita, Santana e Dr. Renan;860;;
83996268255;Grupo Proquia Santa Rita, Santana e Dr. Renan;861;;
44998940160;Grupo Proquia Santa Rita, Santana e Dr. Renan;862;;
31991456660;Grupo Proquia Santa Rita, Santana e Dr. Renan;863;;
32999091849;Grupo Proquia Santa Rita, Santana e Dr. Renan;864;;
51998805348;Grupo Proquia Santa Rita, Santana e Dr. Renan;865;;
41997846482;Grupo Proquia Santa Rita, Santana e Dr. Renan;866;;
51994109006;Grupo Proquia Santa Rita, Santana e Dr. Renan;867;;
82991012841;Grupo Proquia Santa Rita, Santana e Dr. Renan;868;;
54996663899;Grupo Proquia Santa Rita, Santana e Dr. Renan;869;;
77999099124;Grupo Proquia Santa Rita, Santana e Dr. Renan;870;;
62994717115;Grupo Proquia Santa Rita, Santana e Dr. Renan;871;;
54981153717;Grupo Proquia Santa Rita, Santana e Dr. Renan;872;;
73999539995;Grupo Proquia Santa Rita, Santana e Dr. Renan;873;;
51995663023;Grupo Proquia Santa Rita, Santana e Dr. Renan;874;;
62981982407;Grupo Proquia Santa Rita, Santana e Dr. Renan;875;;
85991111397;Grupo Proquia Santa Rita, Santana e Dr. Renan;876;;
94991641932;Grupo Proquia Santa Rita, Santana e Dr. Renan;877;;
75991637126;Grupo Proquia Santa Rita, Santana e Dr. Renan;878;;
98981446429;Grupo Proquia Santa Rita, Santana e Dr. Renan;879;;
62982735646;Grupo Proquia Santa Rita, Santana e Dr. Renan;880;;
77998255988;Grupo Proquia Santa Rita, Santana e Dr. Renan;881;;
55991991674;Grupo Proquia Santa Rita, Santana e Dr. Renan;882;;
48984554800;Grupo Proquia Santa Rita, Santana e Dr. Renan;883;;
31971531841;Grupo Proquia Santa Rita, Santana e Dr. Renan;884;;
94991463461;Grupo Proquia Santa Rita, Santana e Dr. Renan;885;;
41997495430;Grupo Proquia Santa Rita, Santana e Dr. Renan;886;;
63999970019;Grupo Proquia Santa Rita, Santana e Dr. Renan;887;;
61996640781;Grupo Proquia Santa Rita, Santana e Dr. Renan;888;;
51995237281;Grupo Proquia Santa Rita, Santana e Dr. Renan;889;;
82999718499;Grupo Proquia Santa Rita, Santana e Dr. Renan;890;;
44988115163;Grupo Proquia Santa Rita, Santana e Dr. Renan;891;;
49999273969;Grupo Proquia Santa Rita, Santana e Dr. Renan;892;;
38999258363;Grupo Proquia Santa Rita, Santana e Dr. Renan;893;;
82999499694;Grupo Proquia Santa Rita, Santana e Dr. Renan;894;;
48999843101;Grupo Proquia Santa Rita, Santana e Dr. Renan;895;;
41998123608;Grupo Proquia Santa Rita, Santana e Dr. Renan;896;;
67998515853;Grupo Proquia Santa Rita, Santana e Dr. Renan;897;;
35998270995;Grupo Proquia Santa Rita, Santana e Dr. Renan;898;;
35999502819;Grupo Proquia Santa Rita, Santana e Dr. Renan;899;;
86998080576;Grupo Proquia Santa Rita, Santana e Dr. Renan;900;;
73998232461;Grupo Proquia Santa Rita, Santana e Dr. Renan;901;;
54999596040;Grupo Proquia Santa Rita, Santana e Dr. Renan;902;;
65992133321;Grupo Proquia Santa Rita, Santana e Dr. Renan;903;;
47996400309;Grupo Proquia Santa Rita, Santana e Dr. Renan;904;;
83987867989;Grupo Proquia Santa Rita, Santana e Dr. Renan;905;;
47991639634;Grupo Proquia Santa Rita, Santana e Dr. Renan;906;;
62992545626;Grupo Proquia Santa Rita, Santana e Dr. Renan;907;;
38999423076;Grupo Proquia Santa Rita, Santana e Dr. Renan;908;;
47991105757;Grupo Proquia Santa Rita, Santana e Dr. Renan;909;;
32984167361;Grupo Proquia Santa Rita, Santana e Dr. Renan;910;;
62984967976;Grupo Proquia Santa Rita, Santana e Dr. Renan;911;;
89994072861;Grupo Proquia Santa Rita, Santana e Dr. Renan;912;;
53984016230;Grupo Proquia Santa Rita, Santana e Dr. Renan;913;;
54999663445;Grupo Proquia Santa Rita, Santana e Dr. Renan;914;;
55996282868;Grupo Proquia Santa Rita, Santana e Dr. Renan;915;;
42999293328;Grupo Proquia Santa Rita, Santana e Dr. Renan;916;;
51985462426;Grupo Proquia Santa Rita, Santana e Dr. Renan;917;;
43996906489;Grupo Proquia Santa Rita, Santana e Dr. Renan;918;;
94991462520;Grupo Proquia Santa Rita, Santana e Dr. Renan;919;;
47997215728;Grupo Proquia Santa Rita, Santana e Dr. Renan;920;;
31986765626;Grupo Proquia Santa Rita, Santana e Dr. Renan;921;;
47984192418;Grupo Proquia Santa Rita, Santana e Dr. Renan;922;;
51997150946;Grupo Proquia Santa Rita, Santana e Dr. Renan;923;;
42998233383;Grupo Proquia Santa Rita, Santana e Dr. Renan;924;;
51980812742;Grupo Proquia Santa Rita, Santana e Dr. Renan;925;;
46999123151;Grupo Proquia Santa Rita, Santana e Dr. Renan;926;;
64996470437;Grupo Proquia Santa Rita, Santana e Dr. Renan;927;;
43998676644;Grupo Proquia Santa Rita, Santana e Dr. Renan;928;;
42999113001;Grupo Proquia Santa Rita, Santana e Dr. Renan;929;;
41999410141;Grupo Proquia Santa Rita, Santana e Dr. Renan;930;;
49991999831;Grupo Proquia Santa Rita, Santana e Dr. Renan;931;;
62998111161;Grupo Proquia Santa Rita, Santana e Dr. Renan;932;;
51999624322;Grupo Proquia Santa Rita, Santana e Dr. Renan;933;;
42991234400;Grupo Proquia Santa Rita, Santana e Dr. Renan;934;;
64984192194;Grupo Proquia Santa Rita, Santana e Dr. Renan;935;;
91980885177;Grupo Proquia Santa Rita, Santana e Dr. Renan;936;;
61984706619;Grupo Proquia Santa Rita, Santana e Dr. Renan;937;;
71992642830;Grupo Proquia Santa Rita, Santana e Dr. Renan;938;;
61998670115;Grupo Proquia Santa Rita, Santana e Dr. Renan;939;;
79981143004;Grupo Proquia Santa Rita, Santana e Dr. Renan;940;;
98988196987;Grupo Proquia Santa Rita, Santana e Dr. Renan;941;;
61986120959;Grupo Proquia Santa Rita, Santana e Dr. Renan;942;;
48996375090;Grupo Proquia Santa Rita, Santana e Dr. Renan;943;;
53981416883;Grupo Proquia Santa Rita, Santana e Dr. Renan;944;;
88993110537;Grupo Proquia Santa Rita, Santana e Dr. Renan;945;;
48999542963;Grupo Proquia Santa Rita, Santana e Dr. Renan;946;;
31971777809;Grupo Proquia Santa Rita, Santana e Dr. Renan;947;;
37991973377;Grupo Proquia Santa Rita, Santana e Dr. Renan;948;;
73991944690;Grupo Proquia Santa Rita, Santana e Dr. Renan;949;;
51992886727;Grupo Proquia Santa Rita, Santana e Dr. Renan;950;;
31982068211;Grupo Proquia Santa Rita, Santana e Dr. Renan;951;;
51999902581;Grupo Proquia Santa Rita, Santana e Dr. Renan;952;;
31999414281;Grupo Proquia Santa Rita, Santana e Dr. Renan;953;;
31987255960;Grupo Proquia Santa Rita, Santana e Dr. Renan;954;;
47996865505;Grupo Proquia Santa Rita, Santana e Dr. Renan;955;;
47996782747;Grupo Proquia Santa Rita, Santana e Dr. Renan;956;;
38988287201;Grupo Proquia Santa Rita, Santana e Dr. Renan;957;;
32984050510;Grupo Proquia Santa Rita, Santana e Dr. Renan;958;;
61984749972;Grupo Proquia Santa Rita, Santana e Dr. Renan;959;;
51999830700;Grupo Proquia Santa Rita, Santana e Dr. Renan;960;;
45999503801;Grupo Proquia Santa Rita, Santana e Dr. Renan;961;;
41988429458;Grupo Proquia Santa Rita, Santana e Dr. Renan;962;;
75981948828;Grupo Proquia Santa Rita, Santana e Dr. Renan;963;;
41991473417;Grupo Proquia Santa Rita, Santana e Dr. Renan;964;;
62984036983;Grupo Proquia Santa Rita, Santana e Dr. Renan;965;;
31996134332;Grupo Proquia Santa Rita, Santana e Dr. Renan;966;;
34996984725;Grupo Proquia Santa Rita, Santana e Dr. Renan;967;;
47996073396;Grupo Proquia Santa Rita, Santana e Dr. Renan;968;;
44998373535;Grupo Proquia Santa Rita, Santana e Dr. Renan;969;;
34988599236;Grupo Proquia Santa Rita, Santana e Dr. Renan;970;;
38999598737;Grupo Proquia Santa Rita, Santana e Dr. Renan;971;;
42999213033;Grupo Proquia Santa Rita, Santana e Dr. Renan;972;;
99984400982;Grupo Proquia Santa Rita, Santana e Dr. Renan;973;;
77999715309;Grupo Proquia Santa Rita, Santana e Dr. Renan;974;;
47999935358;Grupo Proquia Santa Rita, Santana e Dr. Renan;975;;
35988802624;Grupo Proquia Santa Rita, Santana e Dr. Renan;976;;
67992921048;Grupo Proquia Santa Rita, Santana e Dr. Renan;977;;
51996689698;Grupo Proquia Santa Rita, Santana e Dr. Renan;978;;
67992757195;Grupo Proquia Santa Rita, Santana e Dr. Renan;979;;
51994637683;Grupo Proquia Santa Rita, Santana e Dr. Renan;980;;
31984439300;Grupo Proquia Santa Rita, Santana e Dr. Renan;981;;
51982291293;Grupo Proquia Santa Rita, Santana e Dr. Renan;982;;
51999418874;Grupo Proquia Santa Rita, Santana e Dr. Renan;983;;
35999890090;Grupo Proquia Santa Rita, Santana e Dr. Renan;984;;
34991766043;Grupo Proquia Santa Rita, Santana e Dr. Renan;985;;
49991243268;Grupo Proquia Santa Rita, Santana e Dr. Renan;986;;
63992978670;Grupo Proquia Santa Rita, Santana e Dr. Renan;987;;
74991355019;Grupo Proquia Santa Rita, Santana e Dr. Renan;988;;
61999932112;Grupo Proquia Santa Rita, Santana e Dr. Renan;989;;
46999027960;Grupo Proquia Santa Rita, Santana e Dr. Renan;990;;
66999036622;Grupo Proquia Santa Rita, Santana e Dr. Renan;991;;
85986808510;Grupo Proquia Santa Rita, Santana e Dr. Renan;992;;
91991923107;Grupo Proquia Santa Rita, Santana e Dr. Renan;993;;
51996365522;Grupo Proquia Santa Rita, Santana e Dr. Renan;994;;
48988145340;Grupo Proquia Santa Rita, Santana e Dr. Renan;995;;
55984435308;Grupo Proquia Santa Rita, Santana e Dr. Renan;996;;
55984484981;Grupo Proquia Santa Rita, Santana e Dr. Renan;997;;
62993330093;Grupo Proquia Santa Rita, Santana e Dr. Renan;998;;
62994114962;Grupo Proquia Santa Rita, Santana e Dr. Renan;999;;
79991534007;Grupo Proquia Santa Rita, Santana e Dr. Renan;1000;;
86999924102;Grupo Proquia Santa Rita, Santana e Dr. Renan;1001;;
44988199555;Grupo Proquia Santa Rita, Santana e Dr. Renan;1002;;
66984013472;Grupo Proquia Santa Rita, Santana e Dr. Renan;1003;;
31996423479;Grupo Proquia Santa Rita, Santana e Dr. Renan;1004;;
88997042889;Grupo Proquia Santa Rita, Santana e Dr. Renan;1005;;
54999535626;Grupo Proquia Santa Rita, Santana e Dr. Renan;1006;;
55991316047;Grupo Proquia Santa Rita, Santana e Dr. Renan;1007;;
41984976392;Grupo Proquia Santa Rita, Santana e Dr. Renan;1008;;
71999220616;Grupo Proquia Santa Rita, Santana e Dr. Renan;1009;;
98991458168;Grupo Proquia Santa Rita, Santana e Dr. Renan;1010;;
49988644036;Grupo Proquia Santa Rita, Santana e Dr. Renan;1011;;
61992982530;Grupo Proquia Santa Rita, Santana e Dr. Renan;1012;;
47991721444;Grupo Proquia Santa Rita, Santana e Dr. Renan;1013;;
51989011004;Grupo Proquia Santa Rita, Santana e Dr. Renan;1014;;
44998656989;Grupo Proquia Santa Rita, Santana e Dr. Renan;1015;;
65996283659;Grupo Proquia Santa Rita, Santana e Dr. Renan;1016;;
66996014572;Grupo Proquia Santa Rita, Santana e Dr. Renan;1017;;
54999484363;Grupo Proquia Santa Rita, Santana e Dr. Renan;1018;;
41984929746;Grupo Proquia Santa Rita, Santana e Dr. Renan;1019;;
38997347780;Grupo Proquia Santa Rita, Santana e Dr. Renan;1020;;
38999557272;Grupo Proquia Santa Rita, Santana e Dr. Renan;1021;;
33999094228;Grupo Proquia Santa Rita, Santana e Dr. Renan;1022;;
49999761472;Grupo Proquia Santa Rita, Santana e Dr. Renan;1023;;
66996644414;Grupo Proquia Santa Rita, Santana e Dr. Renan;1024;;
41999574053;Grupo Proquia Santa Rita, Santana e Dr. Renan;1025;;
41998507206;Grupo Proquia Santa Rita, Santana e Dr. Renan;1026;;
41997054437;Grupo Proquia Santa Rita, Santana e Dr. Renan;1027;;
41991670738;Grupo Proquia Santa Rita, Santana e Dr. Renan;1028;;
41996559870;Grupo Proquia Santa Rita, Santana e Dr. Renan;1029;;
41998774464;Grupo Proquia Santa Rita, Santana e Dr. Renan;1030;;
41985149533;Grupo Proquia Santa Rita, Santana e Dr. Renan;1031;;
41996632292;Grupo Proquia Santa Rita, Santana e Dr. Renan;1032;;
41996748218;Grupo Proquia Santa Rita, Santana e Dr. Renan;1033;;
41987371885;Grupo Proquia Santa Rita, Santana e Dr. Renan;1034;;
41998585838;Grupo Proquia Santa Rita, Santana e Dr. Renan;1035;;
41987527367;Grupo Proquia Santa Rita, Santana e Dr. Renan;1036;;
41998597950;Grupo Proquia Santa Rita, Santana e Dr. Renan;1037;;
41998099654;Grupo Proquia Santa Rita, Santana e Dr. Renan;1038;;
41999154818;Grupo Proquia Santa Rita, Santana e Dr. Renan;1039;;
41998224350;Grupo Proquia Santa Rita, Santana e Dr. Renan;1040;;
41991770376;Grupo Proquia Santa Rita, Santana e Dr. Renan;1041;;
41930883556;Grupo Proquia Santa Rita, Santana e Dr. Renan;1042;;
41997918008;Grupo Proquia Santa Rita, Santana e Dr. Renan;1043;;
41997697605;Grupo Proquia Santa Rita, Santana e Dr. Renan;1044;;
41996258483;Grupo Proquia Santa Rita, Santana e Dr. Renan;1045;;
41998441036;Grupo Proquia Santa Rita, Santana e Dr. Renan;1046;;
41984284845;Grupo Proquia Santa Rita, Santana e Dr. Renan;1047;;
41996737741;Grupo Proquia Santa Rita, Santana e Dr. Renan;1048;;
41988053623;Grupo Proquia Santa Rita, Santana e Dr. Renan;1049;;
41984819244;Grupo Proquia Santa Rita, Santana e Dr. Renan;1050;;
41987150455;Grupo Proquia Santa Rita, Santana e Dr. Renan;1051;;
41996135603;Grupo Proquia Santa Rita, Santana e Dr. Renan;1052;;
41991364551;Grupo Proquia Santa Rita, Santana e Dr. Renan;1053;;
41987015656;Grupo Proquia Santa Rita, Santana e Dr. Renan;1054;;
41998437573;Grupo Proquia Santa Rita, Santana e Dr. Renan;1055;;
41995801197;Grupo Proquia Santa Rita, Santana e Dr. Renan;1056;;
41996517102;Grupo Proquia Santa Rita, Santana e Dr. Renan;1057;;
41995248658;Grupo Proquia Santa Rita, Santana e Dr. Renan;1058;;
41996586958;Grupo Proquia Santa Rita, Santana e Dr. Renan;1059;;
41996933389;Grupo Proquia Santa Rita, Santana e Dr. Renan;1060;;
41998462197;Grupo Proquia Santa Rita, Santana e Dr. Renan;1061;;
41992390690;Grupo Proquia Santa Rita, Santana e Dr. Renan;1062;;
41992438836;Grupo Proquia Santa Rita, Santana e Dr. Renan;1063;;
41999360903;Grupo Proquia Santa Rita, Santana e Dr. Renan;1064;;
41999386679;Grupo Proquia Santa Rita, Santana e Dr. Renan;1065;;
41987106654;Grupo Proquia Santa Rita, Santana e Dr. Renan;1066;;
41996410883;Grupo Proquia Santa Rita, Santana e Dr. Renan;1067;;
41999475909;Grupo Proquia Santa Rita, Santana e Dr. Renan;1068;;
41984584420;Grupo Proquia Santa Rita, Santana e Dr. Renan;1069;;
41997730451;Grupo Proquia Santa Rita, Santana e Dr. Renan;1070;;
41998026415;Grupo Proquia Santa Rita, Santana e Dr. Renan;1071;;
41988502273;Grupo Proquia Santa Rita, Santana e Dr. Renan;1072;;
41997083219;Grupo Proquia Santa Rita, Santana e Dr. Renan;1073;;
41984950925;Grupo Proquia Santa Rita, Santana e Dr. Renan;1074;;
41997663971;Grupo Proquia Santa Rita, Santana e Dr. Renan;1075;;
41996128289;Grupo Proquia Santa Rita, Santana e Dr. Renan;1076;;
41996168479;Grupo Proquia Santa Rita, Santana e Dr. Renan;1077;;
41988786206;Grupo Proquia Santa Rita, Santana e Dr. Renan;1078;;
41997741051;Grupo Proquia Santa Rita, Santana e Dr. Renan;1079;;
41996713910;Grupo Proquia Santa Rita, Santana e Dr. Renan;1080;;
41998092390;Grupo Proquia Santa Rita, Santana e Dr. Renan;1081;;
41996278043;Grupo Proquia Santa Rita, Santana e Dr. Renan;1082;;
41984745688;Grupo Proquia Santa Rita, Santana e Dr. Renan;1083;;
41998222824;Grupo Proquia Santa Rita, Santana e Dr. Renan;1084;;
41991999836;Grupo Proquia Santa Rita, Santana e Dr. Renan;1085;;
41999550737;Grupo Proquia Santa Rita, Santana e Dr. Renan;1086;;
41999123760;Grupo Proquia Santa Rita, Santana e Dr. Renan;1087;;
41984324634;Grupo Proquia Santa Rita, Santana e Dr. Renan;1088;;
41995687811;Grupo Proquia Santa Rita, Santana e Dr. Renan;1089;;
41996184110;Grupo Proquia Santa Rita, Santana e Dr. Renan;1090;;
41996539056;Grupo Proquia Santa Rita, Santana e Dr. Renan;1091;;
41998565758;Grupo Proquia Santa Rita, Santana e Dr. Renan;1092;;
41997288808;Grupo Proquia Santa Rita, Santana e Dr. Renan;1093;;
41997167459;Grupo Proquia Santa Rita, Santana e Dr. Renan;1094;;
41984721157;Grupo Proquia Santa Rita, Santana e Dr. Renan;1095;;
41996962024;Grupo Proquia Santa Rita, Santana e Dr. Renan;1096;;
41998790809;Grupo Proquia Santa Rita, Santana e Dr. Renan;1097;;
41992782565;Grupo Proquia Santa Rita, Santana e Dr. Renan;1098;;
41996009777;Grupo Proquia Santa Rita, Santana e Dr. Renan;1099;;
41996270379;Grupo Proquia Santa Rita, Santana e Dr. Renan;1100;;
41998229258;Grupo Proquia Santa Rita, Santana e Dr. Renan;1101;;
41991433124;Grupo Proquia Santa Rita, Santana e Dr. Renan;1102;;
41984290786;Grupo Proquia Santa Rita, Santana e Dr. Renan;1103;;
41997038140;Grupo Proquia Santa Rita, Santana e Dr. Renan;1104;;
41998498806;Grupo Proquia Santa Rita, Santana e Dr. Renan;1105;;
41998013255;Grupo Proquia Santa Rita, Santana e Dr. Renan;1106;;
41998380624;Grupo Proquia Santa Rita, Santana e Dr. Renan;1107;;
41995599766;Grupo Proquia Santa Rita, Santana e Dr. Renan;1108;;
41995594025;Grupo Proquia Santa Rita, Santana e Dr. Renan;1109;;
41999056753;Grupo Proquia Santa Rita, Santana e Dr. Renan;1110;;
41997208701;Grupo Proquia Santa Rita, Santana e Dr. Renan;1111;;
41999910524;Grupo Proquia Santa Rita, Santana e Dr. Renan;1112;;
41992248268;Grupo Proquia Santa Rita, Santana e Dr. Renan;1113;;
41999447552;Grupo Proquia Santa Rita, Santana e Dr. Renan;1114;;
41988612704;Grupo Proquia Santa Rita, Santana e Dr. Renan;1115;;
41995672129;Grupo Proquia Santa Rita, Santana e Dr. Renan;1116;;
41992419522;Grupo Proquia Santa Rita, Santana e Dr. Renan;1117;;
41987193035;Grupo Proquia Santa Rita, Santana e Dr. Renan;1118;;
41996265052;Grupo Proquia Santa Rita, Santana e Dr. Renan;1119;;
41999414107;Grupo Proquia Santa Rita, Santana e Dr. Renan;1120;;
41984865968;Grupo Proquia Santa Rita, Santana e Dr. Renan;1121;;
41995438747;Grupo Proquia Santa Rita, Santana e Dr. Renan;1122;;
41995484101;Grupo Proquia Santa Rita, Santana e Dr. Renan;1123;;
41999733741;Grupo Proquia Santa Rita, Santana e Dr. Renan;1124;;
41998981508;Grupo Proquia Santa Rita, Santana e Dr. Renan;1125;;
41987903933;Grupo Proquia Santa Rita, Santana e Dr. Renan;1126;;
41991191873;Grupo Proquia Santa Rita, Santana e Dr. Renan;1127;;
41996930839;Grupo Proquia Santa Rita, Santana e Dr. Renan;1128;;
41984379550;Grupo Proquia Santa Rita, Santana e Dr. Renan;1129;;
41998760784;Grupo Proquia Santa Rita, Santana e Dr. Renan;1130;;
41999490995;Grupo Proquia Santa Rita, Santana e Dr. Renan;1131;;
41995952480;Grupo Proquia Santa Rita, Santana e Dr. Renan;1132;;
41995109924;Grupo Proquia Santa Rita, Santana e Dr. Renan;1133;;
41987549866;Grupo Proquia Santa Rita, Santana e Dr. Renan;1134;;
41997946144;Grupo Proquia Santa Rita, Santana e Dr. Renan;1135;;
41995605753;Grupo Proquia Santa Rita, Santana e Dr. Renan;1136;;
41996498019;Grupo Proquia Santa Rita, Santana e Dr. Renan;1137;;
41996962729;Grupo Proquia Santa Rita, Santana e Dr. Renan;1138;;
41996432642;Grupo Proquia Santa Rita, Santana e Dr. Renan;1139;;
41997002288;Grupo Proquia Santa Rita, Santana e Dr. Renan;1140;;
41991547868;Grupo Proquia Santa Rita, Santana e Dr. Renan;1141;;
41995206224;Grupo Proquia Santa Rita, Santana e Dr. Renan;1142;;
41988352526;Grupo Proquia Santa Rita, Santana e Dr. Renan;1143;;
41991738541;Grupo Proquia Santa Rita, Santana e Dr. Renan;1144;;
41988030089;Grupo Proquia Santa Rita, Santana e Dr. Renan;1145;;
41997951947;Grupo Proquia Santa Rita, Santana e Dr. Renan;1146;;
41998428401;Grupo Proquia Santa Rita, Santana e Dr. Renan;1147;;
41997732248;Grupo Proquia Santa Rita, Santana e Dr. Renan;1148;;
41999595341;Grupo Proquia Santa Rita, Santana e Dr. Renan;1149;;
41999844147;Grupo Proquia Santa Rita, Santana e Dr. Renan;1150;;
41984932348;Grupo Proquia Santa Rita, Santana e Dr. Renan;1151;;
41998289838;Grupo Proquia Santa Rita, Santana e Dr. Renan;1152;;
41997831446;Grupo Proquia Santa Rita, Santana e Dr. Renan;1153;;
41997038910;Grupo Proquia Santa Rita, Santana e Dr. Renan;1154;;
41995286098;Grupo Proquia Santa Rita, Santana e Dr. Renan;1155;;
41997028355;Grupo Proquia Santa Rita, Santana e Dr. Renan;1156;;
41992354097;Grupo Proquia Santa Rita, Santana e Dr. Renan;1157;;
41988657372;Grupo Proquia Santa Rita, Santana e Dr. Renan;1158;;
41998537143;Grupo Proquia Santa Rita, Santana e Dr. Renan;1159;;
41984912286;Grupo Proquia Santa Rita, Santana e Dr. Renan;1160;;
41996416562;Grupo Proquia Santa Rita, Santana e Dr. Renan;1161;;
41984832556;Grupo Proquia Santa Rita, Santana e Dr. Renan;1162;;
41999753647;Grupo Proquia Santa Rita, Santana e Dr. Renan;1163;;
41995390991;Grupo Proquia Santa Rita, Santana e Dr. Renan;1164;;
41988984588;Grupo Proquia Santa Rita, Santana e Dr. Renan;1165;;
41995380641;Grupo Proquia Santa Rita, Santana e Dr. Renan;1166;;
41996346327;Grupo Proquia Santa Rita, Santana e Dr. Renan;1167;;
41988508410;Grupo Proquia Santa Rita, Santana e Dr. Renan;1168;;
41991469507;Grupo Proquia Santa Rita, Santana e Dr. Renan;1169;;
41997350198;Grupo Proquia Santa Rita, Santana e Dr. Renan;1170;;
41996882258;Grupo Proquia Santa Rita, Santana e Dr. Renan;1171;;
41991667544;Grupo Proquia Santa Rita, Santana e Dr. Renan;1172;;
41998236324;Grupo Proquia Santa Rita, Santana e Dr. Renan;1173;;
41997300552;Grupo Proquia Santa Rita, Santana e Dr. Renan;1174;;
41987805835;Grupo Proquia Santa Rita, Santana e Dr. Renan;1175;;
41987870262;Grupo Proquia Santa Rita, Santana e Dr. Renan;1176;;
41992493714;Grupo Proquia Santa Rita, Santana e Dr. Renan;1177;;
41996390638;Grupo Proquia Santa Rita, Santana e Dr. Renan;1178;;
41987927182;Grupo Proquia Santa Rita, Santana e Dr. Renan;1179;;
41992146464;Grupo Proquia Santa Rita, Santana e Dr. Renan;1180;;
41992823769;Grupo Proquia Santa Rita, Santana e Dr. Renan;1181;;
41995461849;Grupo Proquia Santa Rita, Santana e Dr. Renan;1182;;
41995726040;Grupo Proquia Santa Rita, Santana e Dr. Renan;1183;;
41984553082;Grupo Proquia Santa Rita, Santana e Dr. Renan;1184;;
41991366932;Grupo Proquia Santa Rita, Santana e Dr. Renan;1185;;
41992126041;Grupo Proquia Santa Rita, Santana e Dr. Renan;1186;;
41988127066;Grupo Proquia Santa Rita, Santana e Dr. Renan;1187;;
41998705833;Grupo Proquia Santa Rita, Santana e Dr. Renan;1188;;
41998293878;Grupo Proquia Santa Rita, Santana e Dr. Renan;1189;;
41992040144;Grupo Proquia Santa Rita, Santana e Dr. Renan;1190;;
41995660739;Grupo Proquia Santa Rita, Santana e Dr. Renan;1191;;
41998152766;Grupo Proquia Santa Rita, Santana e Dr. Renan;1192;;
41999703140;Grupo Proquia Santa Rita, Santana e Dr. Renan;1193;;
41998516218;Grupo Proquia Santa Rita, Santana e Dr. Renan;1194;;
41997285593;Grupo Proquia Santa Rita, Santana e Dr. Renan;1195;;
41991144707;Grupo Proquia Santa Rita, Santana e Dr. Renan;1196;;
41998193752;Grupo Proquia Santa Rita, Santana e Dr. Renan;1197;;
41992783120;Grupo Proquia Santa Rita, Santana e Dr. Renan;1198;;
41992231478;Grupo Proquia Santa Rita, Santana e Dr. Renan;1199;;
41996446988;Grupo Proquia Santa Rita, Santana e Dr. Renan;1200;;
41987903790;Grupo Proquia Santa Rita, Santana e Dr. Renan;1201;;
41995762118;Grupo Proquia Santa Rita, Santana e Dr. Renan;1202;;
41999678186;Grupo Proquia Santa Rita, Santana e Dr. Renan;1203;;
41998515722;Grupo Proquia Santa Rita, Santana e Dr. Renan;1204;;
41999696467;Grupo Proquia Santa Rita, Santana e Dr. Renan;1205;;
41997775599;Grupo Proquia Santa Rita, Santana e Dr. Renan;1206;;
41974011263;Grupo Proquia Santa Rita, Santana e Dr. Renan;1207;;
41984936240;Grupo Proquia Santa Rita, Santana e Dr. Renan;1208;;
41991235300;Grupo Proquia Santa Rita, Santana e Dr. Renan;1209;;
41995052820;Grupo Proquia Santa Rita, Santana e Dr. Renan;1210;;
41999701730;Grupo Proquia Santa Rita, Santana e Dr. Renan;1211;;
41992635736;Grupo Proquia Santa Rita, Santana e Dr. Renan;1212;;
41995556092;Grupo Proquia Santa Rita, Santana e Dr. Renan;1213;;
41992213023;Grupo Proquia Santa Rita, Santana e Dr. Renan;1214;;
41999766354;Grupo Proquia Santa Rita, Santana e Dr. Renan;1215;;
41984405574;Grupo Proquia Santa Rita, Santana e Dr. Renan;1216;;
41997536154;Grupo Proquia Santa Rita, Santana e Dr. Renan;1217;;
41999863915;Grupo Proquia Santa Rita, Santana e Dr. Renan;1218;;
41991693581;Grupo Proquia Santa Rita, Santana e Dr. Renan;1219;;
41999633797;Grupo Proquia Santa Rita, Santana e Dr. Renan;1220;;
41998204026;Grupo Proquia Santa Rita, Santana e Dr. Renan;1221;;
41999468994;Grupo Proquia Santa Rita, Santana e Dr. Renan;1222;;
41996818546;Grupo Proquia Santa Rita, Santana e Dr. Renan;1223;;
41996643578;Grupo Proquia Santa Rita, Santana e Dr. Renan;1224;;
41998124921;Grupo Proquia Santa Rita, Santana e Dr. Renan;1225;;
41997376891;Grupo Proquia Santa Rita, Santana e Dr. Renan;1226;;
41991744038;Grupo Proquia Santa Rita, Santana e Dr. Renan;1227;;
41997765211;Grupo Proquia Santa Rita, Santana e Dr. Renan;1228;;
41996843040;Grupo Proquia Santa Rita, Santana e Dr. Renan;1229;;
41987777334;Grupo Proquia Santa Rita, Santana e Dr. Renan;1230;;
41996550747;Grupo Proquia Santa Rita, Santana e Dr. Renan;1231;;
41997848828;Grupo Proquia Santa Rita, Santana e Dr. Renan;1232;;
41996871697;Grupo Proquia Santa Rita, Santana e Dr. Renan;1233;;
41992557284;Grupo Proquia Santa Rita, Santana e Dr. Renan;1234;;
41998791225;Grupo Proquia Santa Rita, Santana e Dr. Renan;1235;;
41996167125;Grupo Proquia Santa Rita, Santana e Dr. Renan;1236;;
41999825880;Grupo Proquia Santa Rita, Santana e Dr. Renan;1237;;
41996588358;Grupo Proquia Santa Rita, Santana e Dr. Renan;1238;;
41991687779;Grupo Proquia Santa Rita, Santana e Dr. Renan;1239;;
41995542426;Grupo Proquia Santa Rita, Santana e Dr. Renan;1240;;
41987525640;Grupo Proquia Santa Rita, Santana e Dr. Renan;1241;;
41999630288;Grupo Proquia Santa Rita, Santana e Dr. Renan;1242;;
41987053791;Grupo Proquia Santa Rita, Santana e Dr. Renan;1243;;
41997201133;Grupo Proquia Santa Rita, Santana e Dr. Renan;1244;;
41998989123;Grupo Proquia Santa Rita, Santana e Dr. Renan;1245;;
41997066401;Grupo Proquia Santa Rita, Santana e Dr. Renan;1246;;
41998276927;Grupo Proquia Santa Rita, Santana e Dr. Renan;1247;;
41997829318;Grupo Proquia Santa Rita, Santana e Dr. Renan;1248;;
41997265043;Grupo Proquia Santa Rita, Santana e Dr. Renan;1249;;
41995126560;Grupo Proquia Santa Rita, Santana e Dr. Renan;1250;;
41999652289;Grupo Proquia Santa Rita, Santana e Dr. Renan;1251;;
41995542543;Grupo Proquia Santa Rita, Santana e Dr. Renan;1252;;
41995191286;Grupo Proquia Santa Rita, Santana e Dr. Renan;1253;;
41998096005;Grupo Proquia Santa Rita, Santana e Dr. Renan;1254;;
41998187202;Grupo Proquia Santa Rita, Santana e Dr. Renan;1255;;
41997518239;Grupo Proquia Santa Rita, Santana e Dr. Renan;1256;;
41995285143;Grupo Proquia Santa Rita, Santana e Dr. Renan;1257;;
41997293729;Grupo Proquia Santa Rita, Santana e Dr. Renan;1258;;
41998806394;Grupo Proquia Santa Rita, Santana e Dr. Renan;1259;;
41987410465;Grupo Proquia Santa Rita, Santana e Dr. Renan;1260;;
41992705682;Grupo Proquia Santa Rita, Santana e Dr. Renan;1261;;
41998266729;Grupo Proquia Santa Rita, Santana e Dr. Renan;1262;;
41988178065;Grupo Proquia Santa Rita, Santana e Dr. Renan;1263;;
41996440374;Grupo Proquia Santa Rita, Santana e Dr. Renan;1264;;
41999057490;Grupo Proquia Santa Rita, Santana e Dr. Renan;1265;;
41999608060;Grupo Proquia Santa Rita, Santana e Dr. Renan;1266;;
41998488042;Grupo Proquia Santa Rita, Santana e Dr. Renan;1267;;
41997084725;Grupo Proquia Santa Rita, Santana e Dr. Renan;1268;;
41999340182;Grupo Proquia Santa Rita, Santana e Dr. Renan;1269;;
41997268854;Grupo Proquia Santa Rita, Santana e Dr. Renan;1270;;
41998264483;Grupo Proquia Santa Rita, Santana e Dr. Renan;1271;;
41998734132;Grupo Proquia Santa Rita, Santana e Dr. Renan;1272;;
41997743549;Grupo Proquia Santa Rita, Santana e Dr. Renan;1273;;
41988867975;Grupo Proquia Santa Rita, Santana e Dr. Renan;1274;;
41998335228;Grupo Proquia Santa Rita, Santana e Dr. Renan;1275;;
41984007513;Grupo Proquia Santa Rita, Santana e Dr. Renan;1276;;
41984833131;Grupo Proquia Santa Rita, Santana e Dr. Renan;1277;;
41996288061;Grupo Proquia Santa Rita, Santana e Dr. Renan;1278;;
41992810847;Grupo Proquia Santa Rita, Santana e Dr. Renan;1279;;
41996926511;Grupo Proquia Santa Rita, Santana e Dr. Renan;1280;;
41996886026;Grupo Proquia Santa Rita, Santana e Dr. Renan;1281;;
41988262031;Grupo Proquia Santa Rita, Santana e Dr. Renan;1282;;
41998589425;Grupo Proquia Santa Rita, Santana e Dr. Renan;1283;;
41996527969;Grupo Proquia Santa Rita, Santana e Dr. Renan;1284;;
41997925548;Grupo Proquia Santa Rita, Santana e Dr. Renan;1285;;
41997194895;Grupo Proquia Santa Rita, Santana e Dr. Renan;1286;;
41997418490;Grupo Proquia Santa Rita, Santana e Dr. Renan;1287;;
41996257031;Grupo Proquia Santa Rita, Santana e Dr. Renan;1288;;
41997839237;Grupo Proquia Santa Rita, Santana e Dr. Renan;1289;;
41996897331;Grupo Proquia Santa Rita, Santana e Dr. Renan;1290;;
41995509522;Grupo Proquia Santa Rita, Santana e Dr. Renan;1291;;
41995364565;Grupo Proquia Santa Rita, Santana e Dr. Renan;1292;;
41988115063;Grupo Proquia Santa Rita, Santana e Dr. Renan;1293;;
41995040956;Grupo Proquia Santa Rita, Santana e Dr. Renan;1294;;
41996645451;Grupo Proquia Santa Rita, Santana e Dr. Renan;1295;;
41995645860;Grupo Proquia Santa Rita, Santana e Dr. Renan;1296;;
41999942653;Grupo Proquia Santa Rita, Santana e Dr. Renan;1297;;
41999875023;Grupo Proquia Santa Rita, Santana e Dr. Renan;1298;;
41987863987;Grupo Proquia Santa Rita, Santana e Dr. Renan;1299;;
41996591297;Grupo Proquia Santa Rita, Santana e Dr. Renan;1300;;
41997209566;Grupo Proquia Santa Rita, Santana e Dr. Renan;1301;;
41998262367;Grupo Proquia Santa Rita, Santana e Dr. Renan;1302;;
41996743514;Grupo Proquia Santa Rita, Santana e Dr. Renan;1303;;
41998622177;Grupo Proquia Santa Rita, Santana e Dr. Renan;1304;;
41995046681;Grupo Proquia Santa Rita, Santana e Dr. Renan;1305;;
41988117053;Grupo Proquia Santa Rita, Santana e Dr. Renan;1306;;
41998977813;Grupo Proquia Santa Rita, Santana e Dr. Renan;1307;;
41995371192;Grupo Proquia Santa Rita, Santana e Dr. Renan;1308;;
41996559870;Grupo Proquia Santa Rita, Santana e Dr. Renan;1309;;
41997783830;Grupo Proquia Santa Rita, Santana e Dr. Renan;1310;;
41998419116;Grupo Proquia Santa Rita, Santana e Dr. Renan;1311;;
41996974190;Grupo Proquia Santa Rita, Santana e Dr. Renan;1312;;
41999448474;Grupo Proquia Santa Rita, Santana e Dr. Renan;1313;;
41997735924;Grupo Proquia Santa Rita, Santana e Dr. Renan;1314;;
41987907274;Grupo Proquia Santa Rita, Santana e Dr. Renan;1315;;
41999382642;Grupo Proquia Santa Rita, Santana e Dr. Renan;1316;;
41996592964;Grupo Proquia Santa Rita, Santana e Dr. Renan;1317;;
41997591223;Grupo Proquia Santa Rita, Santana e Dr. Renan;1318;;
41995094524;Grupo Proquia Santa Rita, Santana e Dr. Renan;1319;;
41988498872;Grupo Proquia Santa Rita, Santana e Dr. Renan;1320;;
41998421761;Grupo Proquia Santa Rita, Santana e Dr. Renan;1321;;
41999677304;Grupo Proquia Santa Rita, Santana e Dr. Renan;1322;;
41997245443;Grupo Proquia Santa Rita, Santana e Dr. Renan;1323;;
41989016683;Grupo Proquia Santa Rita, Santana e Dr. Renan;1324;;
41984283572;Grupo Proquia Santa Rita, Santana e Dr. Renan;1325;;
41996329554;Grupo Proquia Santa Rita, Santana e Dr. Renan;1326;;
41997396104;Grupo Proquia Santa Rita, Santana e Dr. Renan;1327;;
41992625661;Grupo Proquia Santa Rita, Santana e Dr. Renan;1328;;
41991781302;Grupo Proquia Santa Rita, Santana e Dr. Renan;1329;;
41998091953;Grupo Proquia Santa Rita, Santana e Dr. Renan;1330;;
41995678018;Grupo Proquia Santa Rita, Santana e Dr. Renan;1331;;
47997271055;Grupo Proquia Santa Rita, Santana e Dr. Renan;1332;;
41992023163;Grupo Proquia Santa Rita, Santana e Dr. Renan;1333;;
41997703855;Grupo Proquia Santa Rita, Santana e Dr. Renan;1334;;
41999790896;Grupo Proquia Santa Rita, Santana e Dr. Renan;1335;;
41999755151;Grupo Proquia Santa Rita, Santana e Dr. Renan;1336;;
41998446302;Grupo Proquia Santa Rita, Santana e Dr. Renan;1337;;
41995051733;Grupo Proquia Santa Rita, Santana e Dr. Renan;1338;;
41998402396;Grupo Proquia Santa Rita, Santana e Dr. Renan;1339;;
41997733455;Grupo Proquia Santa Rita, Santana e Dr. Renan;1340;;
41995112407;Grupo Proquia Santa Rita, Santana e Dr. Renan;1341;;
41997212682;Grupo Proquia Santa Rita, Santana e Dr. Renan;1342;;
41996346180;Grupo Proquia Santa Rita, Santana e Dr. Renan;1343;;
41999706731;Grupo Proquia Santa Rita, Santana e Dr. Renan;1344;;
41991263596;Grupo Proquia Santa Rita, Santana e Dr. Renan;1345;;
41998839227;Grupo Proquia Santa Rita, Santana e Dr. Renan;1346;;
65981312019;Grupo Proquia Santa Rita, Santana e Dr. Renan;1347;;
41997831446;Grupo Proquia Santa Rita, Santana e Dr. Renan;1348;;
41996682135;Grupo Proquia Santa Rita, Santana e Dr. Renan;1349;;
41991043494;Grupo Proquia Santa Rita, Santana e Dr. Renan;1350;;
79996910301;Grupo Proquia Santa Rita, Santana e Dr. Renan;1351;;
41997666971;Grupo Proquia Santa Rita, Santana e Dr. Renan;1352;;
41987769862;Grupo Proquia Santa Rita, Santana e Dr. Renan;1353;;
41991783991;Grupo Proquia Santa Rita, Santana e Dr. Renan;1354;;
41991725294;Grupo Proquia Santa Rita, Santana e Dr. Renan;1355;;
41992275272;Grupo Proquia Santa Rita, Santana e Dr. Renan;1356;;
41996612538;Grupo Proquia Santa Rita, Santana e Dr. Renan;1357;;
41999538182;Grupo Proquia Santa Rita, Santana e Dr. Renan;1358;;
41995585808;Grupo Proquia Santa Rita, Santana e Dr. Renan;1359;;
41991366932;Grupo Proquia Santa Rita, Santana e Dr. Renan;1360;;
41996707077;Grupo Proquia Santa Rita, Santana e Dr. Renan;1361;;
41997184745;Grupo Proquia Santa Rita, Santana e Dr. Renan;1362;;
41997655395;Grupo Proquia Santa Rita, Santana e Dr. Renan;1363;;
41989020044;Grupo Proquia Santa Rita, Santana e Dr. Renan;1364;;
41999120845;Grupo Proquia Santa Rita, Santana e Dr. Renan;1365;;
41996935661;Grupo Proquia Santa Rita, Santana e Dr. Renan;1366;;
41995023406;Grupo Proquia Santa Rita, Santana e Dr. Renan;1367;;
41995707425;Grupo Proquia Santa Rita, Santana e Dr. Renan;1368;;
41992263392;Grupo Proquia Santa Rita, Santana e Dr. Renan;1369;;
41996318967;Grupo Proquia Santa Rita, Santana e Dr. Renan;1370;;
41992342495;Grupo Proquia Santa Rita, Santana e Dr. Renan;1371;;
41995193935;Grupo Proquia Santa Rita, Santana e Dr. Renan;1372;;
41992904726;Grupo Proquia Santa Rita, Santana e Dr. Renan;1373;;
41998403760;Grupo Proquia Santa Rita, Santana e Dr. Renan;1374;;
41984680470;Grupo Proquia Santa Rita, Santana e Dr. Renan;1375;;
41997376891;Grupo Proquia Santa Rita, Santana e Dr. Renan;1376;;
41996228916;Grupo Proquia Santa Rita, Santana e Dr. Renan;1377;;
41995419238;Grupo Proquia Santa Rita, Santana e Dr. Renan;1378;;
41997391942;Grupo Proquia Santa Rita, Santana e Dr. Renan;1379;;
41991728587;Grupo Proquia Santa Rita, Santana e Dr. Renan;1380;;
41987313969;Grupo Proquia Santa Rita, Santana e Dr. Renan;1381;;
41996097355;Grupo Proquia Santa Rita, Santana e Dr. Renan;1382;;
41997188735;Grupo Proquia Santa Rita, Santana e Dr. Renan;1383;;
41988763478;Grupo Proquia Santa Rita, Santana e Dr. Renan;1384;;
41991695656;Grupo Proquia Santa Rita, Santana e Dr. Renan;1385;;
41998751960;Grupo Proquia Santa Rita, Santana e Dr. Renan;1386;;
41996747620;Grupo Proquia Santa Rita, Santana e Dr. Renan;1387;;
41998250274;Grupo Proquia Santa Rita, Santana e Dr. Renan;1388;;
41998537849;Grupo Proquia Santa Rita, Santana e Dr. Renan;1389;;
41987943090;Grupo Proquia Santa Rita, Santana e Dr. Renan;1390;;
41996931861;Grupo Proquia Santa Rita, Santana e Dr. Renan;1391;;
41996702671;Grupo Proquia Santa Rita, Santana e Dr. Renan;1392;;
41996522723;Grupo Proquia Santa Rita, Santana e Dr. Renan;1393;;
41991473003;Grupo Proquia Santa Rita, Santana e Dr. Renan;1394;;
41992886476;Grupo Proquia Santa Rita, Santana e Dr. Renan;1395;;
41992595621;Grupo Proquia Santa Rita, Santana e Dr. Renan;1396;;
41985025899;Grupo Proquia Santa Rita, Santana e Dr. Renan;1397;;
41987083417;Grupo Proquia Santa Rita, Santana e Dr. Renan;1398;;
41999895553;Grupo Proquia Santa Rita, Santana e Dr. Renan;1399;;
41998589418;Grupo Proquia Santa Rita, Santana e Dr. Renan;1400;;
41987201412;Grupo Proquia Santa Rita, Santana e Dr. Renan;1401;;
21967671723;Grupo Proquia Santa Rita, Santana e Dr. Renan;1402;;
21997236015;Grupo Proquia Santa Rita, Santana e Dr. Renan;1403;;
21964489769;Grupo Proquia Santa Rita, Santana e Dr. Renan;1404;;
11975894170;Grupo Proquia Santa Rita, Santana e Dr. Renan;1405;;
11990214176;Grupo Proquia Santa Rita, Santana e Dr. Renan;1406;;
21981986034;Grupo Proquia Santa Rita, Santana e Dr. Renan;1407;;
21999275052;Grupo Proquia Santa Rita, Santana e Dr. Renan;1408;;
21965775950;Grupo Proquia Santa Rita, Santana e Dr. Renan;1409;;
12997690334;Grupo Proquia Santa Rita, Santana e Dr. Renan;1410;;
11989872961;Grupo Proquia Santa Rita, Santana e Dr. Renan;1411;;
21991824186;Grupo Proquia Santa Rita, Santana e Dr. Renan;1412;;
27992250165;Grupo Proquia Santa Rita, Santana e Dr. Renan;1413;;
18997051934;Grupo Proquia Santa Rita, Santana e Dr. Renan;1414;;
15988001459;Grupo Proquia Santa Rita, Santana e Dr. Renan;1415;;
11997646513;Grupo Proquia Santa Rita, Santana e Dr. Renan;1416;;
21981398067;Grupo Proquia Santa Rita, Santana e Dr. Renan;1417;;
12981928374;Grupo Proquia Santa Rita, Santana e Dr. Renan;1418;;
11992742087;Grupo Proquia Santa Rita, Santana e Dr. Renan;1419;;
11958772498;Grupo Proquia Santa Rita, Santana e Dr. Renan;1420;;
21999973665;Grupo Proquia Santa Rita, Santana e Dr. Renan;1421;;
21996266420;Grupo Proquia Santa Rita, Santana e Dr. Renan;1422;;
11973932616;Grupo Proquia Santa Rita, Santana e Dr. Renan;1423;;
21972419242;Grupo Proquia Santa Rita, Santana e Dr. Renan;1424;;
11986829797;Grupo Proquia Santa Rita, Santana e Dr. Renan;1425;;
11947078145;Grupo Proquia Santa Rita, Santana e Dr. Renan;1426;;
11958555257;Grupo Proquia Santa Rita, Santana e Dr. Renan;1427;;
27999701515;Grupo Proquia Santa Rita, Santana e Dr. Renan;1428;;
21988833177;Grupo Proquia Santa Rita, Santana e Dr. Renan;1429;;
21991376203;Grupo Proquia Santa Rita, Santana e Dr. Renan;1430;;
11999140511;Grupo Proquia Santa Rita, Santana e Dr. Renan;1431;;
19991349944;Grupo Proquia Santa Rita, Santana e Dr. Renan;1432;;
11948869046;Grupo Proquia Santa Rita, Santana e Dr. Renan;1433;;
19996553089;Grupo Proquia Santa Rita, Santana e Dr. Renan;1434;;
11947397325;Grupo Proquia Santa Rita, Santana e Dr. Renan;1435;;
11951904141;Grupo Proquia Santa Rita, Santana e Dr. Renan;1436;;
17981410266;Grupo Proquia Santa Rita, Santana e Dr. Renan;1437;;
21995051804;Grupo Proquia Santa Rita, Santana e Dr. Renan;1438;;
11984275775;Grupo Proquia Santa Rita, Santana e Dr. Renan;1439;;
27998392705;Grupo Proquia Santa Rita, Santana e Dr. Renan;1440;;
11968272902;Grupo Proquia Santa Rita, Santana e Dr. Renan;1441;;
19992956233;Grupo Proquia Santa Rita, Santana e Dr. Renan;1442;;
11999811813;Grupo Proquia Santa Rita, Santana e Dr. Renan;1443;;
15997194256;Grupo Proquia Santa Rita, Santana e Dr. Renan;1444;;
19971603296;Grupo Proquia Santa Rita, Santana e Dr. Renan;1445;;
12982296050;Grupo Proquia Santa Rita, Santana e Dr. Renan;1446;;
11996652285;Grupo Proquia Santa Rita, Santana e Dr. Renan;1447;;
21974906190;Grupo Proquia Santa Rita, Santana e Dr. Renan;1448;;
11976742201;Grupo Proquia Santa Rita, Santana e Dr. Renan;1449;;
12997816932;Grupo Proquia Santa Rita, Santana e Dr. Renan;1450;;
21964142749;Grupo Proquia Santa Rita, Santana e Dr. Renan;1451;;
11966033592;Grupo Proquia Santa Rita, Santana e Dr. Renan;1452;;
14991514430;Grupo Proquia Santa Rita, Santana e Dr. Renan;1453;;
19981888565;Grupo Proquia Santa Rita, Santana e Dr. Renan;1454;;
11999589922;Grupo Proquia Santa Rita, Santana e Dr. Renan;1455;;
11951206990;Grupo Proquia Santa Rita, Santana e Dr. Renan;1456;;
16981222284;Grupo Proquia Santa Rita, Santana e Dr. Renan;1457;;
11961752861;Grupo Proquia Santa Rita, Santana e Dr. Renan;1458;;
17992037998;Grupo Proquia Santa Rita, Santana e Dr. Renan;1459;;
16992595835;Grupo Proquia Santa Rita, Santana e Dr. Renan;1460;;
13996133488;Grupo Proquia Santa Rita, Santana e Dr. Renan;1461;;
28999519296;Grupo Proquia Santa Rita, Santana e Dr. Renan;1462;;
21982378139;Grupo Proquia Santa Rita, Santana e Dr. Renan;1463;;
11921940888;Grupo Proquia Santa Rita, Santana e Dr. Renan;1464;;
17991395251;Grupo Proquia Santa Rita, Santana e Dr. Renan;1465;;
19996875788;Grupo Proquia Santa Rita, Santana e Dr. Renan;1466;;
19993275138;Grupo Proquia Santa Rita, Santana e Dr. Renan;1467;;
11982644481;Grupo Proquia Santa Rita, Santana e Dr. Renan;1468;;
11975345758;Grupo Proquia Santa Rita, Santana e Dr. Renan;1469;;
14997329189;Grupo Proquia Santa Rita, Santana e Dr. Renan;1470;;
24999947519;Grupo Proquia Santa Rita, Santana e Dr. Renan;1471;;
11973391074;Grupo Proquia Santa Rita, Santana e Dr. Renan;1472;;
13991430209;Grupo Proquia Santa Rita, Santana e Dr. Renan;1473;;
16992403218;Grupo Proquia Santa Rita, Santana e Dr. Renan;1474;;
11948487076;Grupo Proquia Santa Rita, Santana e Dr. Renan;1475;;
12997640483;Grupo Proquia Santa Rita, Santana e Dr. Renan;1476;;
21964497090;Grupo Proquia Santa Rita, Santana e Dr. Renan;1477;;
27998935255;Grupo Proquia Santa Rita, Santana e Dr. Renan;1478;;
11999667400;Grupo Proquia Santa Rita, Santana e Dr. Renan;1479;;
21976364588;Grupo Proquia Santa Rita, Santana e Dr. Renan;1480;;
27999185942;Grupo Proquia Santa Rita, Santana e Dr. Renan;1481;;
11977602073;Grupo Proquia Santa Rita, Santana e Dr. Renan;1482;;
21996527755;Grupo Proquia Santa Rita, Santana e Dr. Renan;1483;;
11954541444;Grupo Proquia Santa Rita, Santana e Dr. Renan;1484;;
11947214919;Grupo Proquia Santa Rita, Santana e Dr. Renan;1485;;
21964963999;Grupo Proquia Santa Rita, Santana e Dr. Renan;1486;;
11983915726;Grupo Proquia Santa Rita, Santana e Dr. Renan;1487;;
11948968096;Grupo Proquia Santa Rita, Santana e Dr. Renan;1488;;
11939099614;Grupo Proquia Santa Rita, Santana e Dr. Renan;1489;;
16993945788;Grupo Proquia Santa Rita, Santana e Dr. Renan;1490;;
19996146670;Grupo Proquia Santa Rita, Santana e Dr. Renan;1491;;
15997915231;Grupo Proquia Santa Rita, Santana e Dr. Renan;1492;;
11941303060;Grupo Proquia Santa Rita, Santana e Dr. Renan;1493;;
16994430651;Grupo Proquia Santa Rita, Santana e Dr. Renan;1494;;
11973310965;Grupo Proquia Santa Rita, Santana e Dr. Renan;1495;;
11961420979;Grupo Proquia Santa Rita, Santana e Dr. Renan;1496;;
21975342980;Grupo Proquia Santa Rita, Santana e Dr. Renan;1497;;
11954877008;Grupo Proquia Santa Rita, Santana e Dr. Renan;1498;;
11984543870;Grupo Proquia Santa Rita, Santana e Dr. Renan;1499;;
12920006756;Grupo Proquia Santa Rita, Santana e Dr. Renan;1500;;
21991244256;Grupo Proquia Santa Rita, Santana e Dr. Renan;1501;;
19991664464;Grupo Proquia Santa Rita, Santana e Dr. Renan;1502;;
21998871224;Grupo Proquia Santa Rita, Santana e Dr. Renan;1503;;
11910416352;Grupo Proquia Santa Rita, Santana e Dr. Renan;1504;;
27999404022;Grupo Proquia Santa Rita, Santana e Dr. Renan;1505;;
19998220012;Grupo Proquia Santa Rita, Santana e Dr. Renan;1506;;
11958570012;Grupo Proquia Santa Rita, Santana e Dr. Renan;1507;;
11991220403;Grupo Proquia Santa Rita, Santana e Dr. Renan;1508;;
14981172133;Grupo Proquia Santa Rita, Santana e Dr. Renan;1509;;
17981818004;Grupo Proquia Santa Rita, Santana e Dr. Renan;1510;;
11951428015;Grupo Proquia Santa Rita, Santana e Dr. Renan;1511;;
11994064851;Grupo Proquia Santa Rita, Santana e Dr. Renan;1512;;
18998006926;Grupo Proquia Santa Rita, Santana e Dr. Renan;1513;;
22999086476;Grupo Proquia Santa Rita, Santana e Dr. Renan;1514;;
11912573603;Grupo Proquia Santa Rita, Santana e Dr. Renan;1515;;
11997505624;Grupo Proquia Santa Rita, Santana e Dr. Renan;1516;;
17981856677;Grupo Proquia Santa Rita, Santana e Dr. Renan;1517;;
12997146111;Grupo Proquia Santa Rita, Santana e Dr. Renan;1518;;
11942947015;Grupo Proquia Santa Rita, Santana e Dr. Renan;1519;;
11952815955;Grupo Proquia Santa Rita, Santana e Dr. Renan;1520;;
11999328155;Grupo Proquia Santa Rita, Santana e Dr. Renan;1521;;
11963182075;Grupo Proquia Santa Rita, Santana e Dr. Renan;1522;;
11987903962;Grupo Proquia Santa Rita, Santana e Dr. Renan;1523;;
12981362169;Grupo Proquia Santa Rita, Santana e Dr. Renan;1524;;
13997035707;Grupo Proquia Santa Rita, Santana e Dr. Renan;1525;;
24988214819;Grupo Proquia Santa Rita, Santana e Dr. Renan;1526;;
24993136039;Grupo Proquia Santa Rita, Santana e Dr. Renan;1527;;
11980266631;Grupo Proquia Santa Rita, Santana e Dr. Renan;1528;;
22974022632;Grupo Proquia Santa Rita, Santana e Dr. Renan;1529;;
11970554900;Grupo Proquia Santa Rita, Santana e Dr. Renan;1530;;
27999740275;Grupo Proquia Santa Rita, Santana e Dr. Renan;1531;;
11985594607;Grupo Proquia Santa Rita, Santana e Dr. Renan;1532;;
12988312230;Grupo Proquia Santa Rita, Santana e Dr. Renan;1533;;
19992423685;Grupo Proquia Santa Rita, Santana e Dr. Renan;1534;;
21997050418;Grupo Proquia Santa Rita, Santana e Dr. Renan;1535;;
19993437139;Grupo Proquia Santa Rita, Santana e Dr. Renan;1536;;
21995333940;Grupo Proquia Santa Rita, Santana e Dr. Renan;1537;;
19991105766;Grupo Proquia Santa Rita, Santana e Dr. Renan;1538;;
21985032314;Grupo Proquia Santa Rita, Santana e Dr. Renan;1539;;
19991299119;Grupo Proquia Santa Rita, Santana e Dr. Renan;1540;;
11974543341;Grupo Proquia Santa Rita, Santana e Dr. Renan;1541;;
16996037771;Grupo Proquia Santa Rita, Santana e Dr. Renan;1542;;
21995530804;Grupo Proquia Santa Rita, Santana e Dr. Renan;1543;;
11998999596;Grupo Proquia Santa Rita, Santana e Dr. Renan;1544;;
21986491065;Grupo Proquia Santa Rita, Santana e Dr. Renan;1545;;
21999865135;Grupo Proquia Santa Rita, Santana e Dr. Renan;1546;;
27997305474;Grupo Proquia Santa Rita, Santana e Dr. Renan;1547;;
16996099147;Grupo Proquia Santa Rita, Santana e Dr. Renan;1548;;
11989274483;Grupo Proquia Santa Rita, Santana e Dr. Renan;1549;;
16992318868;Grupo Proquia Santa Rita, Santana e Dr. Renan;1550;;
19991072074;Grupo Proquia Santa Rita, Santana e Dr. Renan;1551;;
21967372707;Grupo Proquia Santa Rita, Santana e Dr. Renan;1552;;
11998713090;Grupo Proquia Santa Rita, Santana e Dr. Renan;1553;;
11956069931;Grupo Proquia Santa Rita, Santana e Dr. Renan;1554;;
11982904377;Grupo Proquia Santa Rita, Santana e Dr. Renan;1555;;
13997755940;Grupo Proquia Santa Rita, Santana e Dr. Renan;1556;;
11958826511;Grupo Proquia Santa Rita, Santana e Dr. Renan;1557;;
11938006003;Grupo Proquia Santa Rita, Santana e Dr. Renan;1558;;
15981788760;Grupo Proquia Santa Rita, Santana e Dr. Renan;1559;;
12991175556;Grupo Proquia Santa Rita, Santana e Dr. Renan;1560;;
19984451003;Grupo Proquia Santa Rita, Santana e Dr. Renan;1561;;
16992228204;Grupo Proquia Santa Rita, Santana e Dr. Renan;1562;;
11947356823;Grupo Proquia Santa Rita, Santana e Dr. Renan;1563;;
11959667288;Grupo Proquia Santa Rita, Santana e Dr. Renan;1564;;
21972552025;Grupo Proquia Santa Rita, Santana e Dr. Renan;1565;;
11971410863;Grupo Proquia Santa Rita, Santana e Dr. Renan;1566;;
21975132796;Grupo Proquia Santa Rita, Santana e Dr. Renan;1567;;
27988211113;Grupo Proquia Santa Rita, Santana e Dr. Renan;1568;;
19998550101;Grupo Proquia Santa Rita, Santana e Dr. Renan;1569;;
11963321818;Grupo Proquia Santa Rita, Santana e Dr. Renan;1570;;
11954294647;Grupo Proquia Santa Rita, Santana e Dr. Renan;1571;;
19997038767;Grupo Proquia Santa Rita, Santana e Dr. Renan;1572;;
11973587117;Grupo Proquia Santa Rita, Santana e Dr. Renan;1573;;
21981429741;Grupo Proquia Santa Rita, Santana e Dr. Renan;1574;;
21985772592;Grupo Proquia Santa Rita, Santana e Dr. Renan;1575;;
27999702635;Grupo Proquia Santa Rita, Santana e Dr. Renan;1576;;
21974395587;Grupo Proquia Santa Rita, Santana e Dr. Renan;1577;;
18997931392;Grupo Proquia Santa Rita, Santana e Dr. Renan;1578;;
11999288833;Grupo Proquia Santa Rita, Santana e Dr. Renan;1579;;
12981072919;Grupo Proquia Santa Rita, Santana e Dr. Renan;1580;;
11992000095;Grupo Proquia Santa Rita, Santana e Dr. Renan;1581;;
14981952047;Grupo Proquia Santa Rita, Santana e Dr. Renan;1582;;
19992233875;Grupo Proquia Santa Rita, Santana e Dr. Renan;1583;;
11943979202;Grupo Proquia Santa Rita, Santana e Dr. Renan;1584;;
11977839917;Grupo Proquia Santa Rita, Santana e Dr. Renan;1585;;
11998413165;Grupo Proquia Santa Rita, Santana e Dr. Renan;1586;;
11981762444;Grupo Proquia Santa Rita, Santana e Dr. Renan;1587;;
11979907476;Grupo Proquia Santa Rita, Santana e Dr. Renan;1588;;
11992370379;Grupo Proquia Santa Rita, Santana e Dr. Renan;1589;;
11963111884;Grupo Proquia Santa Rita, Santana e Dr. Renan;1590;;
19920002881;Grupo Proquia Santa Rita, Santana e Dr. Renan;1591;;
11959434635;Grupo Proquia Santa Rita, Santana e Dr. Renan;1592;;
27999091602;Grupo Proquia Santa Rita, Santana e Dr. Renan;1593;;
45920005152;Grupo Proquia Santa Rita, Santana e Dr. Renan;1594;;
16992026654;Grupo Proquia Santa Rita, Santana e Dr. Renan;1595;;
21981770840;Grupo Proquia Santa Rita, Santana e Dr. Renan;1596;;
11948880822;Grupo Proquia Santa Rita, Santana e Dr. Renan;1597;;
11995038683;Grupo Proquia Santa Rita, Santana e Dr. Renan;1598;;
19996730446;Grupo Proquia Santa Rita, Santana e Dr. Renan;1599;;
11993000712;Grupo Proquia Santa Rita, Santana e Dr. Renan;1600;;
21988749437;Grupo Proquia Santa Rita, Santana e Dr. Renan;1601;;
16991232919;Grupo Proquia Santa Rita, Santana e Dr. Renan;1602;;
11964804756;Grupo Proquia Santa Rita, Santana e Dr. Renan;1603;;
24988143259;Grupo Proquia Santa Rita, Santana e Dr. Renan;1604;;
11999450023;Grupo Proquia Santa Rita, Santana e Dr. Renan;1605;;
14997864998;Grupo Proquia Santa Rita, Santana e Dr. Renan;1606;;
11994811414;Grupo Proquia Santa Rita, Santana e Dr. Renan;1607;;
11974506331;Grupo Proquia Santa Rita, Santana e Dr. Renan;1608;;
11999386290;Grupo Proquia Santa Rita, Santana e Dr. Renan;1609;;
21981518594;Grupo Proquia Santa Rita, Santana e Dr. Renan;1610;;
16991880746;Grupo Proquia Santa Rita, Santana e Dr. Renan;1611;;
19993516583;Grupo Proquia Santa Rita, Santana e Dr. Renan;1612;;
11968736457;Grupo Proquia Santa Rita, Santana e Dr. Renan;1613;;
21986470566;Grupo Proquia Santa Rita, Santana e Dr. Renan;1614;;
11963933869;Grupo Proquia Santa Rita, Santana e Dr. Renan;1615;;
11983225542;Grupo Proquia Santa Rita, Santana e Dr. Renan;1616;;
14996354456;Grupo Proquia Santa Rita, Santana e Dr. Renan;1617;;
24992135310;Grupo Proquia Santa Rita, Santana e Dr. Renan;1618;;
11933089288;Grupo Proquia Santa Rita, Santana e Dr. Renan;1619;;
11965077746;Grupo Proquia Santa Rita, Santana e Dr. Renan;1620;;
11994318884;Grupo Proquia Santa Rita, Santana e Dr. Renan;1621;;
11992583885;Grupo Proquia Santa Rita, Santana e Dr. Renan;1622;;
17997186394;Grupo Proquia Santa Rita, Santana e Dr. Renan;1623;;
11999690780;Grupo Proquia Santa Rita, Santana e Dr. Renan;1624;;
11998789512;Grupo Proquia Santa Rita, Santana e Dr. Renan;1625;;
17997720929;Grupo Proquia Santa Rita, Santana e Dr. Renan;1626;;
11995816977;Grupo Proquia Santa Rita, Santana e Dr. Renan;1627;;
13981531911;Grupo Proquia Santa Rita, Santana e Dr. Renan;1628;;
21971488945;Grupo Proquia Santa Rita, Santana e Dr. Renan;1629;;
11982970925;Grupo Proquia Santa Rita, Santana e Dr. Renan;1630;;
27998162598;Grupo Proquia Santa Rita, Santana e Dr. Renan;1631;;
12982876469;Grupo Proquia Santa Rita, Santana e Dr. Renan;1632;;
22997755458;Grupo Proquia Santa Rita, Santana e Dr. Renan;1633;;
11966259876;Grupo Proquia Santa Rita, Santana e Dr. Renan;1634;;
13991147337;Grupo Proquia Santa Rita, Santana e Dr. Renan;1635;;
16996088672;Grupo Proquia Santa Rita, Santana e Dr. Renan;1636;;
18997446067;Grupo Proquia Santa Rita, Santana e Dr. Renan;1637;;
21979913738;Grupo Proquia Santa Rita, Santana e Dr. Renan;1638;;
11942392026;Grupo Proquia Santa Rita, Santana e Dr. Renan;1639;;
12981001357;Grupo Proquia Santa Rita, Santana e Dr. Renan;1640;;
13991300441;Grupo Proquia Santa Rita, Santana e Dr. Renan;1641;;
14996763818;Grupo Proquia Santa Rita, Santana e Dr. Renan;1642;;
11982989092;Grupo Proquia Santa Rita, Santana e Dr. Renan;1643;;
21999106143;Grupo Proquia Santa Rita, Santana e Dr. Renan;1644;;
12997307970;Grupo Proquia Santa Rita, Santana e Dr. Renan;1645;;
19992539169;Grupo Proquia Santa Rita, Santana e Dr. Renan;1646;;
16981132571;Grupo Proquia Santa Rita, Santana e Dr. Renan;1647;;
11991204461;Grupo Proquia Santa Rita, Santana e Dr. Renan;1648;;
12991219025;Grupo Proquia Santa Rita, Santana e Dr. Renan;1649;;
14997971580;Grupo Proquia Santa Rita, Santana e Dr. Renan;1650;;
11983052262;Grupo Proquia Santa Rita, Santana e Dr. Renan;1651;;
11984969193;Grupo Proquia Santa Rita, Santana e Dr. Renan;1652;;
11969215948;Grupo Proquia Santa Rita, Santana e Dr. Renan;1653;;
21975334212;Grupo Proquia Santa Rita, Santana e Dr. Renan;1654;;
48933002427;Grupo Proquia Santa Rita, Santana e Dr. Renan;1655;;
27999450329;Grupo Proquia Santa Rita, Santana e Dr. Renan;1656;;
19988250574;Grupo Proquia Santa Rita, Santana e Dr. Renan;1657;;
18991778657;Grupo Proquia Santa Rita, Santana e Dr. Renan;1658;;
21964641063;Grupo Proquia Santa Rita, Santana e Dr. Renan;1659;;
17992384351;Grupo Proquia Santa Rita, Santana e Dr. Renan;1660;;
19998399030;Grupo Proquia Santa Rita, Santana e Dr. Renan;1661;;
15997341027;Grupo Proquia Santa Rita, Santana e Dr. Renan;1662;;
11937492788;Grupo Proquia Santa Rita, Santana e Dr. Renan;1663;;
14998292004;Grupo Proquia Santa Rita, Santana e Dr. Renan;1664;;
12991881576;Grupo Proquia Santa Rita, Santana e Dr. Renan;1665;;
17996266153;Grupo Proquia Santa Rita, Santana e Dr. Renan;1666;;
11972581500;Grupo Proquia Santa Rita, Santana e Dr. Renan;1667;;
14998532642;Grupo Proquia Santa Rita, Santana e Dr. Renan;1668;;
11947823094;Grupo Proquia Santa Rita, Santana e Dr. Renan;1669;;
14997429313;Grupo Proquia Santa Rita, Santana e Dr. Renan;1670;;
21982757575;Grupo Proquia Santa Rita, Santana e Dr. Renan;1671;;
16997188518;Grupo Proquia Santa Rita, Santana e Dr. Renan;1672;;
11940817656;Grupo Proquia Santa Rita, Santana e Dr. Renan;1673;;
19991741232;Grupo Proquia Santa Rita, Santana e Dr. Renan;1674;;
11976981118;Grupo Proquia Santa Rita, Santana e Dr. Renan;1675;;
21979443940;Grupo Proquia Santa Rita, Santana e Dr. Renan;1676;;
16981558686;Grupo Proquia Santa Rita, Santana e Dr. Renan;1677;;
21992478261;Grupo Proquia Santa Rita, Santana e Dr. Renan;1678;;
11935030096;Grupo Proquia Santa Rita, Santana e Dr. Renan;1679;;
11976266152;Grupo Proquia Santa Rita, Santana e Dr. Renan;1680;;
12992412591;Grupo Proquia Santa Rita, Santana e Dr. Renan;1681;;
21996152203;Grupo Proquia Santa Rita, Santana e Dr. Renan;1682;;
19995017175;Grupo Proquia Santa Rita, Santana e Dr. Renan;1683;;
27998765010;Grupo Proquia Santa Rita, Santana e Dr. Renan;1684;;
28999455525;Grupo Proquia Santa Rita, Santana e Dr. Renan;1685;;
11973043258;Grupo Proquia Santa Rita, Santana e Dr. Renan;1686;;
12982460300;Grupo Proquia Santa Rita, Santana e Dr. Renan;1687;;
19981188640;Grupo Proquia Santa Rita, Santana e Dr. Renan;1688;;
19981167474;Grupo Proquia Santa Rita, Santana e Dr. Renan;1689;;
21975390548;Grupo Proquia Santa Rita, Santana e Dr. Renan;1690;;
11984722889;Grupo Proquia Santa Rita, Santana e Dr. Renan;1691;;
27998264838;Grupo Proquia Santa Rita, Santana e Dr. Renan;1692;;
11996715811;Grupo Proquia Santa Rita, Santana e Dr. Renan;1693;;
11998828099;Grupo Proquia Santa Rita, Santana e Dr. Renan;1694;;
11957395831;Grupo Proquia Santa Rita, Santana e Dr. Renan;1695;;
11981063747;Grupo Proquia Santa Rita, Santana e Dr. Renan;1696;;
11910853109;Grupo Proquia Santa Rita, Santana e Dr. Renan;1697;;
11996269727;Grupo Proquia Santa Rita, Santana e Dr. Renan;1698;;
12991163657;Grupo Proquia Santa Rita, Santana e Dr. Renan;1699;;
11958588391;Grupo Proquia Santa Rita, Santana e Dr. Renan;1700;;
19987627872;Grupo Proquia Santa Rita, Santana e Dr. Renan;1701;;
19989866847;Grupo Proquia Santa Rita, Santana e Dr. Renan;1702;;
21983914218;Grupo Proquia Santa Rita, Santana e Dr. Renan;1703;;
11983752293;Grupo Proquia Santa Rita, Santana e Dr. Renan;1704;;
11988056705;Grupo Proquia Santa Rita, Santana e Dr. Renan;1705;;
16992414945;Grupo Proquia Santa Rita, Santana e Dr. Renan;1706;;
11996077566;Grupo Proquia Santa Rita, Santana e Dr. Renan;1707;;
27997162532;Grupo Proquia Santa Rita, Santana e Dr. Renan;1708;;
15996398338;Grupo Proquia Santa Rita, Santana e Dr. Renan;1709;;
24988367912;Grupo Proquia Santa Rita, Santana e Dr. Renan;1710;;
11968335793;Grupo Proquia Santa Rita, Santana e Dr. Renan;1711;;
19995068511;Grupo Proquia Santa Rita, Santana e Dr. Renan;1712;;
12982852278;Grupo Proquia Santa Rita, Santana e Dr. Renan;1713;;
11983532907;Grupo Proquia Santa Rita, Santana e Dr. Renan;1714;;
11947265460;Grupo Proquia Santa Rita, Santana e Dr. Renan;1715;;
19981338328;Grupo Proquia Santa Rita, Santana e Dr. Renan;1716;;
21970318727;Grupo Proquia Santa Rita, Santana e Dr. Renan;1717;;
12988461458;Grupo Proquia Santa Rita, Santana e Dr. Renan;1718;;
24999922111;Grupo Proquia Santa Rita, Santana e Dr. Renan;1719;;
11993484291;Grupo Proquia Santa Rita, Santana e Dr. Renan;1720;;
19988706240;Grupo Proquia Santa Rita, Santana e Dr. Renan;1721;;
17996386933;Grupo Proquia Santa Rita, Santana e Dr. Renan;1722;;
11981919187;Grupo Proquia Santa Rita, Santana e Dr. Renan;1723;;
19988085513;Grupo Proquia Santa Rita, Santana e Dr. Renan;1724;;
15996591978;Grupo Proquia Santa Rita, Santana e Dr. Renan;1725;;
18997409100;Grupo Proquia Santa Rita, Santana e Dr. Renan;1726;;
19971603296;Grupo Proquia Santa Rita, Santana e Dr. Renan;1727;;
19982062442;Grupo Proquia Santa Rita, Santana e Dr. Renan;1728;;
11964903688;Grupo Proquia Santa Rita, Santana e Dr. Renan;1729;;
11962124079;Grupo Proquia Santa Rita, Santana e Dr. Renan;1730;;
21994293394;Grupo Proquia Santa Rita, Santana e Dr. Renan;1731;;
19997463089;Grupo Proquia Santa Rita, Santana e Dr. Renan;1732;;
18988099566;Grupo Proquia Santa Rita, Santana e Dr. Renan;1733;;
11977295649;Grupo Proquia Santa Rita, Santana e Dr. Renan;1734;;
27999582244;Grupo Proquia Santa Rita, Santana e Dr. Renan;1735;;
11972632250;Grupo Proquia Santa Rita, Santana e Dr. Renan;1736;;
11942289128;Grupo Proquia Santa Rita, Santana e Dr. Renan;1737;;
11947039403;Grupo Proquia Santa Rita, Santana e Dr. Renan;1738;;
19998161498;Grupo Proquia Santa Rita, Santana e Dr. Renan;1739;;
19992290096;Grupo Proquia Santa Rita, Santana e Dr. Renan;1740;;
16992241239;Grupo Proquia Santa Rita, Santana e Dr. Renan;1741;;
12991456269;Grupo Proquia Santa Rita, Santana e Dr. Renan;1742;;
17981130344;Grupo Proquia Santa Rita, Santana e Dr. Renan;1743;;
24981826402;Grupo Proquia Santa Rita, Santana e Dr. Renan;1744;;
11973215362;Grupo Proquia Santa Rita, Santana e Dr. Renan;1745;;
11983332429;Grupo Proquia Santa Rita, Santana e Dr. Renan;1746;;
14997214596;Grupo Proquia Santa Rita, Santana e Dr. Renan;1747;;
11963544929;Grupo Proquia Santa Rita, Santana e Dr. Renan;1748;;
17996493669;Grupo Proquia Santa Rita, Santana e Dr. Renan;1749;;
16981212071;Grupo Proquia Santa Rita, Santana e Dr. Renan;1750;;
15997010356;Grupo Proquia Santa Rita, Santana e Dr. Renan;1751;;
15998319330;Grupo Proquia Santa Rita, Santana e Dr. Renan;1752;;
22999892557;Grupo Proquia Santa Rita, Santana e Dr. Renan;1753;;
11952349089;Grupo Proquia Santa Rita, Santana e Dr. Renan;1754;;
11980995770;Grupo Proquia Santa Rita, Santana e Dr. Renan;1755;;
16992568027;Grupo Proquia Santa Rita, Santana e Dr. Renan;1756;;
27999799840;Grupo Proquia Santa Rita, Santana e Dr. Renan;1757;;
11973250080;Grupo Proquia Santa Rita, Santana e Dr. Renan;1758;;
27999925039;Grupo Proquia Santa Rita, Santana e Dr. Renan;1759;;
11991890033;Grupo Proquia Santa Rita, Santana e Dr. Renan;1760;;
24992326476;Grupo Proquia Santa Rita, Santana e Dr. Renan;1761;;
11948858643;Grupo Proquia Santa Rita, Santana e Dr. Renan;1762;;
17997779816;Grupo Proquia Santa Rita, Santana e Dr. Renan;1763;;
11965282876;Grupo Proquia Santa Rita, Santana e Dr. Renan;1764;;
21969494529;Grupo Proquia Santa Rita, Santana e Dr. Renan;1765;;
16988595010;Grupo Proquia Santa Rita, Santana e Dr. Renan;1766;;
11945344000;Grupo Proquia Santa Rita, Santana e Dr. Renan;1767;;
11979590614;Grupo Proquia Santa Rita, Santana e Dr. Renan;1768;;
16997423607;Grupo Proquia Santa Rita, Santana e Dr. Renan;1769;;
11989748395;Grupo Proquia Santa Rita, Santana e Dr. Renan;1770;;
24998372708;Grupo Proquia Santa Rita, Santana e Dr. Renan;1771;;
12997738068;Grupo Proquia Santa Rita, Santana e Dr. Renan;1772;;
11970633449;Grupo Proquia Santa Rita, Santana e Dr. Renan;1773;;
12981920675;Grupo Proquia Santa Rita, Santana e Dr. Renan;1774;;
11999486865;Grupo Proquia Santa Rita, Santana e Dr. Renan;1775;;
12988368184;Grupo Proquia Santa Rita, Santana e Dr. Renan;1776;;
19982345102;Grupo Proquia Santa Rita, Santana e Dr. Renan;1777;;
12991662424;Grupo Proquia Santa Rita, Santana e Dr. Renan;1778;;
11930602455;Grupo Proquia Santa Rita, Santana e Dr. Renan;1779;;
21999973790;Grupo Proquia Santa Rita, Santana e Dr. Renan;1780;;
27981367109;Grupo Proquia Santa Rita, Santana e Dr. Renan;1781;;
11933489999;Grupo Proquia Santa Rita, Santana e Dr. Renan;1782;;
11991124668;Grupo Proquia Santa Rita, Santana e Dr. Renan;1783;;
21985557055;Grupo Proquia Santa Rita, Santana e Dr. Renan;1784;;
12982000263;Grupo Proquia Santa Rita, Santana e Dr. Renan;1785;;
11984283405;Grupo Proquia Santa Rita, Santana e Dr. Renan;1786;;
11982312018;Grupo Proquia Santa Rita, Santana e Dr. Renan;1787;;
18997316802;Grupo Proquia Santa Rita, Santana e Dr. Renan;1788;;
27999674922;Grupo Proquia Santa Rita, Santana e Dr. Renan;1789;;
21972004556;Grupo Proquia Santa Rita, Santana e Dr. Renan;1790;;
11997320585;Grupo Proquia Santa Rita, Santana e Dr. Renan;1791;;
11966275488;Grupo Proquia Santa Rita, Santana e Dr. Renan;1792;;
11966787248;Grupo Proquia Santa Rita, Santana e Dr. Renan;1793;;
11998459552;Grupo Proquia Santa Rita, Santana e Dr. Renan;1794;;
13996230082;Grupo Proquia Santa Rita, Santana e Dr. Renan;1795;;
11966371612;Grupo Proquia Santa Rita, Santana e Dr. Renan;1796;;
21987642066;Grupo Proquia Santa Rita, Santana e Dr. Renan;1797;;
21964119260;Grupo Proquia Santa Rita, Santana e Dr. Renan;1798;;
22988375153;Grupo Proquia Santa Rita, Santana e Dr. Renan;1799;;
14996771945;Grupo Proquia Santa Rita, Santana e Dr. Renan;1800;;
24998738797;Grupo Proquia Santa Rita, Santana e Dr. Renan;1801;;
11997514337;Grupo Proquia Santa Rita, Santana e Dr. Renan;1802;;
15996985131;Grupo Proquia Santa Rita, Santana e Dr. Renan;1803;;
11989243923;Grupo Proquia Santa Rita, Santana e Dr. Renan;1804;;
27997033678;Grupo Proquia Santa Rita, Santana e Dr. Renan;1805;;
11997184172;Grupo Proquia Santa Rita, Santana e Dr. Renan;1806;;
19996047383;Grupo Proquia Santa Rita, Santana e Dr. Renan;1807;;
21999340370;Grupo Proquia Santa Rita, Santana e Dr. Renan;1808;;
21981685787;Grupo Proquia Santa Rita, Santana e Dr. Renan;1809;;
16981619396;Grupo Proquia Santa Rita, Santana e Dr. Renan;1810;;
27997327650;Grupo Proquia Santa Rita, Santana e Dr. Renan;1811;;
21965574380;Grupo Proquia Santa Rita, Santana e Dr. Renan;1812;;
21983612645;Grupo Proquia Santa Rita, Santana e Dr. Renan;1813;;
11981950961;Grupo Proquia Santa Rita, Santana e Dr. Renan;1814;;
21996376100;Grupo Proquia Santa Rita, Santana e Dr. Renan;1815;;
11962233045;Grupo Proquia Santa Rita, Santana e Dr. Renan;1816;;
11943780777;Grupo Proquia Santa Rita, Santana e Dr. Renan;1817;;
19989992125;Grupo Proquia Santa Rita, Santana e Dr. Renan;1818;;
21964193649;Grupo Proquia Santa Rita, Santana e Dr. Renan;1819;;
11999995758;Grupo Proquia Santa Rita, Santana e Dr. Renan;1820;;
21964696004;Grupo Proquia Santa Rita, Santana e Dr. Renan;1821;;
11931365034;Grupo Proquia Santa Rita, Santana e Dr. Renan;1822;;
27999434441;Grupo Proquia Santa Rita, Santana e Dr. Renan;1823;;
19992603755;Grupo Proquia Santa Rita, Santana e Dr. Renan;1824;;
24993269158;Grupo Proquia Santa Rita, Santana e Dr. Renan;1825;;
17991417889;Grupo Proquia Santa Rita, Santana e Dr. Renan;1826;;
16981522371;Grupo Proquia Santa Rita, Santana e Dr. Renan;1827;;
21991842640;Grupo Proquia Santa Rita, Santana e Dr. Renan;1828;;
27999010270;Grupo Proquia Santa Rita, Santana e Dr. Renan;1829;;
17991781208;Grupo Proquia Santa Rita, Santana e Dr. Renan;1830;;
19987087219;Grupo Proquia Santa Rita, Santana e Dr. Renan;1831;;
11997494193;Grupo Proquia Santa Rita, Santana e Dr. Renan;1832;;
19982163014;Grupo Proquia Santa Rita, Santana e Dr. Renan;1833;;
11987341074;Grupo Proquia Santa Rita, Santana e Dr. Renan;1834;;
19991559292;Grupo Proquia Santa Rita, Santana e Dr. Renan;1835;;
11980410415;Grupo Proquia Santa Rita, Santana e Dr. Renan;1836;;
17996017807;Grupo Proquia Santa Rita, Santana e Dr. Renan;1837;;
19996446879;Grupo Proquia Santa Rita, Santana e Dr. Renan;1838;;
15991403130;Grupo Proquia Santa Rita, Santana e Dr. Renan;1839;;
11999816068;Grupo Proquia Santa Rita, Santana e Dr. Renan;1840;;
28999447349;Grupo Proquia Santa Rita, Santana e Dr. Renan;1841;;
11912406532;Grupo Proquia Santa Rita, Santana e Dr. Renan;1842;;
21974644664;Grupo Proquia Santa Rita, Santana e Dr. Renan;1843;;
11947886595;Grupo Proquia Santa Rita, Santana e Dr. Renan;1844;;
11971724561;Grupo Proquia Santa Rita, Santana e Dr. Renan;1845;;
11954801401;Grupo Proquia Santa Rita, Santana e Dr. Renan;1846;;
11958054069;Grupo Proquia Santa Rita, Santana e Dr. Renan;1847;;
11995020725;Grupo Proquia Santa Rita, Santana e Dr. Renan;1848;;
11992542271;Grupo Proquia Santa Rita, Santana e Dr. Renan;1849;;
12991558632;Grupo Proquia Santa Rita, Santana e Dr. Renan;1850;;
19971114422;Grupo Proquia Santa Rita, Santana e Dr. Renan;1851;;
19998344374;Grupo Proquia Santa Rita, Santana e Dr. Renan;1852;;
11976625025;Grupo Proquia Santa Rita, Santana e Dr. Renan;1853;;
19996302794;Grupo Proquia Santa Rita, Santana e Dr. Renan;1854;;
17996551362;Grupo Proquia Santa Rita, Santana e Dr. Renan;1855;;
24992753323;Grupo Proquia Santa Rita, Santana e Dr. Renan;1856;;
12982651797;Grupo Proquia Santa Rita, Santana e Dr. Renan;1857;;
15981806459;Grupo Proquia Santa Rita, Santana e Dr. Renan;1858;;
22998371136;Grupo Proquia Santa Rita, Santana e Dr. Renan;1859;;
11940355747;Grupo Proquia Santa Rita, Santana e Dr. Renan;1860;;
11968009678;Grupo Proquia Santa Rita, Santana e Dr. Renan;1861;;
11981846011;Grupo Proquia Santa Rita, Santana e Dr. Renan;1862;;
11981325562;Grupo Proquia Santa Rita, Santana e Dr. Renan;1863;;
19987052125;Grupo Proquia Santa Rita, Santana e Dr. Renan;1864;;
11980263579;Grupo Proquia Santa Rita, Santana e Dr. Renan;1865;;
11958858310;Grupo Proquia Santa Rita, Santana e Dr. Renan;1866;;
11994018297;Grupo Proquia Santa Rita, Santana e Dr. Renan;1867;;
21979827722;Grupo Proquia Santa Rita, Santana e Dr. Renan;1868;;
16992138947;Grupo Proquia Santa Rita, Santana e Dr. Renan;1869;;
15997315023;Grupo Proquia Santa Rita, Santana e Dr. Renan;1870;;
28999771374;Grupo Proquia Santa Rita, Santana e Dr. Renan;1871;;
11994671784;Grupo Proquia Santa Rita, Santana e Dr. Renan;1872;;
11956092349;Grupo Proquia Santa Rita, Santana e Dr. Renan;1873;;
21971695550;Grupo Proquia Santa Rita, Santana e Dr. Renan;1874;;
14997028050;Grupo Proquia Santa Rita, Santana e Dr. Renan;1875;;
22998051011;Grupo Proquia Santa Rita, Santana e Dr. Renan;1876;;
16997687184;Grupo Proquia Santa Rita, Santana e Dr. Renan;1877;;
19982184817;Grupo Proquia Santa Rita, Santana e Dr. Renan;1878;;
11981232625;Grupo Proquia Santa Rita, Santana e Dr. Renan;1879;;
21969258261;Grupo Proquia Santa Rita, Santana e Dr. Renan;1880;;
21988025800;Grupo Proquia Santa Rita, Santana e Dr. Renan;1881;;
16982423514;Grupo Proquia Santa Rita, Santana e Dr. Renan;1882;;
11997050127;Grupo Proquia Santa Rita, Santana e Dr. Renan;1883;;
21964111221;Grupo Proquia Santa Rita, Santana e Dr. Renan;1884;;
21980241358;Grupo Proquia Santa Rita, Santana e Dr. Renan;1885;;
11999655220;Grupo Proquia Santa Rita, Santana e Dr. Renan;1886;;
11980602912;Grupo Proquia Santa Rita, Santana e Dr. Renan;1887;;
11965873681;Grupo Proquia Santa Rita, Santana e Dr. Renan;1888;;
12991692564;Grupo Proquia Santa Rita, Santana e Dr. Renan;1889;;
15996477477;Grupo Proquia Santa Rita, Santana e Dr. Renan;1890;;
13997056606;Grupo Proquia Santa Rita, Santana e Dr. Renan;1891;;
21964741838;Grupo Proquia Santa Rita, Santana e Dr. Renan;1892;;
11941148822;Grupo Proquia Santa Rita, Santana e Dr. Renan;1893;;
16997120786;Grupo Proquia Santa Rita, Santana e Dr. Renan;1894;;
19996025032;Grupo Proquia Santa Rita, Santana e Dr. Renan;1895;;
11981431229;Grupo Proquia Santa Rita, Santana e Dr. Renan;1896;;
21982667292;Grupo Proquia Santa Rita, Santana e Dr. Renan;1897;;
11999319336;Grupo Proquia Santa Rita, Santana e Dr. Renan;1898;;
11977855228;Grupo Proquia Santa Rita, Santana e Dr. Renan;1899;;
11997847936;Grupo Proquia Santa Rita, Santana e Dr. Renan;1900;;
11965646181;Grupo Proquia Santa Rita, Santana e Dr. Renan;1901;;
11947416281;Grupo Proquia Santa Rita, Santana e Dr. Renan;1902;;
16992137629;Grupo Proquia Santa Rita, Santana e Dr. Renan;1903;;
11992902260;Grupo Proquia Santa Rita, Santana e Dr. Renan;1904;;
21985536397;Grupo Proquia Santa Rita, Santana e Dr. Renan;1905;;
16991596103;Grupo Proquia Santa Rita, Santana e Dr. Renan;1906;;
16991964633;Grupo Proquia Santa Rita, Santana e Dr. Renan;1907;;
18997368088;Grupo Proquia Santa Rita, Santana e Dr. Renan;1908;;
11945897698;Grupo Proquia Santa Rita, Santana e Dr. Renan;1909;;
21969693617;Grupo Proquia Santa Rita, Santana e Dr. Renan;1910;;
11953644883;Grupo Proquia Santa Rita, Santana e Dr. Renan;1911;;
11947322565;Grupo Proquia Santa Rita, Santana e Dr. Renan;1912;;
11912774780;Grupo Proquia Santa Rita, Santana e Dr. Renan;1913;;
24988244778;Grupo Proquia Santa Rita, Santana e Dr. Renan;1914;;
13996059001;Grupo Proquia Santa Rita, Santana e Dr. Renan;1915;;
21973078430;Grupo Proquia Santa Rita, Santana e Dr. Renan;1916;;
21964028502;Grupo Proquia Santa Rita, Santana e Dr. Renan;1917;;
19991018923;Grupo Proquia Santa Rita, Santana e Dr. Renan;1918;;
16996050998;Grupo Proquia Santa Rita, Santana e Dr. Renan;1919;;
19991101406;Grupo Proquia Santa Rita, Santana e Dr. Renan;1920;;
24978357414;Grupo Proquia Santa Rita, Santana e Dr. Renan;1921;;
14997611039;Grupo Proquia Santa Rita, Santana e Dr. Renan;1922;;
11985344918;Grupo Proquia Santa Rita, Santana e Dr. Renan;1923;;
11984196489;Grupo Proquia Santa Rita, Santana e Dr. Renan;1924;;
21988161407;Grupo Proquia Santa Rita, Santana e Dr. Renan;1925;;
11993824088;Grupo Proquia Santa Rita, Santana e Dr. Renan;1926;;
11954589986;Grupo Proquia Santa Rita, Santana e Dr. Renan;1927;;
19997681320;Grupo Proquia Santa Rita, Santana e Dr. Renan;1928;;
11952225873;Grupo Proquia Santa Rita, Santana e Dr. Renan;1929;;
21998439993;Grupo Proquia Santa Rita, Santana e Dr. Renan;1930;;
11981048570;Grupo Proquia Santa Rita, Santana e Dr. Renan;1931;;
16993889353;Grupo Proquia Santa Rita, Santana e Dr. Renan;1932;;
11941113127;Grupo Proquia Santa Rita, Santana e Dr. Renan;1933;;
11969975050;Grupo Proquia Santa Rita, Santana e Dr. Renan;1934;;
19991447598;Grupo Proquia Santa Rita, Santana e Dr. Renan;1935;;
11985089259;Grupo Proquia Santa Rita, Santana e Dr. Renan;1936;;
21970998927;Grupo Proquia Santa Rita, Santana e Dr. Renan;1937;;
13981328980;Grupo Proquia Santa Rita, Santana e Dr. Renan;1938;;
11980809139;Grupo Proquia Santa Rita, Santana e Dr. Renan;1939;;
11996307228;Grupo Proquia Santa Rita, Santana e Dr. Renan;1940;;
27999009055;Grupo Proquia Santa Rita, Santana e Dr. Renan;1941;;
11986557270;Grupo Proquia Santa Rita, Santana e Dr. Renan;1942;;
16992340260;Grupo Proquia Santa Rita, Santana e Dr. Renan;1943;;
21981126913;Grupo Proquia Santa Rita, Santana e Dr. Renan;1944;;
21970339251;Grupo Proquia Santa Rita, Santana e Dr. Renan;1945;;
21997645626;Grupo Proquia Santa Rita, Santana e Dr. Renan;1946;;
21996815888;Grupo Proquia Santa Rita, Santana e Dr. Renan;1947;;
19992194084;Grupo Proquia Santa Rita, Santana e Dr. Renan;1948;;
11959089904;Grupo Proquia Santa Rita, Santana e Dr. Renan;1949;;
19991849801;Grupo Proquia Santa Rita, Santana e Dr. Renan;1950;;
14996932113;Grupo Proquia Santa Rita, Santana e Dr. Renan;1951;;
14996513884;Grupo Proquia Santa Rita, Santana e Dr. Renan;1952;;
11947447641;Grupo Proquia Santa Rita, Santana e Dr. Renan;1953;;
22999387159;Grupo Proquia Santa Rita, Santana e Dr. Renan;1954;;
11999685956;Grupo Proquia Santa Rita, Santana e Dr. Renan;1955;;
11911220822;Grupo Proquia Santa Rita, Santana e Dr. Renan;1956;;
27999411168;Grupo Proquia Santa Rita, Santana e Dr. Renan;1957;;
15996890349;Grupo Proquia Santa Rita, Santana e Dr. Renan;1958;;
11962368112;Grupo Proquia Santa Rita, Santana e Dr. Renan;1959;;
11965392873;Grupo Proquia Santa Rita, Santana e Dr. Renan;1960;;
15988207921;Grupo Proquia Santa Rita, Santana e Dr. Renan;1961;;
19995876227;Grupo Proquia Santa Rita, Santana e Dr. Renan;1962;;
11913306670;Grupo Proquia Santa Rita, Santana e Dr. Renan;1963;;
11987379520;Grupo Proquia Santa Rita, Santana e Dr. Renan;1964;;
21975772664;Grupo Proquia Santa Rita, Santana e Dr. Renan;1965;;
41935009865;Grupo Proquia Santa Rita, Santana e Dr. Renan;1966;;
41935009864;Grupo Proquia Santa Rita, Santana e Dr. Renan;1967;Pessoal;Ofertas relâmpago FPP
4188855331;Sem nome;1968;Comercial;Ofertas relâmpago FPP
4199730989;lla docie giih santos;1969;Pessoal;Ofertas relâmpago FPP
4198394662;Sem nome;1970;Pessoal;Ofertas relâmpago FPP
4196160368;Sem nome;1971;Pessoal;Ofertas relâmpago FPP
4396003041;Sem nome;1972;Comercial;Ofertas relâmpago FPP
4198230600;Adão Foss;1973;Pessoal;Ofertas relâmpago FPP
4196730959;Sem nome;1974;Pessoal;Ofertas relâmpago FPP
4199188632;Sem nome;1975;Pessoal;Ofertas relâmpago FPP
4196705455;Sem nome;1976;Pessoal;Ofertas relâmpago FPP
4196221062;Sem nome;1977;Comercial;Ofertas relâmpago FPP
4195653027;Rancho Da Neia;1978;Pessoal;Ofertas relâmpago FPP
4184655727;Sem nome;1979;Pessoal;Ofertas relâmpago FPP
4199315121;Sem nome;1980;Pessoal;Ofertas relâmpago FPP
4197263303;Sem nome;1981;Pessoal;Ofertas relâmpago FPP
4196496332;Sem nome;1982;Pessoal;Ofertas relâmpago FPP
4196803845;Sem nome;1983;Pessoal;Ofertas relâmpago FPP
4188101492;Sem nome;1984;Pessoal;Ofertas relâmpago FPP
4196454098;Sem nome;1985;Pessoal;Ofertas relâmpago FPP
4195567852;Sem nome;1986;Pessoal;Ofertas relâmpago FPP
4192728324;Sem nome;1987;Pessoal;Ofertas relâmpago FPP
4188186641;Sem nome;1988;Pessoal;Ofertas relâmpago FPP
4198858884;Sem nome;1989;Pessoal;Ofertas relâmpago FPP
4187691221;Sem nome;1990;Comercial;Ofertas relâmpago FPP
4197670278;Distribuidora Saideira;1991;Pessoal;Ofertas relâmpago FPP
4187664479;Sem nome;1992;Pessoal;Ofertas relâmpago FPP
4196600434;Sem nome;1993;Pessoal;Ofertas relâmpago FPP
4197714816;Sem nome;1994;Pessoal;Ofertas relâmpago FPP
4191450905;Sem nome;1995;Pessoal;Ofertas relâmpago FPP
4184195222;Sem nome;1996;Pessoal;Ofertas relâmpago FPP
4198040526;Sem nome;1997;Pessoal;Ofertas relâmpago FPP
4197281397;Sem nome;1998;Pessoal;Ofertas relâmpago FPP
4197930717;Sem nome;1999;Pessoal;Ofertas relâmpago FPP
4199491921;Sem nome;2000;Pessoal;Ofertas relâmpago FPP
4198753642;Sem nome;2001;Pessoal;Ofertas relâmpago FPP
4184116126;Sem nome;2002;Comercial;Ofertas relâmpago FPP
4195665235;Tânia Martins Mazza Broker;2003;Pessoal;Ofertas relâmpago FPP
4198616804;Sem nome;2004;Pessoal;Ofertas relâmpago FPP
4195914480;Sem nome;2005;Pessoal;Ofertas relâmpago FPP
4197301512;Sem nome;2006;Pessoal;Ofertas relâmpago FPP
4198296965;Sem nome;2007;Pessoal;Ofertas relâmpago FPP
4199693866;Sem nome;2008;Pessoal;Ofertas relâmpago FPP
4196367063;Sem nome;2009;Pessoal;Ofertas relâmpago FPP
4196220364;Sem nome;2010;Pessoal;Ofertas relâmpago FPP
4196116772;Sem nome;2011;Pessoal;Ofertas relâmpago FPP
4199816694;Sem nome;2012;Pessoal;Ofertas relâmpago FPP
4196461977;Sem nome;2013;Pessoal;Ofertas relâmpago FPP
4195101972;Sem nome;2014;Pessoal;Ofertas relâmpago FPP
4195201362;Sem nome;2015;Comercial;Ofertas relâmpago FPP
4195859190;Stúdio Fernanda Ferreira Sobrancelhas;2016;Pessoal;Ofertas relâmpago FPP
4196910358;Sem nome;2017;Pessoal;Ofertas relâmpago FPP
4196649557;Sem nome;2018;Pessoal;Ofertas relâmpago FPP
4197893622;Sem nome;2019;Pessoal;Ofertas relâmpago FPP
4197309662;Sem nome;2020;Pessoal;Ofertas relâmpago FPP
4195250280;Sem nome;2021;Pessoal;Ofertas relâmpago FPP
4197379195;Sem nome;2022;Pessoal;Ofertas relâmpago FPP
4195179845;Sem nome;2023;Pessoal;Ofertas relâmpago FPP
4198526840;Sem nome;2024;Pessoal;Ofertas relâmpago FPP
4198112718;Sem nome;2025;Pessoal;Ofertas relâmpago FPP
4199370027;Sem nome;2026;Pessoal;Ofertas relâmpago FPP
4199362155;Sem nome;2027;Pessoal;Ofertas relâmpago FPP
4199734537;Sem nome;2028;Pessoal;Ofertas relâmpago FPP
4184158284;Sem nome;2029;Pessoal;Ofertas relâmpago FPP
4187868739;Sem nome;2030;Comercial;Ofertas relâmpago FPP
4196901654;Lania Viana;2031;Pessoal;Ofertas relâmpago FPP
4196136810;Sem nome;2032;Pessoal;Ofertas relâmpago FPP
4195481380;Angélica (Déda CP);2033;Pessoal;Ofertas relâmpago FPP
4187462304;Sem nome;2034;Pessoal;Ofertas relâmpago FPP
4391371123;Sem nome;2035;Pessoal;Ofertas relâmpago FPP
4196979510;Sem nome;2036;Pessoal;Ofertas relâmpago FPP
4187943353;Sem nome;2037;Pessoal;Ofertas relâmpago FPP
4184172163;Sem nome;2038;Pessoal;Ofertas relâmpago FPP
4187825051;Sem nome;2039;Comercial;Ofertas relâmpago FPP
4195705005;Lanche da Elo;2040;Pessoal;Ofertas relâmpago FPP
4192541660;Sem nome;2041;Pessoal;Ofertas relâmpago FPP
4198923975;Sem nome;2042;Pessoal;Ofertas relâmpago FPP
11943134458;Sem nome;2043;Pessoal;Ofertas relâmpago FPP
4198189519;Sem nome;2044;Pessoal;Ofertas relâmpago FPP
4199271696;Sem nome;2045;Comercial;Ofertas relâmpago FPP
4195922175;Papai Noel;2046;Pessoal;Ofertas relâmpago FPP
4191981073;Sem nome;2047;Pessoal;Ofertas relâmpago FPP
4199323681;Sem nome;2048;Pessoal;Ofertas relâmpago FPP
4192707887;Sem nome;2049;Pessoal;Ofertas relâmpago FPP
4198367929;Sem nome;2050;Pessoal;Ofertas relâmpago FPP
4188993636;Sem nome;2051;Pessoal;Ofertas relâmpago FPP
4195650403;Sem nome;2052;Pessoal;Ofertas relâmpago FPP
4195575722;Sem nome;2053;Pessoal;Ofertas relâmpago FPP
4199195052;Sem nome;2054;Pessoal;Ofertas relâmpago FPP
4199055724;Sem nome;2055;Pessoal;Ofertas relâmpago FPP
4796745877;Sem nome;2056;Pessoal;Ofertas relâmpago FPP
4185111181;Sem nome;2057;Pessoal;Ofertas relâmpago FPP
4195051733;Sem nome;2058;Pessoal;Ofertas relâmpago FPP
4199967172;Sem nome;2059;Pessoal;Ofertas relâmpago FPP
4199958178;Sem nome;2060;Comercial;Ofertas relâmpago FPP
4198932613;Estudio Fran Oliveira;2061;Pessoal;Ofertas relâmpago FPP
4599169319;Sem nome;2062;Pessoal;Ofertas relâmpago FPP
4192545478;Sem nome;2063;Pessoal;Ofertas relâmpago FPP
4197127665;Sem nome;2064;Comercial;Ofertas relâmpago FPP
4192441658;Lu Costuras;2065;Pessoal;Ofertas relâmpago FPP
4198636785;Sem nome;2066;Pessoal;Ofertas relâmpago FPP
4196806421;Sem nome;2067;Pessoal;Ofertas relâmpago FPP
4199320316;Sem nome;2068;Pessoal;Ofertas relâmpago FPP
4192630459;Sem nome;2069;Pessoal;Ofertas relâmpago FPP
4197666466;Sem nome;2070;Pessoal;Ofertas relâmpago FPP
4195978083;Sem nome;2071;Pessoal;Ofertas relâmpago FPP
4196676712;Sem nome;2072;Pessoal;Ofertas relâmpago FPP
4196564494;Sem nome;2073;Pessoal;Ofertas relâmpago FPP
4196390476;Sem nome;2074;Pessoal;Ofertas relâmpago FPP
4197021639;Sem nome;2075;Pessoal;Ofertas relâmpago FPP
4199370934;Sem nome;2076;Pessoal;Ofertas relâmpago FPP
4792289467;Sem nome;2077;Pessoal;Ofertas relâmpago FPP
4196413663;Sem nome;2078;Pessoal;Ofertas relâmpago FPP
4198762974;Sem nome;2079;Pessoal;Ofertas relâmpago FPP
4196230239;Sem nome;2080;Pessoal;Ofertas relâmpago FPP
4198713610;Sem nome;2081;Pessoal;Ofertas relâmpago FPP
4197496707;Sem nome;2082;Pessoal;Ofertas relâmpago FPP
4187322860;Sem nome;2083;Pessoal;Ofertas relâmpago FPP
4198514467;Sem nome;2084;Pessoal;Ofertas relâmpago FPP
4191130108;Sem nome;2085;Comercial;Ofertas relâmpago FPP
4197566901;Ana Beatriz;2086;Pessoal;Ofertas relâmpago FPP
4197539736;Sem nome;2087;Pessoal;Ofertas relâmpago FPP
4799836609;Sem nome;2088;Pessoal;Ofertas relâmpago FPP
4199665705;Sem nome;2089;Comercial;Ofertas relâmpago FPP
4199507760;Transporte Escolar Tia Cris;2090;Pessoal;Ofertas relâmpago FPP
4195418480;Sem nome;2091;Pessoal;Ofertas relâmpago FPP
4199186662;Sem nome;2092;Pessoal;Ofertas relâmpago FPP
4187661017;Sem nome;2093;Pessoal;Ofertas relâmpago FPP
4184789379;Sem nome;2094;Pessoal;Ofertas relâmpago FPP
4197194764;Sem nome;2095;Pessoal;Ofertas relâmpago FPP
4195532983;Sem nome;2096;Comercial;Ofertas relâmpago FPP
4192449658;Lanche Monte Hermom;2097;Pessoal;Ofertas relâmpago FPP
4197066417;Sem nome;2098;Comercial;Ofertas relâmpago FPP
4192190158;Lu Salão.;2099;Pessoal;Ofertas relâmpago FPP
4187968094;Sem nome;2100;Pessoal;Ofertas relâmpago FPP
4184525074;Sem nome;2101;Pessoal;Ofertas relâmpago FPP
4197669779;Sem nome;2102;Pessoal;Ofertas relâmpago FPP
4192441561;Sem nome;2103;Pessoal;Ofertas relâmpago FPP
4174026183;Sem nome;2104;Pessoal;Ofertas relâmpago FPP
4197914843;Sem nome;2105;Pessoal;Ofertas relâmpago FPP
4197188195;Sem nome;2106;Pessoal;Ofertas relâmpago FPP
4199104796;Sem nome;2107;Pessoal;Ofertas relâmpago FPP
4197506020;Sem nome;2108;Pessoal;Ofertas relâmpago FPP
4197655032;Sem nome;2109;Pessoal;Ofertas relâmpago FPP
4184100291;Sem nome;2110;Pessoal;Ofertas relâmpago FPP
4191561948;Sem nome;2111;Pessoal;Ofertas relâmpago FPP
4196717747;Sem nome;2112;Pessoal;Ofertas relâmpago FPP
4196121126;Sem nome;2113;Pessoal;Ofertas relâmpago FPP
4198545989;Sem nome;2114;Pessoal;Ofertas relâmpago FPP
4191456991;Sem nome;2115;Pessoal;Ofertas relâmpago FPP
4197490494;Sem nome;2116;Pessoal;Ofertas relâmpago FPP
4192524684;Sem nome;2117;Pessoal;Ofertas relâmpago FPP
4198854723;Sem nome;2118;Comercial;Ofertas relâmpago FPP
4198611991;Tio Batata;2119;Pessoal;Ofertas relâmpago FPP
4195284136;Sem nome;2120;Pessoal;Ofertas relâmpago FPP
4198875351;Sem nome;2121;Pessoal;Ofertas relâmpago FPP
4197139792;Sem nome;2122;Pessoal;Ofertas relâmpago FPP
4191066124;Sem nome;2123;Pessoal;Ofertas relâmpago FPP
4195260422;Sem nome;2124;Comercial;Ofertas relâmpago FPP
4191336855;José A. Lopes;2125;Pessoal;Ofertas relâmpago FPP
4195879029;Sem nome;2126;Pessoal;Ofertas relâmpago FPP
4195732842;Sem nome;2127;Pessoal;Ofertas relâmpago FPP
4187229110;Sem nome;2128;Pessoal;Ofertas relâmpago FPP
4196524076;Sem nome;2129;Pessoal;Ofertas relâmpago FPP
4199045568;Sem nome;2130;Pessoal;Ofertas relâmpago FPP
4196510699;Sem nome;2131;Pessoal;Ofertas relâmpago FPP
4187845430;Sem nome;2132;Pessoal;Ofertas relâmpago FPP
4196675757;Sem nome;2133;Pessoal;Ofertas relâmpago FPP
4196965289;Sem nome;2134;Pessoal;Ofertas relâmpago FPP
4195758437;Sem nome;2135;Pessoal;Ofertas relâmpago FPP
4198600792;Sem nome;2136;Pessoal;Ofertas relâmpago FPP
4199923386;Sem nome;2137;Pessoal;Ofertas relâmpago FPP
4196420873;Sem nome;2138;Pessoal;Ofertas relâmpago FPP
4188863444;Sem nome;2139;Pessoal;Ofertas relâmpago FPP
4188100975;Sem nome;2140;Comercial;Ofertas relâmpago FPP
4192156062;Jacque Kreski;2141;Pessoal;Ofertas relâmpago FPP
4187879275;Sem nome;2142;Pessoal;Ofertas relâmpago FPP
4197090488;Sem nome;2143;Pessoal;Ofertas relâmpago FPP
4195501099;Sem nome;2144;Pessoal;Ofertas relâmpago FPP
4197782848;Sem nome;2145;Pessoal;Ofertas relâmpago FPP
4384220992;Sem nome;2146;Pessoal;Ofertas relâmpago FPP
4198782633;Sem nome;2147;Pessoal;Ofertas relâmpago FPP
4195477980;Sem nome;2148;Pessoal;Ofertas relâmpago FPP
4187846183;Sem nome;2149;Pessoal;Ofertas relâmpago FPP
4195442651;Sem nome;2150;Pessoal;Ofertas relâmpago FPP
4196724711;Sem nome;2151;Pessoal;Ofertas relâmpago FPP
4197322728;Sem nome;2152;Pessoal;Ofertas relâmpago FPP
4196053211;Sem nome;2153;Pessoal;Ofertas relâmpago FPP
4199447308;Sem nome;2154;Pessoal;Ofertas relâmpago FPP
4188841740;Sem nome;2155;Pessoal;Ofertas relâmpago FPP
4198198730;Sem nome;2156;Pessoal;Ofertas relâmpago FPP
4195205086;Sem nome;2157;Pessoal;Ofertas relâmpago FPP
4196114233;Sem nome;2158;Pessoal;Ofertas relâmpago FPP
4197415337;Sem nome;2159;Pessoal;Ofertas relâmpago FPP
4185363094;Sem nome;2160;Pessoal;Ofertas relâmpago FPP
4195859318;Sem nome;2161;Pessoal;Ofertas relâmpago FPP
4298614908;Sem nome;2162;Pessoal;Ofertas relâmpago FPP
4588266011;Sem nome;2163;Pessoal;Ofertas relâmpago FPP
4195093997;Sem nome;2164;Pessoal;Ofertas relâmpago FPP
4192385431;Sem nome;2165;Pessoal;Ofertas relâmpago FPP
4199345145;Sem nome;2166;Pessoal;Ofertas relâmpago FPP
4184728485;Sem nome;2167;Pessoal;Ofertas relâmpago FPP
4197066398;Sem nome;2168;Pessoal;Ofertas relâmpago FPP
4192091822;Sem nome;2169;Pessoal;Ofertas relâmpago FPP
4197980324;Sem nome;2170;Pessoal;Ofertas relâmpago FPP
4187122019;Sem nome;2171;Pessoal;Ofertas relâmpago FPP
4198639994;Sem nome;2172;Pessoal;Ofertas relâmpago FPP
4197944755;Sem nome;2173;Pessoal;Ofertas relâmpago FPP
4192244400;Sem nome;2174;Pessoal;Ofertas relâmpago FPP
4197295174;Sem nome;2175;Pessoal;Ofertas relâmpago FPP
4191320454;Sem nome;2176;Pessoal;Ofertas relâmpago FPP
4195931125;Sem nome;2177;Pessoal;Ofertas relâmpago FPP
4197838298;Sem nome;2178;Pessoal;Ofertas relâmpago FPP
4199559548;Sem nome;2179;Pessoal;Ofertas relâmpago FPP
4198130420;Sem nome;2180;Pessoal;Ofertas relâmpago FPP
41920006412;Sem nome;2181;Pessoal;Ofertas relâmpago FPP
12997184607;Sem nome;2182;Pessoal;Ofertas relâmpago FPP
4196164945;Sem nome;2183;Pessoal;Ofertas relâmpago FPP
4192195377;Sem nome;2184;Pessoal;Ofertas relâmpago FPP
4196691972;Sem nome;2185;Pessoal;Ofertas relâmpago FPP
18996447559;Sem nome;2186;Pessoal;Ofertas relâmpago FPP
4198879647;Sem nome;2187;Pessoal;Ofertas relâmpago FPP
4399781436;Sem nome;2188;Comercial;Ofertas relâmpago FPP
4184501622;ALESANDRA;2189;Pessoal;Ofertas relâmpago FPP
4195974101;Sem nome;2190;Pessoal;Ofertas relâmpago FPP
4195767486;Sem nome;2191;Pessoal;Ofertas relâmpago FPP
4195798227;Sem nome;2192;Pessoal;Ofertas relâmpago FPP
4192794758;Sem nome;2193;Pessoal;Ofertas relâmpago FPP
4198526482;Sem nome;2194;Pessoal;Ofertas relâmpago FPP
4188102437;Sem nome;2195;Pessoal;Ofertas relâmpago FPP
4197176603;Sem nome;2196;Pessoal;Ofertas relâmpago FPP
4196067421;Sem nome;2197;Pessoal;Ofertas relâmpago FPP
4198594830;Sem nome;2198;Pessoal;Ofertas relâmpago FPP
4196950534;Sem nome;2199;Comercial;Ofertas relâmpago FPP
4195352454;Andreia;2200;Comercial;Ofertas relâmpago FPP
4195691360;Eduarda Consultora;2201;Pessoal;Ofertas relâmpago FPP
4199605338;Sem nome;2202;Pessoal;Ofertas relâmpago FPP
4195823767;Sem nome;2203;Pessoal;Ofertas relâmpago FPP
4188214176;Sem nome;2204;Pessoal;Ofertas relâmpago FPP
4187366457;Sem nome;2205;Pessoal;Ofertas relâmpago FPP
4191564870;Sem nome;2206;Pessoal;Ofertas relâmpago FPP
4195815921;Sem nome;2207;Pessoal;Ofertas relâmpago FPP
4188465958;Sem nome;2208;Pessoal;Ofertas relâmpago FPP
4185079017;Sem nome;2209;Pessoal;Ofertas relâmpago FPP
4196021301;Sem nome;2210;Pessoal;Ofertas relâmpago FPP
27996357778;Sem nome;2211;Pessoal;Ofertas relâmpago FPP
4197971805;Sem nome;2212;Pessoal;Ofertas relâmpago FPP
4198825149;Sem nome;2213;Pessoal;Ofertas relâmpago FPP
4197812234;Sem nome;2214;Comercial;Ofertas relâmpago FPP
4198151204;Joao Raimundo;2215;Pessoal;Ofertas relâmpago FPP
4188156565;Sem nome;2216;Pessoal;Ofertas relâmpago FPP
4199439284;Sem nome;2217;Pessoal;Ofertas relâmpago FPP
4187550212;Sem nome;2218;Pessoal;Ofertas relâmpago FPP
4196940152;Sem nome;2219;Pessoal;Ofertas relâmpago FPP
4196594606;Sem nome;2220;Pessoal;Ofertas relâmpago FPP
4192271108;Sem nome;2221;Pessoal;Ofertas relâmpago FPP
4187240691;Sem nome;2222;Pessoal;Ofertas relâmpago FPP
4184587228;Sem nome;2223;Pessoal;Ofertas relâmpago FPP
4198965193;Sem nome;2224;Pessoal;Ofertas relâmpago FPP
4191725520;Sem nome;2225;Pessoal;Ofertas relâmpago FPP
4198969282;Sem nome;2226;Pessoal;Ofertas relâmpago FPP
4196990401;Sem nome;2227;Pessoal;Ofertas relâmpago FPP
4191830072;Sem nome;2228;Pessoal;Ofertas relâmpago FPP
4196511948;Sem nome;2229;Pessoal;Ofertas relâmpago FPP
4195559453;Sem nome;2230;Pessoal;Ofertas relâmpago FPP
4196642888;Sem nome;2231;Comercial;Ofertas relâmpago FPP
4197618668;Guilherme Souza;2232;Pessoal;Ofertas relâmpago FPP
4599003266;Sem nome;2233;Pessoal;Ofertas relâmpago FPP
4196741946;Sem nome;2234;Pessoal;Ofertas relâmpago FPP
4198467617;Sem nome;2235;Pessoal;Ofertas relâmpago FPP
4195994402;Sem nome;2236;Pessoal;Ofertas relâmpago FPP
4197763827;Sem nome;2237;Pessoal;Ofertas relâmpago FPP
4195412925;Sem nome;2238;Pessoal;Ofertas relâmpago FPP
4188217433;Sem nome;2239;Pessoal;Ofertas relâmpago FPP
4192905848;Sem nome;2240;Pessoal;Ofertas relâmpago FPP
4198598675;Sem nome;2241;Comercial;Ofertas relâmpago FPP
21981482677;martins;2242;Pessoal;Ofertas relâmpago FPP
4198594542;Sem nome;2243;Pessoal;Ofertas relâmpago FPP
4199107764;Sem nome;2244;Pessoal;Ofertas relâmpago FPP
4191034890;Sem nome;2245;Pessoal;Ofertas relâmpago FPP
4199470849;Sem nome;2246;Pessoal;Ofertas relâmpago FPP
4188575019;Sem nome;2247;Pessoal;Ofertas relâmpago FPP
4198447914;Sem nome;2248;Pessoal;Ofertas relâmpago FPP
4196445328;Sem nome;2249;Pessoal;Ofertas relâmpago FPP
41920000960;Sem nome;2250;Pessoal;Ofertas relâmpago FPP
4199150325;Sem nome;2251;Pessoal;Ofertas relâmpago FPP
4195179190;Sem nome;2252;Pessoal;Ofertas relâmpago FPP
4196340957;Sem nome;2253;Pessoal;Ofertas relâmpago FPP
4192662748;Sem nome;2254;Pessoal;Ofertas relâmpago FPP
4199115282;Sem nome;2255;Pessoal;Ofertas relâmpago FPP
4198022366;Sem nome;2256;Comercial;Ofertas relâmpago FPP
4195450393;Andréa Nails Designer;2257;Pessoal;Ofertas relâmpago FPP
4192040655;Sem nome;2258;Pessoal;Ofertas relâmpago FPP
4191750557;Sem nome;2259;Pessoal;Ofertas relâmpago FPP
4196205016;Sem nome;2260;Comercial;Ofertas relâmpago FPP
4184269884;Eletrônica Jk;2261;Pessoal;Ofertas relâmpago FPP
4198461017;Sem nome;2262;Pessoal;Ofertas relâmpago FPP
4188737684;Sem nome;2263;Pessoal;Ofertas relâmpago FPP
4199229702;Sem nome;2264;Pessoal;Ofertas relâmpago FPP
4187664033;Sem nome;2265;Comercial;Ofertas relâmpago FPP
4185037687;Emiliane;2266;Pessoal;Ofertas relâmpago FPP
4199341382;Sem nome;2267;Pessoal;Ofertas relâmpago FPP
4184637776;Sem nome;2268;Pessoal;Ofertas relâmpago FPP
4196472658;Sem nome;2269;Pessoal;Ofertas relâmpago FPP
4188025094;Sem nome;2270;Pessoal;Ofertas relâmpago FPP
4195529208;Sem nome;2271;Pessoal;Ofertas relâmpago FPP
4197611223;Sem nome;2272;Pessoal;Ofertas relâmpago FPP
4197565835;Sem nome;2273;Pessoal;Ofertas relâmpago FPP
4198213068;Sem nome;2274;Pessoal;Ofertas relâmpago FPP
4191486077;Sem nome;2275;Pessoal;Ofertas relâmpago FPP
4184638970;Sem nome;2276;Pessoal;Ofertas relâmpago FPP
4196530942;Sem nome;2277;Pessoal;Ofertas relâmpago FPP
4195065784;Sem nome;2278;Pessoal;Ofertas relâmpago FPP
4191145146;Sem nome;2279;Pessoal;Ofertas relâmpago FPP
4195297287;Sem nome;2280;Pessoal;Ofertas relâmpago FPP
4184927825;Sem nome;2281;Pessoal;Ofertas relâmpago FPP
4199961300;Sem nome;2282;Pessoal;Ofertas relâmpago FPP
4196968672;Sem nome;2283;Comercial;Ofertas relâmpago FPP
4199157733;Elixx;2284;Comercial;Ofertas relâmpago FPP
4195937344;Tomazelli Tattoo;2285;Pessoal;Ofertas relâmpago FPP
4199064477;Sem nome;2286;Pessoal;Ofertas relâmpago FPP
4196437004;Sem nome;2287;Pessoal;Ofertas relâmpago FPP
4197069143;Sem nome;2288;Pessoal;Ofertas relâmpago FPP
4199050637;Sem nome;2289;Pessoal;Ofertas relâmpago FPP
4188458913;Sem nome;2290;Pessoal;Ofertas relâmpago FPP
4192907125;Sem nome;2291;Pessoal;Ofertas relâmpago FPP
4288195725;Sem nome;2292;Pessoal;Ofertas relâmpago FPP
4197274905;Sem nome;2293;Pessoal;Ofertas relâmpago FPP
4196249531;Sem nome;2294;Pessoal;Ofertas relâmpago FPP
4196987014;Sem nome;2295;Pessoal;Ofertas relâmpago FPP
4198996359;Sem nome;2296;Pessoal;Ofertas relâmpago FPP
4188117135;Sem nome;2297;Pessoal;Ofertas relâmpago FPP
4197362309;Sem nome;2298;Pessoal;Ofertas relâmpago FPP
4198578150;Sem nome;2299;Pessoal;Ofertas relâmpago FPP
4199581749;Sem nome;2300;Pessoal;Ofertas relâmpago FPP
4196914858;Sem nome;2301;Pessoal;Ofertas relâmpago FPP
4197462126;Sem nome;2302;Pessoal;Ofertas relâmpago FPP
4197642581;Sem nome;2303;Pessoal;Ofertas relâmpago FPP
4196719840;Sem nome;2304;Pessoal;Ofertas relâmpago FPP
4196369146;Sem nome;2305;Pessoal;Ofertas relâmpago FPP
4197899174;Sem nome;2306;Pessoal;Ofertas relâmpago FPP
4196983457;Sem nome;2307;Pessoal;Ofertas relâmpago FPP
4191535331;Sem nome;2308;Pessoal;Ofertas relâmpago FPP
4192650132;Sem nome;2309;Pessoal;Ofertas relâmpago FPP
4198874511;Sem nome;2310;Pessoal;Ofertas relâmpago FPP
4198895531;Sem nome;2311;Comercial;Ofertas relâmpago FPP
4195256338;Fernando da Silva;2312;Pessoal;Ofertas relâmpago FPP
4184618162;Sem nome;2313;Pessoal;Ofertas relâmpago FPP
4198354795;Sem nome;2314;Pessoal;Ofertas relâmpago FPP
4184634995;Sem nome;2315;Pessoal;Ofertas relâmpago FPP
4184640513;Sem nome;2316;Pessoal;Ofertas relâmpago FPP
4199940601;Sem nome;2317;Pessoal;Ofertas relâmpago FPP
4199222469;Sem nome;2318;Pessoal;Ofertas relâmpago FPP
4198164616;Sem nome;2319;Pessoal;Ofertas relâmpago FPP
4196823881;Sem nome;2320;Pessoal;Ofertas relâmpago FPP
4199123227;Sem nome;2321;Pessoal;Ofertas relâmpago FPP
4191427545;Sem nome;2322;Comercial;Ofertas relâmpago FPP
4195988650;Sem nome;2323;Pessoal;Ofertas relâmpago FPP
4199631728;Sem nome;2324;Comercial;Ofertas relâmpago FPP
4197223958;Alana Stunff Estética;2325;Comercial;Ofertas relâmpago FPP
4198153902;Eva m chaves;2326;Pessoal;Ofertas relâmpago FPP
4198867444;Sem nome;2327;Pessoal;Ofertas relâmpago FPP
4195543033;Sem nome;2328;Pessoal;Ofertas relâmpago FPP
41920031688;Sem nome;2329;Pessoal;Ofertas relâmpago FPP
4184646968;Sem nome;2330;Pessoal;Ofertas relâmpago FPP
4198792602;Sem nome;2331;Pessoal;Ofertas relâmpago FPP
4191867178;Sem nome;2332;Pessoal;Ofertas relâmpago FPP
4197654727;Sem nome;2333;Pessoal;Ofertas relâmpago FPP
7398523304;Sem nome;2334;Pessoal;Ofertas relâmpago FPP
4191513901;Sem nome;2335;Pessoal;Ofertas relâmpago FPP
4197092505;Sem nome;2336;Pessoal;CHAT do Inst. Gregoriano de Curitiba
4197716736;Carolain Mendes Pereira;2337;Pessoal;CHAT do Inst. Gregoriano de Curitiba
4188123456;Sem nome;2338;Pessoal;CHAT do Inst. Gregoriano de Curitiba
4198862261;Sem nome;2339;Pessoal;CHAT do Inst. Gregoriano de Curitiba
4196301677;Sem nome;2340;Pessoal;CHAT do Inst. Gregoriano de Curitiba
4197488165;Sem nome;2341;Pessoal;CHAT do Inst. Gregoriano de Curitiba
4196943755;Sem nome;2342;Pessoal;CHAT do Inst. Gregoriano de Curitiba
4796646820;Sem nome;2343;Comercial;CHAT do Inst. Gregoriano de Curitiba
4199284128;Edilaine Alberton Lima;2344;Pessoal;CHAT do Inst. Gregoriano de Curitiba
4191740343;Sem nome;2345;Pessoal;CHAT do Inst. Gregoriano de Curitiba
4498173553;Sem nome;2346;Pessoal;CHAT do Inst. Gregoriano de Curitiba
4199442853;Sem nome;2347;Pessoal;CHAT do Inst. Gregoriano de Curitiba
4191615085;Sem nome;2348;Pessoal;CHAT do Inst. Gregoriano de Curitiba
4184105189;Sem nome;2349;Pessoal;CHAT do Inst. Gregoriano de Curitiba
4196452114;Sem nome;2350;Pessoal;CHAT do Inst. Gregoriano de Curitiba
4198673892;Sem nome;2351;Pessoal;CHAT do Inst. Gregoriano de Curitiba
4195359251;Sem nome;2352;Pessoal;CHAT do Inst. Gregoriano de Curitiba
4197500496;Sem nome;2353;Pessoal;CHAT do Inst. Gregoriano de Curitiba
4192581605;Sem nome;2354;Pessoal;CHAT do Inst. Gregoriano de Curitiba
4192245650;Sem nome;2355;Pessoal;CHAT do Inst. Gregoriano de Curitiba
4291438743;Sem nome;2356;Pessoal;CHAT do Inst. Gregoriano de Curitiba
4791141191;Sem nome;2357;Pessoal;CHAT do Inst. Gregoriano de Curitiba
4191595037;Sem nome;2358;Pessoal;CHAT do Inst. Gregoriano de Curitiba
11973772610;Sem nome;2359;Pessoal;CHAT do Inst. Gregoriano de Curitiba
4197398151;Sem nome;2360;Pessoal;CHAT do Inst. Gregoriano de Curitiba
4198541604;Sem nome;2361;Pessoal;CHAT do Inst. Gregoriano de Curitiba
4196676549;Sem nome;2362;Pessoal;CHAT do Inst. Gregoriano de Curitiba
4199706466;Sem nome;2363;Pessoal;CHAT do Inst. Gregoriano de Curitiba
4197352369;Sem nome;2364;Pessoal;CHAT do Inst. Gregoriano de Curitiba
12988071740;Sem nome;2365;Pessoal;CHAT do Inst. Gregoriano de Curitiba
4191475368;Sem nome;2366;Pessoal;CHAT do Inst. Gregoriano de Curitiba
4599657900;Sem nome;2367;Pessoal;CHAT do Inst. Gregoriano de Curitiba
4198043936;Sem nome;2368;Pessoal;CHAT do Inst. Gregoriano de Curitiba
4196448572;Sem nome;2369;Pessoal;CHAT do Inst. Gregoriano de Curitiba
4192478358;Sem nome;2370;Pessoal;CHAT do Inst. Gregoriano de Curitiba
4187167126;Sem nome;2371;Pessoal;CHAT do Inst. Gregoriano de Curitiba
4184375020;Sem nome;2372;Pessoal;CHAT do Inst. Gregoriano de Curitiba
4196770106;Sem nome;2373;Pessoal;CHAT do Inst. Gregoriano de Curitiba
4187658128;Sem nome;2374;Pessoal;CHAT do Inst. Gregoriano de Curitiba
4196722089;Sem nome;2375;Pessoal;CHAT do Inst. Gregoriano de Curitiba
4188938575;Sem nome;2376;Pessoal;CHAT do Inst. Gregoriano de Curitiba
4196310868;Sem nome;2377;Pessoal;CHAT do Inst. Gregoriano de Curitiba
4199170155;Sem nome;2378;Pessoal;CHAT do Inst. Gregoriano de Curitiba
4191064496;Sem nome;2379;Pessoal;CHAT do Inst. Gregoriano de Curitiba
4187171780;Sem nome;2380;Pessoal;CHAT do Inst. Gregoriano de Curitiba
6181556362;Sem nome;2381;Pessoal;CHAT do Inst. Gregoriano de Curitiba
4191888490;Sem nome;2382;Pessoal;CHAT do Inst. Gregoriano de Curitiba
4189027475;Sem nome;2383;Pessoal;CHAT do Inst. Gregoriano de Curitiba
4184975553;Sem nome;2384;Pessoal;CHAT do Inst. Gregoriano de Curitiba
4199851214;Sem nome;2385;Pessoal;CHAT do Inst. Gregoriano de Curitiba
4197355290;Sem nome;2386;Comercial;CHAT do Inst. Gregoriano de Curitiba
4188764439;João Pedro / Web Design;2387;Pessoal;CHAT do Inst. Gregoriano de Curitiba
4199190333;Sem nome;2388;Pessoal;CHAT do Inst. Gregoriano de Curitiba
4198289292;Sem nome;2389;Pessoal;CHAT do Inst. Gregoriano de Curitiba
4185036431;Sem nome;2390;Pessoal;CHAT do Inst. Gregoriano de Curitiba
4197647533;Sem nome;2391;Pessoal;CHAT do Inst. Gregoriano de Curitiba
4199382967;Sem nome;2392;Pessoal;CHAT do Inst. Gregoriano de Curitiba
4197517119;Sem nome;2393;Pessoal;CHAT do Inst. Gregoriano de Curitiba
4199119861;Sem nome;2394;Pessoal;CHAT do Inst. Gregoriano de Curitiba
4191414114;Sem nome;2395;Pessoal;CHAT do Inst. Gregoriano de Curitiba
4191811004;Sem nome;2396;Pessoal;CHAT do Inst. Gregoriano de Curitiba
4198875670;Sem nome;2397;Pessoal;CHAT do Inst. Gregoriano de Curitiba
5198350033;Sem nome;2398;Pessoal;CHAT do Inst. Gregoriano de Curitiba
4199121988;Sem nome;2399;Pessoal;CHAT do Inst. Gregoriano de Curitiba
6196112075;Sem nome;2400;Pessoal;CHAT do Inst. Gregoriano de Curitiba
4195445283;Sem nome;2401;Pessoal;CHAT do Inst. Gregoriano de Curitiba
4192649634;Sem nome;2402;Pessoal;CHAT do Inst. Gregoriano de Curitiba
4197598441;Sem nome;2403;Comercial;CHAT do Inst. Gregoriano de Curitiba
4199505580;Melissa Bergonso O Som da Beleza Estúdio de Voz e Produção Musical;2404;Pessoal;CHAT do Inst. Gregoriano de Curitiba
4191922228;Sem nome;2405;Pessoal;CHAT do Inst. Gregoriano de Curitiba
4199107178;Sem nome;2406;Pessoal;CHAT do Inst. Gregoriano de Curitiba
4197774171;Sem nome;2407;Pessoal;CHAT do Inst. Gregoriano de Curitiba
21981121066;Sem nome;2408;Pessoal;CHAT do Inst. Gregoriano de Curitiba
4185299264;Sem nome;2409;Pessoal;CHAT do Inst. Gregoriano de Curitiba
4799823284;Sem nome;2410;Pessoal;CHAT do Inst. Gregoriano de Curitiba
6191376860;Sem nome;2411;Pessoal;CHAT do Inst. Gregoriano de Curitiba
4195376308;Sem nome;2412;Pessoal;CHAT do Inst. Gregoriano de Curitiba
4699752570;Sem nome;2413;Pessoal;CHAT do Inst. Gregoriano de Curitiba
4185078538;Sem nome;2414;Pessoal;CHAT do Inst. Gregoriano de Curitiba
4195023677;Sem nome;2415;Pessoal;CHAT do Inst. Gregoriano de Curitiba
4191964088;Sem nome;2416;Pessoal;CHAT do Inst. Gregoriano de Curitiba
4188533957;Sem nome;2417;Pessoal;CHAT do Inst. Gregoriano de Curitiba
4797318490;Sem nome;2418;Comercial;CHAT do Inst. Gregoriano de Curitiba
4199016391;Luiz Otávio Naufel;2419;Pessoal;CHAT do Inst. Gregoriano de Curitiba
4197968963;Sem nome;2420;Comercial;CHAT do Inst. Gregoriano de Curitiba
4198588107;Noeli Santos;2421;Pessoal;CHAT do Inst. Gregoriano de Curitiba
4191631997;Sem nome;2422;Pessoal;CHAT do Inst. Gregoriano de Curitiba
4191070874;Sem nome;2423;Pessoal;CHAT do Inst. Gregoriano de Curitiba
4188285977;Sem nome;2424;Pessoal;CHAT do Inst. Gregoriano de Curitiba
4187600880;Sem nome;2425;Pessoal;CHAT do Inst. Gregoriano de Curitiba
4199099949;Sem nome;2426;Pessoal;CHAT do Inst. Gregoriano de Curitiba
4191667351;Sem nome;2427;Pessoal;CHAT do Inst. Gregoriano de Curitiba
4198027774;Sem nome;2428;Pessoal;CHAT do Inst. Gregoriano de Curitiba
4198453050;Sem nome;2429;Pessoal;CHAT do Inst. Gregoriano de Curitiba
4196014269;Sem nome;2430;Comercial;CHAT do Inst. Gregoriano de Curitiba
4196773962;Joao Gabriel Guadagnim Scola;2431;Pessoal;CHAT do Inst. Gregoriano de Curitiba
4196040030;Sem nome;2432;Pessoal;CHAT do Inst. Gregoriano de Curitiba
4199249483;Sem nome;2433;Pessoal;CHAT do Inst. Gregoriano de Curitiba
4188545137;Sem nome;2434;Pessoal;CHAT do Inst. Gregoriano de Curitiba
4799178262;Sem nome;2435;Comercial;CHAT do Inst. Gregoriano de Curitiba
4199946121;Miriam Tarasiuk Naufel;2436;Pessoal;CHAT do Inst. Gregoriano de Curitiba
4192620026;Sem nome;2437;Pessoal;CHAT do Inst. Gregoriano de Curitiba
6181230595;Sem nome;2438;Pessoal;CHAT do Inst. Gregoriano de Curitiba
4199447726;Sem nome;2439;Pessoal;CHAT do Inst. Gregoriano de Curitiba
4197083306;Sem nome;2440;Pessoal;CHAT do Inst. Gregoriano de Curitiba
4199602810;Sem nome;2441;Pessoal;CHAT do Inst. Gregoriano de Curitiba
41920025754;Sem nome;2442;Pessoal;CHAT do Inst. Gregoriano de Curitiba
4195964675;Sem nome;2443;Pessoal;CHAT do Inst. Gregoriano de Curitiba
4196231981;Sem nome;2444;Pessoal;CHAT do Inst. Gregoriano de Curitiba
4199013731;Sem nome;2445;Pessoal;CHAT do Inst. Gregoriano de Curitiba
4199235875;Sem nome;2446;Pessoal;CHAT do Inst. Gregoriano de Curitiba
4198595470;Sem nome;2447;Pessoal;CHAT do Inst. Gregoriano de Curitiba
4799840705;Sem nome;2448;Pessoal;CHAT do Inst. Gregoriano de Curitiba
4192425547;Sem nome;2449;Pessoal;CHAT do Inst. Gregoriano de Curitiba
4196469156;Sem nome;2450;Pessoal;CHAT do Inst. Gregoriano de Curitiba
4198441899;Sem nome;2451;Pessoal;CHAT do Inst. Gregoriano de Curitiba
4196339883;Sem nome;2452;Pessoal;CHAT do Inst. Gregoriano de Curitiba
4199123317;Sem nome;2453;Pessoal;CHAT do Inst. Gregoriano de Curitiba
4195221967;Leandro Monteiro;2454;Pessoal;CHAT do Inst. Gregoriano de Curitiba
41920017829;Sem nome;2455;Pessoal;CHAT do Inst. Gregoriano de Curitiba
4192833923;Sem nome;2456;Pessoal;CHAT do Inst. Gregoriano de Curitiba
4196071910;Sem nome;2457;Pessoal;CHAT do Inst. Gregoriano de Curitiba
4184575141;Sem nome;2458;Pessoal;CHAT do Inst. Gregoriano de Curitiba
4197012244;Sem nome;2459;Pessoal;CHAT do Inst. Gregoriano de Curitiba
4998415277;Sem nome;2460;Pessoal;CHAT do Inst. Gregoriano de Curitiba
4192577707;Sem nome;2461;Pessoal;CHAT do Inst. Gregoriano de Curitiba
4184595150;Sem nome;2462;Pessoal;CHAT do Inst. Gregoriano de Curitiba
4196116415;Sem nome;2463;Pessoal;CHAT do Inst. Gregoriano de Curitiba
4189018902;Sem nome;2464;Pessoal;CHAT do Inst. Gregoriano de Curitiba
4192326077;Sem nome;2465;Pessoal;CHAT do Inst. Gregoriano de Curitiba
4784829767;Sem nome;2466;Pessoal;CHAT do Inst. Gregoriano de Curitiba
4195711261;Sem nome;2467;Pessoal;CHAT do Inst. Gregoriano de Curitiba
4199224658;Sem nome;2468;Pessoal;CHAT do Inst. Gregoriano de Curitiba
4192476779;Sem nome;2469;Pessoal;CHAT do Inst. Gregoriano de Curitiba
4188156160;Sem nome;2470;Pessoal;CHAT do Inst. Gregoriano de Curitiba
4188041985;Sem nome;2471;Pessoal;CHAT do Inst. Gregoriano de Curitiba
4192725608;Sem nome;2472;Pessoal;CHAT do Inst. Gregoriano de Curitiba
4195900614;Sem nome;2473;Pessoal;CHAT do Inst. Gregoriano de Curitiba
4188404383;Sem nome;2474;Pessoal;CHAT do Inst. Gregoriano de Curitiba
4197647554;Sem nome;2475;Pessoal;CHAT do Inst. Gregoriano de Curitiba
4197157768;Sem nome;2476;Pessoal;CHAT do Inst. Gregoriano de Curitiba
4199536621;Sem nome;2477;Pessoal;CHAT do Inst. Gregoriano de Curitiba
4199902367;Sem nome;2478;Pessoal;CHAT do Inst. Gregoriano de Curitiba
4192551545;Sem nome;2479;Comercial;CHAT do Inst. Gregoriano de Curitiba
4199967739;Karina Bastos;2480;Pessoal;CHAT do Inst. Gregoriano de Curitiba
6192158805;Sem nome;2481;Comercial;CHAT do Inst. Gregoriano de Curitiba
4199065556;Rafaela Campos;2482;Comercial;CHAT do Inst. Gregoriano de Curitiba
4298757546;Marli -Apostolado Mãe dos Sacerdotes;2483;Pessoal;CHAT do Inst. Gregoriano de Curitiba
4195157350;Sem nome;2484;Pessoal;CHAT do Inst. Gregoriano de Curitiba
4199005493;Sem nome;2485;Pessoal;CHAT do Inst. Gregoriano de Curitiba
4185388280;Sem nome;2486;Pessoal;CHAT do Inst. Gregoriano de Curitiba
4191181984;Sem nome;2487;Comercial;CHAT do Inst. Gregoriano de Curitiba
4185053939;Marcelo Giehl;2488;Pessoal;CHAT do Inst. Gregoriano de Curitiba
4198896707;Sem nome;2489;Pessoal;CHAT do Inst. Gregoriano de Curitiba
11997174686;Sem nome;2490;Pessoal;CHAT do Inst. Gregoriano de Curitiba
4184270747;Sem nome;2491;Pessoal;CHAT do Inst. Gregoriano de Curitiba
4188286023;Sem nome;2492;Pessoal;CHAT do Inst. Gregoriano de Curitiba
4196827180;Sem nome;2493;Pessoal;CHAT do Inst. Gregoriano de Curitiba
4192781970;Sem nome;2494;Pessoal;CHAT do Inst. Gregoriano de Curitiba
4196045659;Sem nome;2495;Pessoal;CHAT do Inst. Gregoriano de Curitiba
4197304570;Sem nome;2496;Pessoal;CHAT do Inst. Gregoriano de Curitiba
4188463608;Sem nome;2497;Pessoal;CHAT do Inst. Gregoriano de Curitiba
11953422162;Sem nome;2498;Pessoal;CHAT do Inst. Gregoriano de Curitiba
4199502451;Sem nome;2499;Pessoal;CHAT do Inst. Gregoriano de Curitiba
4198515628;Sem nome;2500;Pessoal;CHAT do Inst. Gregoriano de Curitiba
21965555016;Sem nome;2501;Pessoal;CHAT do Inst. Gregoriano de Curitiba
4184471860;Sem nome;2502;Pessoal;CHAT do Inst. Gregoriano de Curitiba
4488012205;Sem nome;2503;Pessoal;CHAT do Inst. Gregoriano de Curitiba
4197795937;Sem nome;2504;Pessoal;CHAT do Inst. Gregoriano de Curitiba
4198917415;Sem nome;2505;Pessoal;CHAT do Inst. Gregoriano de Curitiba
4195842443;Sem nome;2506;Pessoal;CHAT do Inst. Gregoriano de Curitiba
4196975884;Sem nome;2507;Pessoal;CHAT do Inst. Gregoriano de Curitiba
4196646594;Sem nome;2508;Pessoal;CHAT do Inst. Gregoriano de Curitiba
4199077050;Sem nome;2509;Pessoal;CHAT do Inst. Gregoriano de Curitiba
21979574493;Sem nome;2510;Pessoal;CHAT do Inst. Gregoriano de Curitiba
4199468186;Sem nome;2511;Pessoal;CHAT do Inst. Gregoriano de Curitiba
4199436537;Sem nome;2512;Comercial;CHAT do Inst. Gregoriano de Curitiba
4195686145;Aline;2513;Pessoal;CHAT do Inst. Gregoriano de Curitiba
4192349189;Sem nome;2514;Pessoal;CHAT do Inst. Gregoriano de Curitiba
4199624305;Sem nome;2515;Pessoal;CHAT do Inst. Gregoriano de Curitiba
4197165918;Sem nome;2516;Pessoal;CHAT do Inst. Gregoriano de Curitiba
4188338777;Sem nome;2517;Pessoal;CHAT do Inst. Gregoriano de Curitiba
4196955457;Sem nome;2518;Pessoal;CHAT do Inst. Gregoriano de Curitiba
4188091968;Sem nome;2519;Pessoal;CHAT do Inst. Gregoriano de Curitiba
4185233000;Sem nome;2520;Comercial;CHAT do Inst. Gregoriano de Curitiba
4188016813;Léia Cequinel Artes;2521;Pessoal;CHAT do Inst. Gregoriano de Curitiba
4196585363;Sem nome;2522;Pessoal;CHAT do Inst. Gregoriano de Curitiba
4198825928;Sem nome;2523;Pessoal;CHAT do Inst. Gregoriano de Curitiba
4192841598;Sem nome;2524;Comercial;CHAT do Inst. Gregoriano de Curitiba
4187057824;Letícia Kotula Semijoias;2525;Pessoal;CHAT do Inst. Gregoriano de Curitiba
4187075758;Sem nome;2526;Pessoal;CHAT do Inst. Gregoriano de Curitiba
12981724380;Sem nome;2527;Pessoal;CHAT do Inst. Gregoriano de Curitiba
4188242445;Sem nome;2528;Comercial;CHAT do Inst. Gregoriano de Curitiba
4196589588;Josiane Lemos;2529;Pessoal;CHAT do Inst. Gregoriano de Curitiba
4197321939;Sem nome;2530;Pessoal;CHAT do Inst. Gregoriano de Curitiba
4198699379;Sem nome;2531;Pessoal;CHAT do Inst. Gregoriano de Curitiba
4196625577;Sem nome;2532;Pessoal;CHAT do Inst. Gregoriano de Curitiba
4197110750;Sem nome;2533;Pessoal;CHAT do Inst. Gregoriano de Curitiba
4196320445;Sem nome;2534;Pessoal;CHAT do Inst. Gregoriano de Curitiba
4185032206;Sem nome;2535;Pessoal;CHAT do Inst. Gregoriano de Curitiba
4195464681;Sem nome;2536;Pessoal;CHAT do Inst. Gregoriano de Curitiba
4199581449;Sem nome;2537;Pessoal;CHAT do Inst. Gregoriano de Curitiba
4197073329;Sem nome;2538;Pessoal;CHAT do Inst. Gregoriano de Curitiba
4199294177;Sem nome;2539;Pessoal;CHAT do Inst. Gregoriano de Curitiba
4298399910;Sem nome;2540;Pessoal;CHAT do Inst. Gregoriano de Curitiba
6792539922;Sem nome;2541;Pessoal;CHAT do Inst. Gregoriano de Curitiba
4498086112;Sem nome;2542;Comercial;CHAT do Inst. Gregoriano de Curitiba
4196980075;Larissa  Baruzzo;2543;Comercial;CHAT do Inst. Gregoriano de Curitiba
4192825201;Cantinho do Relax;2544;Comercial;CHAT do Inst. Gregoriano de Curitiba
4185039532;Ana Cerqueira;2545;Pessoal;CHAT do Inst. Gregoriano de Curitiba
4199209762;Sem nome;2546;Pessoal;CHAT do Inst. Gregoriano de Curitiba
4198553570;Sem nome;2547;Comercial;CHAT do Inst. Gregoriano de Curitiba
5596485119;Thiago Grandiel Marketing;2548;Pessoal;CHAT do Inst. Gregoriano de Curitiba
4191086746;Sem nome;2549;Pessoal;CHAT do Inst. Gregoriano de Curitiba
4191656698;Sem nome;2550;Pessoal;CHAT do Inst. Gregoriano de Curitiba
4187434059;Sem nome;2551;Pessoal;CHAT do Inst. Gregoriano de Curitiba
4991742692;Sem nome;2552;Pessoal;CHAT do Inst. Gregoriano de Curitiba
4198793780;Sem nome;2553;Pessoal;CHAT do Inst. Gregoriano de Curitiba
4191071545;Sem nome;2554;Pessoal;CHAT do Inst. Gregoriano de Curitiba
4199418899;Sem nome;2555;Pessoal;CHAT do Inst. Gregoriano de Curitiba
4199867872;Sem nome;2556;Pessoal;CHAT do Inst. Gregoriano de Curitiba
4788161966;Sem nome;2557;Comercial;CHAT do Inst. Gregoriano de Curitiba
4187772692;G2026;2558;Pessoal;CHAT do Inst. Gregoriano de Curitiba
4192356062;Sem nome;2559;Pessoal;CHAT do Inst. Gregoriano de Curitiba
4199240960;Sem nome;2560;Pessoal;CHAT do Inst. Gregoriano de Curitiba
4199045149;Sem nome;2561;Pessoal;CHAT do Inst. Gregoriano de Curitiba
4192517125;Sem nome;2562;Pessoal;CHAT do Inst. Gregoriano de Curitiba
4191184732;Sem nome;2563;Pessoal;CHAT do Inst. Gregoriano de Curitiba
4195977145;Sem nome;2564;Pessoal;CHAT do Inst. Gregoriano de Curitiba
4197064143;Sem nome;2565;Pessoal;CHAT do Inst. Gregoriano de Curitiba
4198772356;Sem nome;2566;Pessoal;CHAT do Inst. Gregoriano de Curitiba
4187400881;Sem nome;2567;Pessoal;CHAT do Inst. Gregoriano de Curitiba
3284208787;Sem nome;2568;Pessoal;CHAT do Inst. Gregoriano de Curitiba
4184381250;Sem nome;2569;Pessoal;CHAT do Inst. Gregoriano de Curitiba
4188419290;Sem nome;2570;Pessoal;CHAT do Inst. Gregoriano de Curitiba
4196872304;Sem nome;2571;Pessoal;CHAT do Inst. Gregoriano de Curitiba
4188119510;Sem nome;2572;Comercial;CHAT do Inst. Gregoriano de Curitiba
4199065555;Vinícius De Oliveira;2573;Pessoal;CHAT do Inst. Gregoriano de Curitiba
4195509522;Sem nome;2574;Pessoal;CHAT do Inst. Gregoriano de Curitiba
4184033540;Sem nome;2575;Pessoal;CHAT do Inst. Gregoriano de Curitiba
9199823512;Sem nome;2576;Pessoal;CHAT do Inst. Gregoriano de Curitiba
4199480066;Sem nome;2577;Pessoal;CHAT do Inst. Gregoriano de Curitiba
4191644980;Sem nome;2578;Pessoal;CHAT do Inst. Gregoriano de Curitiba
4188612910;Sem nome;2579;Pessoal;CHAT do Inst. Gregoriano de Curitiba
4197215055;Sem nome;2580;Comercial;CHAT do Inst. Gregoriano de Curitiba
4184784188;Sidnei Machado;2581;Pessoal;CHAT do Inst. Gregoriano de Curitiba
4184006071;Sem nome;2582;Pessoal;CHAT do Inst. Gregoriano de Curitiba
4195077779;Sem nome;2583;Pessoal;CHAT do Inst. Gregoriano de Curitiba
5481178148;Sem nome;2584;Pessoal;CHAT do Inst. Gregoriano de Curitiba
4192834364;Sem nome;2585;Pessoal;CHAT do Inst. Gregoriano de Curitiba
4197762240;Sem nome;2586;Pessoal;CHAT do Inst. Gregoriano de Curitiba
4198234479;Sem nome;2587;Comercial;CHAT do Inst. Gregoriano de Curitiba
4191016578;Matheus Tonioti;2588;Pessoal;CHAT do Inst. Gregoriano de Curitiba
4192869423;Sem nome;2589;Pessoal;CHAT do Inst. Gregoriano de Curitiba
4195674990;Sem nome;2590;Pessoal;CHAT do Inst. Gregoriano de Curitiba
4191870510;Sem nome;2591;Pessoal;CHAT do Inst. Gregoriano de Curitiba
4191091580;Sem nome;2592;Pessoal;CHAT do Inst. Gregoriano de Curitiba
4199203134;Sem nome;2593;Pessoal;CHAT do Inst. Gregoriano de Curitiba
4199295308;Sem nome;2594;Comercial;CHAT do Inst. Gregoriano de Curitiba
4191599998;Jose Nascimento;2595;Pessoal;CHAT do Inst. Gregoriano de Curitiba
4185065056;Sem nome;2596;Pessoal;CHAT do Inst. Gregoriano de Curitiba
4199358928;Sem nome;2597;Pessoal;Turmas de Outono - Abertura de Matrículas
6799060428;Sem nome;2598;Pessoal;Turmas de Outono - Abertura de Matrículas
3399440089;Sem nome;2599;Comercial;Turmas de Outono - Abertura de Matrículas
27998251402;Carmem Duarte;2600;Pessoal;Turmas de Outono - Abertura de Matrículas
3499318931;Sem nome;2601;Comercial;Turmas de Outono - Abertura de Matrículas
15998211407;"Hum! ""Pizza""";2602;Comercial;Turmas de Outono - Abertura de Matrículas
9887029333;Luciana Barros;2603;Pessoal;Turmas de Outono - Abertura de Matrículas
5181700328;Sem nome;2604;Pessoal;Turmas de Outono - Abertura de Matrículas
3498348862;Sem nome;2605;Pessoal;Turmas de Outono - Abertura de Matrículas
22998749558;Sem nome;2606;Pessoal;Turmas de Outono - Abertura de Matrículas
6286208121;Sem nome;2607;Pessoal;Turmas de Outono - Abertura de Matrículas
11941471603;Sem nome;2608;Pessoal;Turmas de Outono - Abertura de Matrículas
4384412591;Sem nome;2609;Pessoal;Turmas de Outono - Abertura de Matrículas
5597219074;Sem nome;2610;Pessoal;Turmas de Outono - Abertura de Matrículas
27998296082;Sem nome;2611;Comercial;Turmas de Outono - Abertura de Matrículas
7388570731;Belíssima;2612;Comercial;Turmas de Outono - Abertura de Matrículas
4788545686;Nara Casacio;2613;Pessoal;Turmas de Outono - Abertura de Matrículas
4198511421;Sem nome;2614;Pessoal;Turmas de Outono - Abertura de Matrículas
27996886523;Sem nome;2615;Pessoal;Turmas de Outono - Abertura de Matrículas
6791988227;Sem nome;2616;Pessoal;Turmas de Outono - Abertura de Matrículas
27998271011;Sem nome;2617;Pessoal;Turmas de Outono - Abertura de Matrículas
27999536073;Sem nome;2618;Pessoal;Turmas de Outono - Abertura de Matrículas
21979700917;Sem nome;2619;Pessoal;Turmas de Outono - Abertura de Matrículas
21994244235;Sem nome;2620;Pessoal;Turmas de Outono - Abertura de Matrículas
3288445889;Sem nome;2621;Comercial;Turmas de Outono - Abertura de Matrículas
22999615991;Rachel Marins;2622;Comercial;Turmas de Outono - Abertura de Matrículas
7183020887;eletrônica Odilon e Climatização;2623;Pessoal;Turmas de Outono - Abertura de Matrículas
3899441224;Sem nome;2624;Pessoal;Turmas de Outono - Abertura de Matrículas
3192135114;Sem nome;2625;Comercial;Turmas de Outono - Abertura de Matrículas
6181676985;Auriane Clímaco;2626;Pessoal;Turmas de Outono - Abertura de Matrículas
8188630226;Sem nome;2627;Comercial;Turmas de Outono - Abertura de Matrículas
7598020876;M Nascimento;2628;Pessoal;Turmas de Outono - Abertura de Matrículas
3299283588;Sem nome;2629;Pessoal;Turmas de Outono - Abertura de Matrículas
6181537408;Sem nome;2630;Pessoal;Turmas de Outono - Abertura de Matrículas
21971492516;Sem nome;2631;Pessoal;Turmas de Outono - Abertura de Matrículas
6984367669;Sem nome;2632;Pessoal;Turmas de Outono - Abertura de Matrículas
6596271002;Sem nome;2633;Pessoal;Turmas de Outono - Abertura de Matrículas
4498873976;Sem nome;2634;Pessoal;Turmas de Outono - Abertura de Matrículas
21984427886;Sem nome;2635;Pessoal;Turmas de Outono - Abertura de Matrículas
11974729155;Sem nome;2636;Pessoal;Turmas de Outono - Abertura de Matrículas
4784985298;Sem nome;2637;Comercial;Turmas de Outono - Abertura de Matrículas
18996662343;At Imports;2638;Pessoal;Turmas de Outono - Abertura de Matrículas
6981251076;Sem nome;2639;Comercial;Turmas de Outono - Abertura de Matrículas
27998544663;Fernanda Cypriano;2640;Comercial;Turmas de Outono - Abertura de Matrículas
7187546923;Norma;2641;Pessoal;Turmas de Outono - Abertura de Matrículas
5191541222;Sem nome;2642;Pessoal;Turmas de Outono - Abertura de Matrículas
12981179404;Sem nome;2643;Pessoal;Turmas de Outono - Abertura de Matrículas
3488081173;Sem nome;2644;Pessoal;Turmas de Outono - Abertura de Matrículas
7791316691;Sem nome;2645;Pessoal;Turmas de Outono - Abertura de Matrículas
8694133297;Sem nome;2646;Pessoal;Turmas de Outono - Abertura de Matrículas
6281194782;Sem nome;2647;Pessoal;Turmas de Outono - Abertura de Matrículas
19981817515;Sem nome;2648;Pessoal;Turmas de Outono - Abertura de Matrículas
3384097963;Sem nome;2649;Pessoal;Turmas de Outono - Abertura de Matrículas
3388739679;Sem nome;2650;Pessoal;Turmas de Outono - Abertura de Matrículas
27999942926;Sem nome;2651;Pessoal;Turmas de Outono - Abertura de Matrículas
6294886263;Sem nome;2652;Pessoal;Turmas de Outono - Abertura de Matrículas
13974163701;Sem nome;2653;Comercial;Turmas de Outono - Abertura de Matrículas
6192910900;Rê Dyboa;2654;Pessoal;Turmas de Outono - Abertura de Matrículas
19997897964;Sem nome;2655;Comercial;Turmas de Outono - Abertura de Matrículas
8699250519;Carol Cruz;2656;Comercial;Turmas de Outono - Abertura de Matrículas
19982762113;Juliana Ribeiro;2657;Pessoal;Turmas de Outono - Abertura de Matrículas
3194106863;Sem nome;2658;Pessoal;Turmas de Outono - Abertura de Matrículas
7191681377;Sem nome;2659;Pessoal;Turmas de Outono - Abertura de Matrículas
11988690682;Sem nome;2660;Pessoal;Turmas de Outono - Abertura de Matrículas
27998028400;Sem nome;2661;Pessoal;Turmas de Outono - Abertura de Matrículas
5196508064;Sem nome;2662;Pessoal;Turmas de Outono - Abertura de Matrículas
11991379198;Sem nome;2663;Pessoal;Turmas de Outono - Abertura de Matrículas
4899641168;Sem nome;2664;Pessoal;Turmas de Outono - Abertura de Matrículas
11991812436;Sem nome;2665;Pessoal;Turmas de Outono - Abertura de Matrículas
9491970658;Sem nome;2666;Pessoal;Turmas de Outono - Abertura de Matrículas
6792811000;Sem nome;2667;Pessoal;Turmas de Outono - Abertura de Matrículas
27996159535;Sem nome;2668;Pessoal;Turmas de Outono - Abertura de Matrículas
9581031963;Sem nome;2669;Pessoal;Turmas de Outono - Abertura de Matrículas
6199057340;Sem nome;2670;Pessoal;Turmas de Outono - Abertura de Matrículas
6191090866;Sem nome;2671;Pessoal;Turmas de Outono - Abertura de Matrículas
4191675779;Sem nome;2672;Pessoal;Turmas de Outono - Abertura de Matrículas
27999958261;Sem nome;2673;Pessoal;Turmas de Outono - Abertura de Matrículas
19981114100;Sem nome;2674;Pessoal;Turmas de Outono - Abertura de Matrículas
21991232355;Sem nome;2675;Pessoal;Turmas de Outono - Abertura de Matrículas
6282642537;Sem nome;2676;Comercial;Turmas de Outono - Abertura de Matrículas
8894495325;Josiane Aguiar;2677;Pessoal;Turmas de Outono - Abertura de Matrículas
4899953298;Sem nome;2678;Pessoal;Turmas de Outono - Abertura de Matrículas
8499785951;Sem nome;2679;Pessoal;Turmas de Outono - Abertura de Matrículas
3284098903;Sem nome;2680;Pessoal;Turmas de Outono - Abertura de Matrículas
9591467363;Sem nome;2681;Pessoal;Turmas de Outono - Abertura de Matrículas
7382370963;Sem nome;2682;Pessoal;Turmas de Outono - Abertura de Matrículas
6196778495;Sem nome;2683;Pessoal;Turmas de Outono - Abertura de Matrículas
21996885659;Sem nome;2684;Pessoal;Turmas de Outono - Abertura de Matrículas
11954856328;Sem nome;2685;Pessoal;Turmas de Outono - Abertura de Matrículas
8186629792;Sem nome;2686;Pessoal;Turmas de Outono - Abertura de Matrículas
6581226502;Sem nome;2687;Pessoal;Turmas de Outono - Abertura de Matrículas
11975643812;Sem nome;2688;Pessoal;Turmas de Outono - Abertura de Matrículas
3898970439;Sem nome;2689;Pessoal;Turmas de Outono - Abertura de Matrículas
6183555079;Sem nome;2690;Pessoal;Turmas de Outono - Abertura de Matrículas
6181007589;Sem nome;2691;Comercial;Turmas de Outono - Abertura de Matrículas
21996915459;Sem nome;2692;Pessoal;Turmas de Outono - Abertura de Matrículas
21991074682;Sem nome;2693;Pessoal;Turmas de Outono - Abertura de Matrículas
9192813258;Sem nome;2694;Pessoal;Turmas de Outono - Abertura de Matrículas
9181856634;Sem nome;2695;Pessoal;Turmas de Outono - Abertura de Matrículas
11953444747;Sem nome;2696;Pessoal;Turmas de Outono - Abertura de Matrículas
19981219282;Sem nome;2697;Pessoal;Turmas de Outono - Abertura de Matrículas
6198769055;Sem nome;2698;Pessoal;Turmas de Outono - Abertura de Matrículas
6192430166;Sem nome;2699;Pessoal;Turmas de Outono - Abertura de Matrículas
5199431976;Sem nome;2700;Pessoal;Turmas de Outono - Abertura de Matrículas
11939531292;Sem nome;2701;Pessoal;Turmas de Outono - Abertura de Matrículas
9181181118;Sem nome;2702;Pessoal;Turmas de Outono - Abertura de Matrículas
14988055101;Sem nome;2703;Pessoal;Turmas de Outono - Abertura de Matrículas
5599322883;Sem nome;2704;Comercial;Turmas de Outono - Abertura de Matrículas
8781595327;Ótica Naná;2705;Pessoal;Turmas de Outono - Abertura de Matrículas
3899091848;Sem nome;2706;Pessoal;Turmas de Outono - Abertura de Matrículas
19996972547;Sem nome;2707;Pessoal;Turmas de Outono - Abertura de Matrículas
6792130450;Sem nome;2708;Comercial;Turmas de Outono - Abertura de Matrículas
21972717838;Psicóloga Letícia Gonçalves;2709;Pessoal;Turmas de Outono - Abertura de Matrículas
21998250299;Sem nome;2710;Pessoal;Turmas de Outono - Abertura de Matrículas
3884075927;Sem nome;2711;Pessoal;Turmas de Outono - Abertura de Matrículas
6285002886;Sem nome;2712;Pessoal;Turmas de Outono - Abertura de Matrículas
21997806283;Sem nome;2713;Pessoal;Turmas de Outono - Abertura de Matrículas
3197800621;Sem nome;2714;Pessoal;Turmas de Outono - Abertura de Matrículas
8599185269;Sem nome;2715;Pessoal;Turmas de Outono - Abertura de Matrículas
6681293139;Sem nome;2716;Pessoal;Turmas de Outono - Abertura de Matrículas
11982434530;Sem nome;2717;Pessoal;Turmas de Outono - Abertura de Matrículas
9198063308;Sem nome;2718;Pessoal;Turmas de Outono - Abertura de Matrículas
11981408562;Sem nome;2719;Pessoal;Turmas de Outono - Abertura de Matrículas
8589088135;Sem nome;2720;Pessoal;Turmas de Outono - Abertura de Matrículas
6384647636;Sem nome;2721;Comercial;Turmas de Outono - Abertura de Matrículas
4491616990;Ingrid Ribas;2722;Pessoal;Turmas de Outono - Abertura de Matrículas
8589541227;Sem nome;2723;Pessoal;Turmas de Outono - Abertura de Matrículas
27988179075;Sem nome;2724;Pessoal;Turmas de Outono - Abertura de Matrículas
11982788427;Sem nome;2725;Pessoal;Turmas de Outono - Abertura de Matrículas
19991748482;Sem nome;2726;Pessoal;Turmas de Outono - Abertura de Matrículas
27999702251;Sem nome;2727;Pessoal;Turmas de Outono - Abertura de Matrículas
14998166261;Sem nome;2728;Pessoal;Turmas de Outono - Abertura de Matrículas
6784037048;Sem nome;2729;Pessoal;Turmas de Outono - Abertura de Matrículas
16991426237;Sem nome;2730;Pessoal;Turmas de Outono - Abertura de Matrículas
4891427642;Sem nome;2731;Comercial;Turmas de Outono - Abertura de Matrículas
11983877768;Lojinha Da Nathi;2732;Pessoal;Turmas de Outono - Abertura de Matrículas
4491099958;Sem nome;2733;Comercial;Turmas de Outono - Abertura de Matrículas
11917366476;Nutricionista Simara Gobbo;2734;Pessoal;Turmas de Outono - Abertura de Matrículas
5591345364;Sem nome;2735;Pessoal;Turmas de Outono - Abertura de Matrículas
16992563519;Sem nome;2736;Pessoal;Turmas de Outono - Abertura de Matrículas
6296336140;Sem nome;2737;Pessoal;Turmas de Outono - Abertura de Matrículas
8191925186;Sem nome;2738;Pessoal;Turmas de Outono - Abertura de Matrículas
6581628261;Sem nome;2739;Pessoal;Turmas de Outono - Abertura de Matrículas
19991867544;Sem nome;2740;Pessoal;Turmas de Outono - Abertura de Matrículas
3185732718;Sem nome;2741;Pessoal;Turmas de Outono - Abertura de Matrículas
11991561872;Sem nome;2742;Pessoal;Turmas de Outono - Abertura de Matrículas
13996907777;Sem nome;2743;Pessoal;Turmas de Outono - Abertura de Matrículas
8688697615;Sem nome;2744;Pessoal;Turmas de Outono - Abertura de Matrículas
4198917415;Sem nome;2745;Pessoal;Turmas de Outono - Abertura de Matrículas
6185369609;Sem nome;2746;Pessoal;Turmas de Outono - Abertura de Matrículas
11991348939;Sem nome;2747;Pessoal;Turmas de Outono - Abertura de Matrículas
27996014095;Sem nome;2748;Pessoal;Turmas de Outono - Abertura de Matrículas
7598794633;Sem nome;2749;Pessoal;Turmas de Outono - Abertura de Matrículas
11958069429;Sem nome;2750;Pessoal;Turmas de Outono - Abertura de Matrículas
11984005119;Sem nome;2751;Pessoal;Turmas de Outono - Abertura de Matrículas
6182561059;Sem nome;2752;Pessoal;Turmas de Outono - Abertura de Matrículas
21998586735;Sem nome;2753;Pessoal;Turmas de Outono - Abertura de Matrículas
21982517002;Sem nome;2754;Pessoal;Turmas de Outono - Abertura de Matrículas
11997152943;Sem nome;2755;Pessoal;Turmas de Outono - Abertura de Matrículas
7491119443;Sem nome;2756;Pessoal;Turmas de Outono - Abertura de Matrículas
7191611395;Sem nome;2757;Pessoal;Turmas de Outono - Abertura de Matrículas
5499338999;Sem nome;2758;Pessoal;Turmas de Outono - Abertura de Matrículas
24992252968;Sem nome;2759;Pessoal;Turmas de Outono - Abertura de Matrículas
4497769297;Sem nome;2760;Pessoal;Turmas de Outono - Abertura de Matrículas
8291029552;Sem nome;2761;Pessoal;Turmas de Outono - Abertura de Matrículas
21987614410;Sem nome;2762;Pessoal;Turmas de Outono - Abertura de Matrículas
4184050879;Sem nome;2763;Pessoal;Turmas de Outono - Abertura de Matrículas
4196185628;Sem nome;2764;Pessoal;Turmas de Outono - Abertura de Matrículas
22997194584;Sem nome;2765;Pessoal;Turmas de Outono - Abertura de Matrículas
19998087510;Sem nome;2766;Pessoal;Turmas de Outono - Abertura de Matrículas
9191791988;Sem nome;2767;Pessoal;Turmas de Outono - Abertura de Matrículas
5195518831;Sem nome;2768;Comercial;Turmas de Outono - Abertura de Matrículas
21972796374;Sem nome;2769;Pessoal;Turmas de Outono - Abertura de Matrículas
6199177318;Sem nome;2770;Pessoal;Turmas de Outono - Abertura de Matrículas
9691650994;Sem nome;2771;Pessoal;Turmas de Outono - Abertura de Matrículas
17997875093;Sem nome;2772;Pessoal;Turmas de Outono - Abertura de Matrículas
6191424191;Sem nome;2773;Pessoal;Turmas de Outono - Abertura de Matrículas
5196011523;Sem nome;2774;Comercial;Turmas de Outono - Abertura de Matrículas
5599210505;Luciano Ferreira;2775;Comercial;Turmas de Outono - Abertura de Matrículas
4196377300;Marcos Viana;2776;Comercial;Turmas de Outono - Abertura de Matrículas
19989250269;Elisangela;2777;Pessoal;Turmas de Outono - Abertura de Matrículas
6193230076;Sem nome;2778;Pessoal;Turmas de Outono - Abertura de Matrículas
12974036296;Sem nome;2779;Pessoal;Turmas de Outono - Abertura de Matrículas
7399718719;Sem nome;2780;Pessoal;Turmas de Outono - Abertura de Matrículas
4792402403;Sem nome;2781;Pessoal;Turmas de Outono - Abertura de Matrículas
6191019157;Sem nome;2782;Pessoal;Turmas de Outono - Abertura de Matrículas
3193701412;Sem nome;2783;Pessoal;Turmas de Outono - Abertura de Matrículas
8588112897;Sem nome;2784;Pessoal;Turmas de Outono - Abertura de Matrículas
3388323719;Sem nome;2785;Pessoal;Turmas de Outono - Abertura de Matrículas
4399887180;Sem nome;2786;Pessoal;Turmas de Outono - Abertura de Matrículas
21982719770;Sem nome;2787;Pessoal;Turmas de Outono - Abertura de Matrículas
7187241191;Sem nome;2788;Pessoal;Turmas de Outono - Abertura de Matrículas
8698655946;Sem nome;2789;Pessoal;Turmas de Outono - Abertura de Matrículas
21981850221;Sem nome;2790;Pessoal;Turmas de Outono - Abertura de Matrículas
8592021566;Sem nome;2791;Pessoal;Turmas de Outono - Abertura de Matrículas
11996449415;Sem nome;2792;Pessoal;Turmas de Outono - Abertura de Matrículas
27997441347;Sem nome;2793;Pessoal;Turmas de Outono - Abertura de Matrículas
11984152447;Sem nome;2794;Pessoal;Turmas de Outono - Abertura de Matrículas
11986323148;Sem nome;2795;Pessoal;Turmas de Outono - Abertura de Matrículas
21979103792;Sem nome;2796;Comercial;Turmas de Outono - Abertura de Matrículas
6984312554;Michelli;2797;Pessoal;Turmas de Outono - Abertura de Matrículas
9294768489;Sem nome;2798;Comercial;Turmas de Outono - Abertura de Matrículas
6195575938;Leslie Alves;2799;Pessoal;Turmas de Outono - Abertura de Matrículas
3799443446;Sem nome;2800;Pessoal;Turmas de Outono - Abertura de Matrículas
4187944609;Sem nome;2801;Pessoal;Turmas de Outono - Abertura de Matrículas
6492612719;Sem nome;2802;Pessoal;Turmas de Outono - Abertura de Matrículas
6296114810;Sem nome;2803;Pessoal;Turmas de Outono - Abertura de Matrículas
8588127974;Sem nome;2804;Pessoal;Turmas de Outono - Abertura de Matrículas
11970248586;Sem nome;2805;Pessoal;Turmas de Outono - Abertura de Matrículas
21979680717;Sem nome;2806;Pessoal;Turmas de Outono - Abertura de Matrículas
8499120101;Sem nome;2807;Pessoal;Turmas de Outono - Abertura de Matrículas
4599387958;Sem nome;2808;Pessoal;Turmas de Outono - Abertura de Matrículas
6183746264;Sem nome;2809;Pessoal;Turmas de Outono - Abertura de Matrículas
3186810172;Sem nome;2810;Pessoal;Turmas de Outono - Abertura de Matrículas
8197176408;Sem nome;2811;Pessoal;Turmas de Outono - Abertura de Matrículas
11975312836;Sem nome;2812;Pessoal;Turmas de Outono - Abertura de Matrículas
8196547692;Sem nome;2813;Pessoal;Turmas de Outono - Abertura de Matrículas
8198344710;Sem nome;2814;Comercial;Turmas de Outono - Abertura de Matrículas
14991552525;Amanda Andrade | AM Assessoria em Licitações;2815;Pessoal;Turmas de Outono - Abertura de Matrículas
8596130913;Sem nome;2816;Pessoal;Turmas de Outono - Abertura de Matrículas
21976329511;Sem nome;2817;Pessoal;Turmas de Outono - Abertura de Matrículas
6285662819;Sem nome;2818;Pessoal;Turmas de Outono - Abertura de Matrículas
6193644936;Sem nome;2819;Pessoal;Turmas de Outono - Abertura de Matrículas
4195646916;Sem nome;2820;Pessoal;Vagas Pasquali 2
11999647535;Sem nome;2821;Comercial;Vagas Pasquali 2
11916682887;Simone Santos - Pasquali Solution;2822;Pessoal;Vagas Pasquali 2
8499341362;Sem nome;2823;Pessoal;Vagas Pasquali 2
21998430114;Sem nome;2824;Pessoal;Vagas Pasquali 2
11978320361;Sem nome;2825;Pessoal;Vagas Pasquali 2
7191745920;Sem nome;2826;Comercial;Vagas Pasquali 2
7191405183;Alros Telecom;2827;Comercial;Vagas Pasquali 2
6384475897;John Dalto;2828;Pessoal;Vagas Pasquali 2
3398421814;Sem nome;2829;Pessoal;Vagas Pasquali 2
3198808767;Sem nome;2830;Pessoal;Vagas Pasquali 2
11982081499;Sem nome;2831;Pessoal;Vagas Pasquali 2
11932745287;Sem nome;2832;Pessoal;Vagas Pasquali 2
5399420498;Sem nome;2833;Pessoal;Vagas Pasquali 2
3384255946;Sem nome;2834;Pessoal;Vagas Pasquali 2
5182374131;Sem nome;2835;Pessoal;Vagas Pasquali 2
21980469787;Sem nome;2836;Pessoal;Vagas Pasquali 2
8391121819;Sem nome;2837;Pessoal;Vagas Pasquali 2
7488046709;Sem nome;2838;Pessoal;Vagas Pasquali 2
8193013881;Sem nome;2839;Pessoal;Vagas Pasquali 2
6384196140;Sem nome;2840;Pessoal;Vagas Pasquali 2
11949236985;Sem nome;2841;Comercial;Vagas Pasquali 2
11974011492;Fabio Xavier - Cursor Mirai;2842;Pessoal;Vagas Pasquali 2
11975882760;Sem nome;2843;Pessoal;Vagas Pasquali 2
6793372642;Sem nome;2844;Pessoal;Vagas Pasquali 2
21993828640;Sem nome;2845;Pessoal;Vagas Pasquali 2
6191674724;Sem nome;2846;Pessoal;Vagas Pasquali 2
16981863339;Sem nome;2847;Comercial;Vagas Pasquali 2
17992174593;Taylon Kalel;2848;Pessoal;Vagas Pasquali 2
5195373268;Sem nome;2849;Pessoal;Vagas Pasquali 2
5391623404;Sem nome;2850;Pessoal;Vagas Pasquali 2
11993243465;Sem nome;2851;Pessoal;Vagas Pasquali 2
11948407961;Sem nome;2852;Pessoal;Vagas Pasquali 2
11985194635;Sem nome;2853;Comercial;Vagas Pasquali 2
6193132059;Kevin Araujo;2854;Pessoal;Vagas Pasquali 2
11982030696;Sem nome;2855;Comercial;Vagas Pasquali 2
21979787465;Alfaia;2856;Pessoal;Vagas Pasquali 2
4699826037;Sem nome;2857;Pessoal;Vagas Pasquali 2
11977517676;Sem nome;2858;Pessoal;Vagas Pasquali 2
7193374063;Sem nome;2859;Pessoal;Vagas Pasquali 2
8584190189;Sem nome;2860;Pessoal;Vagas Pasquali 2
11989537469;Sem nome;2861;Pessoal;Vagas Pasquali 2
16991588225;Sem nome;2862;Pessoal;Vagas Pasquali 2
21983205758;Sem nome;2863;Comercial;Vagas Pasquali 2
6384269413;Ádria Aline;2864;Comercial;Vagas Pasquali 2
11984808967;Maria Brito;2865;Pessoal;Vagas Pasquali 2
6399859574;Sem nome;2866;Comercial;Vagas Pasquali 2
11986887658;Felipe Silva;2867;Pessoal;Vagas Pasquali 2
16991106181;Sem nome;2868;Pessoal;Vagas Pasquali 2
12991512729;Sem nome;2869;Pessoal;Vagas Pasquali 2
11986636245;Sem nome;2870;Pessoal;Vagas Pasquali 2
6199188805;Sem nome;2871;Pessoal;Vagas Pasquali 2
11966877660;Sem nome;2872;Comercial;Vagas Pasquali 2
3599582821;Elvis;2873;Pessoal;Vagas Pasquali 2
9183135100;Sem nome;2874;Pessoal;Vagas Pasquali 2
11997312863;Sem nome;2875;Pessoal;Vagas Pasquali 2
7191438592;Sem nome;2876;Pessoal;Vagas Pasquali 2
15998625618;Sem nome;2877;Comercial;Vagas Pasquali 2
21972787155;Tudo posso naquele que me Fortalece;2878;Comercial;Vagas Pasquali 2
7186834219;Alessandro;2879;Pessoal;Vagas Pasquali 2
7191735207;Sem nome;2880;Pessoal;Vagas Pasquali 2
6699893822;Sem nome;2881;Comercial;Vagas Pasquali 2
7998725724;Andrius Prado;2882;Pessoal;Vagas Pasquali 2
11947650582;Sem nome;2883;Pessoal;Vagas Pasquali 2
6384137528;Sem nome;2884;Pessoal;Vagas Pasquali 2
19992419458;Sem nome;2885;Pessoal;Vagas Pasquali 2
21984783180;Sem nome;2886;Pessoal;Vagas Pasquali 2
11981828832;Sem nome;2887;Pessoal;Vagas Pasquali 2
7188130624;Sem nome;2888;Pessoal;Vagas Pasquali 2
11975130855;Sem nome;2889;Pessoal;Vagas Pasquali 2
11975257371;Sem nome;2890;Pessoal;Vagas Pasquali 2
11968375071;Sem nome;2891;Pessoal;Vagas Pasquali 2
6384708358;Sem nome;2892;Pessoal;Vagas Pasquali 2
8393423547;Sem nome;2893;Pessoal;Vagas Pasquali 2
17991782216;Sem nome;2894;Pessoal;Vagas Pasquali 2
7191324359;Sem nome;2895;Pessoal;Vagas Pasquali 2
7996027329;Sem nome;2896;Pessoal;Vagas Pasquali 2
16997517569;Sem nome;2897;Pessoal;Vagas Pasquali 2
6384457642;Sem nome;2898;Pessoal;Vagas Pasquali 2
17988288353;Sem nome;2899;Pessoal;Vagas Pasquali 2
11952214430;Sem nome;2900;Pessoal;Vagas Pasquali 2
9984345494;Sem nome;2901;Pessoal;Vagas Pasquali 2
3191743192;Sem nome;2902;Pessoal;Vagas Pasquali 2
11982529084;Sem nome;2903;Pessoal;Vagas Pasquali 2
11972047794;Sem nome;2904;Pessoal;Vagas Pasquali 2
21991644262;Sem nome;2905;Pessoal;Vagas Pasquali 2
11979896488;Sem nome;2906;Pessoal;Vagas Pasquali 2
6384195311;Sem nome;2907;Pessoal;Vagas Pasquali 2
11987319331;Sem nome;2908;Pessoal;Vagas Pasquali 2
5184327399;Sem nome;2909;Pessoal;Vagas Pasquali 2
3194600586;Sem nome;2910;Pessoal;Vagas Pasquali 2
11978181699;Sem nome;2911;Pessoal;Vagas Pasquali 2
21964122705;Sem nome;2912;Pessoal;Vagas Pasquali 2
21972111083;Sem nome;2913;Pessoal;Vagas Pasquali 2
21994123993;Sem nome;2914;Pessoal;Vagas Pasquali 2
11992015031;Sem nome;2915;Pessoal;Vagas Pasquali 2
21981849401;Sem nome;2916;Pessoal;Vagas Pasquali 2
4896707434;Sem nome;2917;Pessoal;Vagas Pasquali 2
7183402419;Sem nome;2918;Pessoal;Vagas Pasquali 2
16997715902;Sem nome;2919;Pessoal;Vagas Pasquali 2
17988010609;Sem nome;2920;Pessoal;Vagas Pasquali 2
4199873917;Sem nome;2921;Pessoal;Vagas Pasquali 2
11953676739;Sem nome;2922;Pessoal;Vagas Pasquali 2
17981231923;Sem nome;2923;Pessoal;Vagas Pasquali 2
11989381525;Sem nome;2924;Pessoal;Vagas Pasquali 2
11958006829;Sem nome;2925;Pessoal;#6 Comprinhas básicas - Grupo VIP
21988347369;Sem nome;2926;Pessoal;#6 Comprinhas básicas - Grupo VIP
21991750007;Sem nome;2927;Comercial;#6 Comprinhas básicas - Grupo VIP
12997378284;Camila Rossatti;2928;Pessoal;#6 Comprinhas básicas - Grupo VIP
4998060224;Sem nome;2929;Pessoal;#6 Comprinhas básicas - Grupo VIP
24999016787;Sem nome;2930;Comercial;#6 Comprinhas básicas - Grupo VIP
11940868668;Kátia Soares;2931;Pessoal;#6 Comprinhas básicas - Grupo VIP
4288046927;Sem nome;2932;Pessoal;#6 Comprinhas básicas - Grupo VIP
11999144201;Sem nome;2933;Pessoal;#6 Comprinhas básicas - Grupo VIP
5199205252;Sem nome;2934;Pessoal;#6 Comprinhas básicas - Grupo VIP
4591174990;Sem nome;2935;Pessoal;#6 Comprinhas básicas - Grupo VIP
19992787289;Sem nome;2936;Pessoal;#6 Comprinhas básicas - Grupo VIP
15991431005;Sem nome;2937;Comercial;#6 Comprinhas básicas - Grupo VIP
15998325376;lais oliveira;2938;Pessoal;#6 Comprinhas básicas - Grupo VIP
11984590031;Sem nome;2939;Pessoal;#6 Comprinhas básicas - Grupo VIP
5182759750;Sem nome;2940;Pessoal;#6 Comprinhas básicas - Grupo VIP
3197509242;Sem nome;2941;Pessoal;#6 Comprinhas básicas - Grupo VIP
17991094540;Sem nome;2942;Comercial;#6 Comprinhas básicas - Grupo VIP
11912768618;Sem nome;2943;Comercial;#6 Comprinhas básicas - Grupo VIP
3598419944;Elô Bueno Atelier;2944;Pessoal;#6 Comprinhas básicas - Grupo VIP
3194936464;Sem nome;2945;Pessoal;#6 Comprinhas básicas - Grupo VIP
11996686617;Sem nome;2946;Pessoal;#6 Comprinhas básicas - Grupo VIP
17997880626;Sem nome;2947;Pessoal;#6 Comprinhas básicas - Grupo VIP
11992320615;Sem nome;2948;Pessoal;#6 Comprinhas básicas - Grupo VIP
11953100589;Sem nome;2949;Pessoal;#6 Comprinhas básicas - Grupo VIP
5182049556;Sem nome;2950;Pessoal;#6 Comprinhas básicas - Grupo VIP
6899067574;Sem nome;2951;Pessoal;#6 Comprinhas básicas - Grupo VIP
21999852801;Sem nome;2952;Pessoal;#6 Comprinhas básicas - Grupo VIP
11981558705;Sem nome;2953;Pessoal;#6 Comprinhas básicas - Grupo VIP
16997257078;Sem nome;2954;Pessoal;#6 Comprinhas básicas - Grupo VIP
21995512179;Sem nome;2955;Pessoal;#6 Comprinhas básicas - Grupo VIP
21996848868;Sem nome;2956;Pessoal;#6 Comprinhas básicas - Grupo VIP
8186606297;Sem nome;2957;Pessoal;#6 Comprinhas básicas - Grupo VIP
6292316447;Sem nome;2958;Comercial;#6 Comprinhas básicas - Grupo VIP
5199851091;Jessìca Vieira;2959;Pessoal;#6 Comprinhas básicas - Grupo VIP
4898573666;Sem nome;2960;Pessoal;#6 Comprinhas básicas - Grupo VIP
11980276410;Sem nome;2961;Pessoal;#6 Comprinhas básicas - Grupo VIP
27997681062;Sem nome;2962;Pessoal;#6 Comprinhas básicas - Grupo VIP
11971051195;Sem nome;2963;Comercial;#6 Comprinhas básicas - Grupo VIP
19988099006;Ana Paula Trombaco Arante;2964;Pessoal;#6 Comprinhas básicas - Grupo VIP
4184049944;Sem nome;2965;Comercial;#6 Comprinhas básicas - Grupo VIP
3193046242;Ana Flávia Barbosa do Ramo;2966;Pessoal;#6 Comprinhas básicas - Grupo VIP
6492520280;Sem nome;2967;Comercial;#6 Comprinhas básicas - Grupo VIP
3799615461;Cristiane Faria;2968;Comercial;#6 Comprinhas básicas - Grupo VIP
3196675546;Marina Sales Fisioterapeuta;2969;Pessoal;#6 Comprinhas básicas - Grupo VIP
3192234103;Sem nome;2970;Pessoal;#6 Comprinhas básicas - Grupo VIP
4199588522;Sem nome;2971;Pessoal;#6 Comprinhas básicas - Grupo VIP
11999045216;Sem nome;2972;Pessoal;#6 Comprinhas básicas - Grupo VIP
3192783844;Sem nome;2973;Pessoal;#6 Comprinhas básicas - Grupo VIP
11983908785;Sem nome;2974;Pessoal;#6 Comprinhas básicas - Grupo VIP
7186602817;Sem nome;2975;Pessoal;#6 Comprinhas básicas - Grupo VIP
4784199698;Sem nome;2976;Pessoal;#6 Comprinhas básicas - Grupo VIP
5496657670;Sem nome;2977;Comercial;#6 Comprinhas básicas - Grupo VIP
4792216835;Daianny Bertholdo;2978;Comercial;#6 Comprinhas básicas - Grupo VIP
11964232514;Tamiris;2979;Pessoal;#6 Comprinhas básicas - Grupo VIP
8296780002;Sem nome;2980;Pessoal;#6 Comprinhas básicas - Grupo VIP
8892088699;Sem nome;2981;Pessoal;#6 Comprinhas básicas - Grupo VIP
22998362638;Sem nome;2982;Comercial;#6 Comprinhas básicas - Grupo VIP
11950302112;Juliana;2983;Pessoal;#6 Comprinhas básicas - Grupo VIP
6499064128;Sem nome;2984;Comercial;#6 Comprinhas básicas - Grupo VIP
6281053274;Denize - Enchanté;2985;Pessoal;#6 Comprinhas básicas - Grupo VIP
21987273175;Sem nome;2986;Pessoal;#6 Comprinhas básicas - Grupo VIP
8588213573;Sem nome;2987;Pessoal;#6 Comprinhas básicas - Grupo VIP
14996523961;Sem nome;2988;Comercial;#6 Comprinhas básicas - Grupo VIP
11970833791;Sem nome;2989;Pessoal;#6 Comprinhas básicas - Grupo VIP
18997221882;Sem nome;2990;Pessoal;#6 Comprinhas básicas - Grupo VIP
4599480102;Sem nome;2991;Pessoal;#6 Comprinhas básicas - Grupo VIP
6185538354;Sem nome;2992;Pessoal;#6 Comprinhas básicas - Grupo VIP
6481159283;Sem nome;2993;Pessoal;#6 Comprinhas básicas - Grupo VIP
6993085775;Sem nome;2994;Pessoal;#6 Comprinhas básicas - Grupo VIP
19997287979;Sem nome;2995;Pessoal;#6 Comprinhas básicas - Grupo VIP
6593531992;Sem nome;2996;Pessoal;#6 Comprinhas básicas - Grupo VIP
11998095868;Sem nome;2997;Pessoal;#6 Comprinhas básicas - Grupo VIP
21987828102;Sem nome;2998;Pessoal;#6 Comprinhas básicas - Grupo VIP
3588339113;Sem nome;2999;Pessoal;#6 Comprinhas básicas - Grupo VIP
3188773030;Sem nome;3000;Pessoal;#6 Comprinhas básicas - Grupo VIP
4791333031;Sem nome;3001;Pessoal;#6 Comprinhas básicas - Grupo VIP
11982423713;Sem nome;3002;Pessoal;#6 Comprinhas básicas - Grupo VIP
11983834884;Sem nome;3003;Comercial;#6 Comprinhas básicas - Grupo VIP
13997451825;Pri Simoes;3004;Comercial;#6 Comprinhas básicas - Grupo VIP
4198196874;Sem nome;3005;Pessoal;#6 Comprinhas básicas - Grupo VIP
6186149804;Sem nome;3006;Pessoal;#6 Comprinhas básicas - Grupo VIP
11992738222;Sem nome;3007;Pessoal;#6 Comprinhas básicas - Grupo VIP
27998044604;Sem nome;3008;Pessoal;#6 Comprinhas básicas - Grupo VIP
3591413252;Sem nome;3009;Pessoal;#6 Comprinhas básicas - Grupo VIP
11962746265;Sem nome;3010;Pessoal;#6 Comprinhas básicas - Grupo VIP
22997832921;Sem nome;3011;Pessoal;#6 Comprinhas básicas - Grupo VIP
4497162507;Sem nome;3012;Pessoal;#6 Comprinhas básicas - Grupo VIP
24992207666;Sem nome;3013;Pessoal;#6 Comprinhas básicas - Grupo VIP
4788087724;Sem nome;3014;Comercial;#6 Comprinhas básicas - Grupo VIP
19987029318;Cris Costa Boleria;3015;Pessoal;#6 Comprinhas básicas - Grupo VIP
11996411106;Sem nome;3016;Pessoal;#6 Comprinhas básicas - Grupo VIP
11999621606;Sem nome;3017;Pessoal;#6 Comprinhas básicas - Grupo VIP
6697177458;Sem nome;3018;Pessoal;#6 Comprinhas básicas - Grupo VIP
5499862156;Sem nome;3019;Comercial;#6 Comprinhas básicas - Grupo VIP
19997501794;Taysa Cardoso - Terapeuta;3020;Pessoal;#6 Comprinhas básicas - Grupo VIP
21975329698;Sem nome;3021;Pessoal;#6 Comprinhas básicas - Grupo VIP
11997742878;Sem nome;3022;Pessoal;#6 Comprinhas básicas - Grupo VIP
6781030158;Sem nome;3023;Pessoal;#6 Comprinhas básicas - Grupo VIP
6192487531;Sem nome;3024;Pessoal;#6 Comprinhas básicas - Grupo VIP
8399857227;Sem nome;3025;Pessoal;#6 Comprinhas básicas - Grupo VIP
3184005709;Sem nome;3026;Pessoal;#6 Comprinhas básicas - Grupo VIP
11991318172;Sem nome;3027;Pessoal;#6 Comprinhas básicas - Grupo VIP
6292652846;Sem nome;3028;Pessoal;#6 Comprinhas básicas - Grupo VIP
11983356625;Sem nome;3029;Pessoal;#6 Comprinhas básicas - Grupo VIP
21970583071;Sem nome;3030;Pessoal;#6 Comprinhas básicas - Grupo VIP
18997537663;Sem nome;3031;Comercial;#6 Comprinhas básicas - Grupo VIP
3291459794;Gabriela Vieira;3032;Comercial;#6 Comprinhas básicas - Grupo VIP
2424018819;Roberta Carvalho;3033;Pessoal;#6 Comprinhas básicas - Grupo VIP
8192479031;Sem nome;3034;Pessoal;#6 Comprinhas básicas - Grupo VIP
11971348970;Sem nome;3035;Pessoal;#6 Comprinhas básicas - Grupo VIP
5499959199;Sem nome;3036;Pessoal;#6 Comprinhas básicas - Grupo VIP
11985540140;Sem nome;3037;Pessoal;#6 Comprinhas básicas - Grupo VIP
13981131585;Sem nome;3038;Pessoal;#6 Comprinhas básicas - Grupo VIP
11963280302;Sem nome;3039;Pessoal;#6 Comprinhas básicas - Grupo VIP
11992088000;Sem nome;3040;Pessoal;#6 Comprinhas básicas - Grupo VIP
9891922120;Sem nome;3041;Comercial;#6 Comprinhas básicas - Grupo VIP
16992896257;Darilian Presentes e Cosméticos;3042;Comercial;#6 Comprinhas básicas - Grupo VIP
4196455180;Mayara Gabriela;3043;Pessoal;#6 Comprinhas básicas - Grupo VIP
11987505583;Sem nome;3044;Pessoal;#6 Comprinhas básicas - Grupo VIP
4499517000;Sem nome;3045;Pessoal;#6 Comprinhas básicas - Grupo VIP
19996712008;Sem nome;3046;Pessoal;#6 Comprinhas básicas - Grupo VIP
4792233142;Sem nome;3047;Pessoal;#6 Comprinhas básicas - Grupo VIP
13981579185;Sem nome;3048;Comercial;#6 Comprinhas básicas - Grupo VIP
6285226323;Fá da Criabee;3049;Pessoal;#6 Comprinhas básicas - Grupo VIP
7193009073;Sem nome;3050;Pessoal;#6 Comprinhas básicas - Grupo VIP
21991674381;Sem nome;3051;Comercial;#6 Comprinhas básicas - Grupo VIP
11987181411;Valéria Valente;3052;Pessoal;#6 Comprinhas básicas - Grupo VIP
11986554333;Sem nome;3053;Pessoal;#6 Comprinhas básicas - Grupo VIP
11910711001;Sem nome;3054;Pessoal;#6 Comprinhas básicas - Grupo VIP
11964036286;Sem nome;3055;Comercial;#6 Comprinhas básicas - Grupo VIP
6392084810;Mariana Oliveira;3056;Comercial;#6 Comprinhas básicas - Grupo VIP
3191613621;Espaço Maba;3057;Pessoal;#6 Comprinhas básicas - Grupo VIP
11996423971;Sem nome;3058;Pessoal;#6 Comprinhas básicas - Grupo VIP
47933835006;Sem nome;3059;Pessoal;#6 Comprinhas básicas - Grupo VIP
8892651483;Sem nome;3060;Comercial;#6 Comprinhas básicas - Grupo VIP
6798267197;Bruna Pereira;3061;Pessoal;#6 Comprinhas básicas - Grupo VIP
6181210551;Sem nome;3062;Comercial;#6 Comprinhas básicas - Grupo VIP
21999341144;Patricia Bioconfeitaria;3063;Pessoal;#6 Comprinhas básicas - Grupo VIP
22998883759;Sem nome;3064;Pessoal;#6 Comprinhas básicas - Grupo VIP
11970860186;Sem nome;3065;Comercial;#6 Comprinhas básicas - Grupo VIP
19982909654;Arieli Melo;3066;Pessoal;#6 Comprinhas básicas - Grupo VIP
9189497741;Sem nome;3067;Pessoal;#6 Comprinhas básicas - Grupo VIP
21999816558;Sem nome;3068;Pessoal;#6 Comprinhas básicas - Grupo VIP
11959895894;Sem nome;3069;Pessoal;#6 Comprinhas básicas - Grupo VIP
13981726223;Sem nome;3070;Pessoal;#6 Comprinhas básicas - Grupo VIP
6181717820;Sem nome;3071;Comercial;#6 Comprinhas básicas - Grupo VIP
2420209564;?Desconhecido;3072;Pessoal;#6 Comprinhas básicas - Grupo VIP
16991869674;Sem nome;3073;Pessoal;#6 Comprinhas básicas - Grupo VIP
7588285681;Sem nome;3074;Comercial;#6 Comprinhas básicas - Grupo VIP
4796599426;Jaqueline;3075;Pessoal;#6 Comprinhas básicas - Grupo VIP
24999979563;Sem nome;3076;Pessoal;#6 Comprinhas básicas - Grupo VIP
3299315648;Sem nome;3077;Comercial;#6 Comprinhas básicas - Grupo VIP
16991996928;Thais Carmona - A Criadora;3078;Comercial;#6 Comprinhas básicas - Grupo VIP
7592131563;Sousa;3079;Pessoal;#6 Comprinhas básicas - Grupo VIP
21986609420;Sem nome;3080;Pessoal;#6 Comprinhas básicas - Grupo VIP
28999782085;Sem nome;3081;Comercial;#6 Comprinhas básicas - Grupo VIP
12991349707;Prof Fernanda;3082;Comercial;#6 Comprinhas básicas - Grupo VIP
21982451051;Luli Festas;3083;Pessoal;#6 Comprinhas básicas - Grupo VIP
11996296427;Sem nome;3084;Pessoal;#6 Comprinhas básicas - Grupo VIP
11999938933;Sem nome;3085;Pessoal;#6 Comprinhas básicas - Grupo VIP
8792020909;Sem nome;3086;Pessoal;#6 Comprinhas básicas - Grupo VIP
8781240066;Sem nome;3087;Pessoal;#6 Comprinhas básicas - Grupo VIP
6199447432;Sem nome;3088;Pessoal;#6 Comprinhas básicas - Grupo VIP
15996534305;Sem nome;3089;Comercial;#6 Comprinhas básicas - Grupo VIP
21983048779;Marcelle Ricardo;3090;Pessoal;#6 Comprinhas básicas - Grupo VIP
11993094115;Sem nome;3091;Comercial;#6 Comprinhas básicas - Grupo VIP
12978502788;Nini Cakes;3092;Comercial;#6 Comprinhas básicas - Grupo VIP
19989505234;Analúcia Sá Eventos;3093;Pessoal;#6 Comprinhas básicas - Grupo VIP
21981677403;Sem nome;3094;Pessoal;#6 Comprinhas básicas - Grupo VIP
11998832599;Sem nome;3095;Pessoal;#6 Comprinhas básicas - Grupo VIP
21983253073;Sem nome;3096;Comercial;#6 Comprinhas básicas - Grupo VIP
5197263650;Mariana l Assessora Andressa Rosa;3097;Pessoal;#6 Comprinhas básicas - Grupo VIP
11957988759;Sem nome;3098;Pessoal;#6 Comprinhas básicas - Grupo VIP
7192782841;Sem nome;3099;Comercial;#6 Comprinhas básicas - Grupo VIP
21969735658;Bernardo;3100;Pessoal;#6 Comprinhas básicas - Grupo VIP
21983998909;Sem nome;3101;Comercial;#6 Comprinhas básicas - Grupo VIP
4791160843;Caroline Lemke;3102;Pessoal;#6 Comprinhas básicas - Grupo VIP
11991563375;Sem nome;3103;Pessoal;#6 Comprinhas básicas - Grupo VIP
11988690682;Sem nome;3104;Pessoal;#6 Comprinhas básicas - Grupo VIP
4896555712;Sem nome;3105;Pessoal;#6 Comprinhas básicas - Grupo VIP
4599948833;Sem nome;3106;Pessoal;#6 Comprinhas básicas - Grupo VIP
6892298902;Sem nome;3107;Comercial;#6 Comprinhas básicas - Grupo VIP
12996729646;Sem nome;3108;Pessoal;#6 Comprinhas básicas - Grupo VIP
17991671574;Sem nome;3109;Comercial;#6 Comprinhas básicas - Grupo VIP
7391200498;Bitar bolos e doces;3110;Pessoal;#6 Comprinhas básicas - Grupo VIP
11988209097;Sem nome;3111;Pessoal;#6 Comprinhas básicas - Grupo VIP
15991178327;Sem nome;3112;Comercial;#6 Comprinhas básicas - Grupo VIP
6599621342;Samara;3113;Pessoal;#6 Comprinhas básicas - Grupo VIP
6192960503;Sem nome;3114;Pessoal;#6 Comprinhas básicas - Grupo VIP
21975113927;Sem nome;3115;Pessoal;#6 Comprinhas básicas - Grupo VIP
3191463296;Sem nome;3116;Pessoal;#6 Comprinhas básicas - Grupo VIP
4188050669;Sem nome;3117;Pessoal;#6 Comprinhas básicas - Grupo VIP
21981778604;Sem nome;3118;Comercial;#6 Comprinhas básicas - Grupo VIP
13996852287;Thaynná Dalto Personal Chef;3119;Pessoal;#6 Comprinhas básicas - Grupo VIP
24988464059;Sem nome;3120;Pessoal;#6 Comprinhas básicas - Grupo VIP
21985415472;Sem nome;3121;Comercial;#6 Comprinhas básicas - Grupo VIP
8487217385;Dalianne - Pitadas de Amor;3122;Pessoal;#6 Comprinhas básicas - Grupo VIP
5599134774;Sem nome;3123;Pessoal;#6 Comprinhas básicas - Grupo VIP
8193449191;Sem nome;3124;Pessoal;#6 Comprinhas básicas - Grupo VIP
11973616312;Sem nome;3125;Pessoal;#6 Comprinhas básicas - Grupo VIP
5499660158;Sem nome;3126;Pessoal;#6 Comprinhas básicas - Grupo VIP
11972874986;Sem nome;3127;Pessoal;#6 Comprinhas básicas - Grupo VIP
22999082368;Sem nome;3128;Pessoal;#6 Comprinhas básicas - Grupo VIP
11993511948;Sem nome;3129;Comercial;#6 Comprinhas básicas - Grupo VIP
6699038880;Hannah Dourado;3130;Comercial;#6 Comprinhas básicas - Grupo VIP
6281006920;Isabella Rodrigues;3131;Pessoal;#6 Comprinhas básicas - Grupo VIP
12991751948;Sem nome;3132;Pessoal;#6 Comprinhas básicas - Grupo VIP
18981101713;Sem nome;3133;Comercial;#6 Comprinhas básicas - Grupo VIP
5597346512;Patrícia;3134;Pessoal;#6 Comprinhas básicas - Grupo VIP
6798549745;Sem nome;3135;Pessoal;#6 Comprinhas básicas - Grupo VIP
3185163681;Sem nome;3136;Pessoal;#6 Comprinhas básicas - Grupo VIP
16991740144;Sem nome;3137;Pessoal;#6 Comprinhas básicas - Grupo VIP
8182862411;Sem nome;3138;Comercial;#6 Comprinhas básicas - Grupo VIP
17991217101;Pamella Gonçalves;3139;Pessoal;#6 Comprinhas básicas - Grupo VIP
11948418981;Sem nome;3140;Pessoal;#6 Comprinhas básicas - Grupo VIP
6199072621;Sem nome;3141;Pessoal;#6 Comprinhas básicas - Grupo VIP
4891944482;Sem nome;3142;Pessoal;#6 Comprinhas básicas - Grupo VIP
27996978800;Sem nome;3143;Comercial;#6 Comprinhas básicas - Grupo VIP
19981538859;Letícia Bougo;3144;Pessoal;#6 Comprinhas básicas - Grupo VIP
15996308204;Sem nome;3145;Pessoal;#6 Comprinhas básicas - Grupo VIP
11975618986;Sem nome;3146;Pessoal;#6 Comprinhas básicas - Grupo VIP
11994751184;Sem nome;3147;Pessoal;#6 Comprinhas básicas - Grupo VIP
11969804878;Sem nome;3148;Pessoal;#6 Comprinhas básicas - Grupo VIP
21999746088;Sem nome;3149;Comercial;#6 Comprinhas básicas - Grupo VIP
3499025913;Sem nome;3150;Comercial;#6 Comprinhas básicas - Grupo VIP
5481274720;Priscila de Barros;3151;Comercial;#6 Comprinhas básicas - Grupo VIP
4499609868;Fernanda Almeida;3152;Pessoal;#6 Comprinhas básicas - Grupo VIP
3892415930;Sem nome;3153;Pessoal;#6 Comprinhas básicas - Grupo VIP
17991324924;Sem nome;3154;Comercial;#6 Comprinhas básicas - Grupo VIP
4598628109;Sem nome;3155;Comercial;#6 Comprinhas básicas - Grupo VIP
7781644357;Priscila Sousa;3156;Comercial;#6 Comprinhas básicas - Grupo VIP
11973177598;Tatiana;3157;Comercial;#6 Comprinhas básicas - Grupo VIP
3599830130;Edilaine Cortez /Central de atendimento;3158;Pessoal;#6 Comprinhas básicas - Grupo VIP
17992122679;Sem nome;3159;Pessoal;#6 Comprinhas básicas - Grupo VIP
11996387603;Sem nome;3160;Comercial;#6 Comprinhas básicas - Grupo VIP
14997747943;Bruna Ferruccio;3161;Pessoal;#6 Comprinhas básicas - Grupo VIP
11992031158;Sem nome;3162;Pessoal;#6 Comprinhas básicas - Grupo VIP
3189600753;Sem nome;3163;Pessoal;#6 Comprinhas básicas - Grupo VIP
8699610037;Sem nome;3164;Pessoal;#6 Comprinhas básicas - Grupo VIP
14991173661;Sem nome;3165;Pessoal;#6 Comprinhas básicas - Grupo VIP
6182296674;Sem nome;3166;Pessoal;#6 Comprinhas básicas - Grupo VIP
12996589113;Sem nome;3167;Comercial;#6 Comprinhas básicas - Grupo VIP
22997768789;Porto clinic estética;3168;Pessoal;#6 Comprinhas básicas - Grupo VIP
22997395269;Sem nome;3169;Pessoal;#6 Comprinhas básicas - Grupo VIP
3199467265;Sem nome;3170;Pessoal;#6 Comprinhas básicas - Grupo VIP
7391673355;Sem nome;3171;Comercial;#6 Comprinhas básicas - Grupo VIP
11949383579;Tam e Le;3172;Pessoal;#6 Comprinhas básicas - Grupo VIP
5192759914;Sem nome;3173;Pessoal;#6 Comprinhas básicas - Grupo VIP
12997005655;Sem nome;3174;Pessoal;#6 Comprinhas básicas - Grupo VIP
8199540700;Sem nome;3175;Pessoal;#6 Comprinhas básicas - Grupo VIP
21997396242;Sem nome;3176;Pessoal;#6 Comprinhas básicas - Grupo VIP
8699508510;Sem nome;3177;Pessoal;#6 Comprinhas básicas - Grupo VIP
6283300077;Sem nome;3178;Comercial;#6 Comprinhas básicas - Grupo VIP
11916628591;Alice;3179;Comercial;#6 Comprinhas básicas - Grupo VIP
18981212080;Aline Ovando;3180;Pessoal;#6 Comprinhas básicas - Grupo VIP
8196235243;Sem nome;3181;Pessoal;#6 Comprinhas básicas - Grupo VIP
11999230638;Sem nome;3182;Pessoal;#6 Comprinhas básicas - Grupo VIP
27999353207;Sem nome;3183;Pessoal;#6 Comprinhas básicas - Grupo VIP
5499436141;Sem nome;3184;Pessoal;#6 Comprinhas básicas - Grupo VIP
11986032656;Sem nome;3185;Pessoal;#6 Comprinhas básicas - Grupo VIP
3491899571;Sem nome;3186;Comercial;#6 Comprinhas básicas - Grupo VIP
3799157933;Enia Firmino Gomes;3187;Pessoal;#6 Comprinhas básicas - Grupo VIP
7188333796;Sem nome;3188;Pessoal;#6 Comprinhas básicas - Grupo VIP
6282293796;Sem nome;3189;Comercial;#6 Comprinhas básicas - Grupo VIP
7192140282;"Fabiana Costa
@fabicosta.consultora";3190;Pessoal;#6 Comprinhas básicas - Grupo VIP
11982659374;Sem nome;3191;Comercial;#6 Comprinhas básicas - Grupo VIP
12988890171;Fernanda Moriya;3192;Pessoal;#6 Comprinhas básicas - Grupo VIP
15996537864;Sem nome;3193;Pessoal;#6 Comprinhas básicas - Grupo VIP
11971805600;Sem nome;3194;Pessoal;#6 Comprinhas básicas - Grupo VIP
21964220948;Sem nome;3195;Pessoal;#6 Comprinhas básicas - Grupo VIP
7388629508;Sem nome;3196;Pessoal;#6 Comprinhas básicas - Grupo VIP
21964045828;Sem nome;3197;Comercial;#6 Comprinhas básicas - Grupo VIP
11997057770;Fabiana Rebello Psicanalista e Mentora de Mulheres;3198;Pessoal;#6 Comprinhas básicas - Grupo VIP
11947097273;Sem nome;3199;Pessoal;#6 Comprinhas básicas - Grupo VIP
11982060088;Sem nome;3200;Pessoal;#6 Comprinhas básicas - Grupo VIP
4199591050;Sem nome;3201;Pessoal;#6 Comprinhas básicas - Grupo VIP
8183631876;Sem nome;3202;Comercial;#6 Comprinhas básicas - Grupo VIP
24992005650;Camila Raibolt;3203;Pessoal;#6 Comprinhas básicas - Grupo VIP
4499100168;Sem nome;3204;Pessoal;#6 Comprinhas básicas - Grupo VIP
11974785096;Sem nome;3205;Pessoal;#6 Comprinhas básicas - Grupo VIP
8197045135;Sem nome;3206;Pessoal;#6 Comprinhas básicas - Grupo VIP
8896237698;Sem nome;3207;Pessoal;#6 Comprinhas básicas - Grupo VIP
11940154365;Sem nome;3208;Comercial;#6 Comprinhas básicas - Grupo VIP
17997417139;Gabriela;3209;Comercial;#6 Comprinhas básicas - Grupo VIP
18997557597;Advogada Luiza Rodrigues;3210;Comercial;#6 Comprinhas básicas - Grupo VIP
4797764977;Franciele Nunes;3211;Pessoal;#6 Comprinhas básicas - Grupo VIP
22997866684;Sem nome;3212;Pessoal;#6 Comprinhas básicas - Grupo VIP
18998018502;Sem nome;3213;Pessoal;#6 Comprinhas básicas - Grupo VIP
6792631945;Sem nome;3214;Pessoal;#6 Comprinhas básicas - Grupo VIP
11997252620;Sem nome;3215;Pessoal;#6 Comprinhas básicas - Grupo VIP
11982814027;Sem nome;3216;Pessoal;#6 Comprinhas básicas - Grupo VIP
7192045771;Sem nome;3217;Comercial;#6 Comprinhas básicas - Grupo VIP
11915744422;Adm Dr Claudio Gattás (Jéssica);3218;Pessoal;#6 Comprinhas básicas - Grupo VIP
3398358016;Sem nome;3219;Pessoal;#6 Comprinhas básicas - Grupo VIP
3491592322;Sem nome;3220;Pessoal;#6 Comprinhas básicas - Grupo VIP
11982281366;Sem nome;3221;Pessoal;#6 Comprinhas básicas - Grupo VIP
8198381002;Sem nome;3222;Comercial;#6 Comprinhas básicas - Grupo VIP
16999844542;Jessica Mendes;3223;Pessoal;#6 Comprinhas básicas - Grupo VIP
11981327515;Sem nome;3224;Pessoal;#6 Comprinhas básicas - Grupo VIP
21994257287;Sem nome;3225;Pessoal;#6 Comprinhas básicas - Grupo VIP
11968551985;Sem nome;3226;Pessoal;#6 Comprinhas básicas - Grupo VIP
11952954095;Sem nome;3227;Pessoal;#6 Comprinhas básicas - Grupo VIP
21986655070;Sem nome;3228;Comercial;#6 Comprinhas básicas - Grupo VIP
16982222644;Sabrina;3229;Pessoal;#6 Comprinhas básicas - Grupo VIP
4197905189;Sem nome;3230;Pessoal;#6 Comprinhas básicas - Grupo VIP
6181831023;Sem nome;3231;Pessoal;#6 Comprinhas básicas - Grupo VIP
21975031217;Sem nome;3232;Pessoal;#6 Comprinhas básicas - Grupo VIP
21991935361;Sem nome;3233;Pessoal;#6 Comprinhas básicas - Grupo VIP
3491535014;Sem nome;3234;Pessoal;#6 Comprinhas básicas - Grupo VIP
3199410333;Sem nome;3235;Pessoal;#6 Comprinhas básicas - Grupo VIP
7791749948;Sem nome;3236;Comercial;#6 Comprinhas básicas - Grupo VIP
6592511831;Lucivania Farias;3237;Pessoal;#6 Comprinhas básicas - Grupo VIP
11910316082;Sem nome;3238;Pessoal;#6 Comprinhas básicas - Grupo VIP
11941006200;Sem nome;3239;Comercial;#6 Comprinhas básicas - Grupo VIP
7196295931;Suiane Coelho Nutri;3240;Pessoal;#6 Comprinhas básicas - Grupo VIP
11982337290;Sem nome;3241;Pessoal;#6 Comprinhas básicas - Grupo VIP
11956481827;Sem nome;3242;Comercial;#6 Comprinhas básicas - Grupo VIP
5131997724;Kathrine;3243;Pessoal;#6 Comprinhas básicas - Grupo VIP
13988574784;Sem nome;3244;Comercial;#6 Comprinhas básicas - Grupo VIP
17988169027;Amanda;3245;Pessoal;#6 Comprinhas básicas - Grupo VIP
21976998632;Sem nome;3246;Comercial;#6 Comprinhas básicas - Grupo VIP
11998588666;De Mel de Melão;3247;Pessoal;#6 Comprinhas básicas - Grupo VIP
22998638619;Sem nome;3248;Pessoal;#6 Comprinhas básicas - Grupo VIP
11976192810;Sem nome;3249;Pessoal;#6 Comprinhas básicas - Grupo VIP
4299961221;Sem nome;3250;Pessoal;#6 Comprinhas básicas - Grupo VIP
11984256726;Sem nome;3251;Pessoal;#6 Comprinhas básicas - Grupo VIP
4491533226;Sem nome;3252;Pessoal;#6 Comprinhas básicas - Grupo VIP
7791731283;Sem nome;3253;Comercial;#6 Comprinhas básicas - Grupo VIP
3591029037;Psicóloga Gabriela Moniz;3254;Comercial;#6 Comprinhas básicas - Grupo VIP
12982737150;Carol Reis;3255;Pessoal;#6 Comprinhas básicas - Grupo VIP
4399645083;Sem nome;3256;Pessoal;#6 Comprinhas básicas - Grupo VIP
11982047374;Sem nome;3257;Comercial;#6 Comprinhas básicas - Grupo VIP
22988451501;Thais Leal;3258;Pessoal;#6 Comprinhas básicas - Grupo VIP
27997093663;Sem nome;3259;Comercial;#6 Comprinhas básicas - Grupo VIP
5491721877;Chaiana Vianna;3260;Pessoal;#6 Comprinhas básicas - Grupo VIP
17992015996;Sem nome;3261;Pessoal;#6 Comprinhas básicas - Grupo VIP
19999777622;Sem nome;3262;Comercial;#6 Comprinhas básicas - Grupo VIP
5199297772;Vick Renner;3263;Pessoal;#6 Comprinhas básicas - Grupo VIP
12997374453;Sem nome;3264;Pessoal;#6 Comprinhas básicas - Grupo VIP
11982349623;Sem nome;3265;Pessoal;#6 Comprinhas básicas - Grupo VIP
11985883065;Sem nome;3266;Pessoal;#6 Comprinhas básicas - Grupo VIP
3491103062;Sem nome;3267;Pessoal;#6 Comprinhas básicas - Grupo VIP
11999806674;Sem nome;3268;Pessoal;#6 Comprinhas básicas - Grupo VIP
3398246948;Sem nome;3269;Pessoal;#6 Comprinhas básicas - Grupo VIP
11981468693;Sem nome;3270;Pessoal;#6 Comprinhas básicas - Grupo VIP
9885001251;Sem nome;3271;Pessoal;#6 Comprinhas básicas - Grupo VIP
11982210193;Sem nome;3272;Comercial;#6 Comprinhas básicas - Grupo VIP
19997248150;M. V Negocios Digitais;3273;Pessoal;#6 Comprinhas básicas - Grupo VIP
21984646557;Sem nome;3274;Pessoal;#6 Comprinhas básicas - Grupo VIP
7781247094;Sem nome;3275;Pessoal;#6 Comprinhas básicas - Grupo VIP
4399644448;Sem nome;3276;Comercial;#6 Comprinhas básicas - Grupo VIP
9881121464;Caroline Almeida;3277;Pessoal;#6 Comprinhas básicas - Grupo VIP
17992046735;Sem nome;3278;Pessoal;#6 Comprinhas básicas - Grupo VIP
21997396145;Sem nome;3279;Comercial;#6 Comprinhas básicas - Grupo VIP
3183809680;Raquel Amorim - Artes Gráficas Cândida Amorim;3280;Pessoal;#6 Comprinhas básicas - Grupo VIP
11986916609;Sem nome;3281;Comercial;#6 Comprinhas básicas - Grupo VIP
18996941854;Paula Falconi;3282;Pessoal;#6 Comprinhas básicas - Grupo VIP
17981640427;Sem nome;3283;Pessoal;#6 Comprinhas básicas - Grupo VIP
11999572527;Sem nome;3284;Pessoal;#6 Comprinhas básicas - Grupo VIP
11948145315;Sem nome;3285;Comercial;#6 Comprinhas básicas - Grupo VIP
14996444149;Karina Barros;3286;Pessoal;#6 Comprinhas básicas - Grupo VIP
21971342342;Sem nome;3287;Pessoal;#6 Comprinhas básicas - Grupo VIP
4991494572;Sem nome;3288;Pessoal;#6 Comprinhas básicas - Grupo VIP
18997368200;Sem nome;3289;Pessoal;#6 Comprinhas básicas - Grupo VIP
5496420608;Sem nome;3290;Pessoal;#6 Comprinhas básicas - Grupo VIP
3175088382;Sem nome;3291;Pessoal;#6 Comprinhas básicas - Grupo VIP
7591216365;Sem nome;3292;Comercial;#6 Comprinhas básicas - Grupo VIP
11958549508;Gabriella Amarante - Psicóloga Infantojuvenil;3293;Pessoal;#6 Comprinhas básicas - Grupo VIP
5185391418;Sem nome;3294;Pessoal;#6 Comprinhas básicas - Grupo VIP
3186170171;Sem nome;3295;Pessoal;#6 Comprinhas básicas - Grupo VIP
11996956231;Sem nome;3296;Pessoal;#6 Comprinhas básicas - Grupo VIP
6199855163;Sem nome;3297;Pessoal;#6 Comprinhas básicas - Grupo VIP
11976904152;Sem nome;3298;Pessoal;#6 Comprinhas básicas - Grupo VIP
14996811632;Sem nome;3299;Pessoal;#6 Comprinhas básicas - Grupo VIP
19983752844;Sem nome;3300;Pessoal;#6 Comprinhas básicas - Grupo VIP
11964588736;Sem nome;3301;Pessoal;#6 Comprinhas básicas - Grupo VIP
11995848592;Sem nome;3302;Pessoal;#6 Comprinhas básicas - Grupo VIP
3187176940;Sem nome;3303;Pessoal;#6 Comprinhas básicas - Grupo VIP
11961343331;Sem nome;3304;Comercial;#6 Comprinhas básicas - Grupo VIP
4788552984;Alê Albertino Organizer;3305;Pessoal;#6 Comprinhas básicas - Grupo VIP
5196780101;Sem nome;3306;Comercial;#6 Comprinhas básicas - Grupo VIP
11962618822;Claudia Eterna | Estratégias;3307;Comercial;#6 Comprinhas básicas - Grupo VIP
11999506623;Kalime Matos;3308;Pessoal;#6 Comprinhas básicas - Grupo VIP
11960440125;Sem nome;3309;Pessoal;#6 Comprinhas básicas - Grupo VIP
6185690353;Sem nome;3310;Pessoal;#6 Comprinhas básicas - Grupo VIP
11974154492;Sem nome;3311;Pessoal;#6 Comprinhas básicas - Grupo VIP
11941347363;Sem nome;3312;Pessoal;#6 Comprinhas básicas - Grupo VIP
24988010325;Sem nome;3313;Comercial;#6 Comprinhas básicas - Grupo VIP
11993498668;Mari Muradas;3314;Pessoal;#6 Comprinhas básicas - Grupo VIP
17996165103;Sem nome;3315;Pessoal;#6 Comprinhas básicas - Grupo VIP
5181115342;Sem nome;3316;Pessoal;#6 Comprinhas básicas - Grupo VIP
11980649500;Sem nome;3317;Pessoal;#6 Comprinhas básicas - Grupo VIP
11957178001;Sem nome;3318;Pessoal;#6 Comprinhas básicas - Grupo VIP
3291119211;Sem nome;3319;Pessoal;#6 Comprinhas básicas - Grupo VIP
11986964801;Sem nome;3320;Pessoal;#6 Comprinhas básicas - Grupo VIP
3187721328;Sem nome;3321;Pessoal;#6 Comprinhas básicas - Grupo VIP
11972748473;Sem nome;3322;Pessoal;#6 Comprinhas básicas - Grupo VIP
18996481312;Sem nome;3323;Comercial;#6 Comprinhas básicas - Grupo VIP
21967953116;Letícia Puccini - Farmacêutica;3324;Pessoal;#6 Comprinhas básicas - Grupo VIP
19989963203;Sem nome;3325;Pessoal;#6 Comprinhas básicas - Grupo VIP
21995252311;Sem nome;3326;Pessoal;#6 Comprinhas básicas - Grupo VIP
21997465724;Sem nome;3327;Pessoal;#6 Comprinhas básicas - Grupo VIP
17997244140;Sem nome;3328;Pessoal;#6 Comprinhas básicas - Grupo VIP
3191720909;Sem nome;3329;Comercial;#6 Comprinhas básicas - Grupo VIP
3198950109;Fernanda Matoso Finanças;3330;Comercial;#6 Comprinhas básicas - Grupo VIP
8496815499;DM Negócio;3331;Pessoal;#6 Comprinhas básicas - Grupo VIP
4198519191;Sem nome;3332;Pessoal;#6 Comprinhas básicas - Grupo VIP
3184098328;Sem nome;3333;Pessoal;#6 Comprinhas básicas - Grupo VIP
6181253777;Sem nome;3334;Pessoal;#6 Comprinhas básicas - Grupo VIP
22988078546;Sem nome;3335;Pessoal;#6 Comprinhas básicas - Grupo VIP
11975895118;Sem nome;3336;Pessoal;#6 Comprinhas básicas - Grupo VIP
3188083861;Sem nome;3337;Pessoal;#6 Comprinhas básicas - Grupo VIP
4196939641;Sem nome;3338;Pessoal;#6 Comprinhas básicas - Grupo VIP
15981086805;Sem nome;3339;Pessoal;#6 Comprinhas básicas - Grupo VIP
11913618668;Sem nome;3340;Pessoal;#6 Comprinhas básicas - Grupo VIP
6296148746;Sem nome;3341;Comercial;#6 Comprinhas básicas - Grupo VIP
3184600838;Gabriela Curtes;3342;Pessoal;#6 Comprinhas básicas - Grupo VIP
4884776996;Sem nome;3343;Pessoal;#6 Comprinhas básicas - Grupo VIP
19989666757;Sem nome;3344;Pessoal;#6 Comprinhas básicas - Grupo VIP
5182140284;Sem nome;3345;Comercial;#6 Comprinhas básicas - Grupo VIP
6181262358;Mariana Cerejê Biscoiteria;3346;Pessoal;#6 Comprinhas básicas - Grupo VIP
12991490529;Sem nome;3347;Pessoal;#6 Comprinhas básicas - Grupo VIP
15997539450;Sem nome;3348;Pessoal;#6 Comprinhas básicas - Grupo VIP
9881248691;Sem nome;3349;Pessoal;#6 Comprinhas básicas - Grupo VIP
11983239272;Sem nome;3350;Comercial;#6 Comprinhas básicas - Grupo VIP
21999157568;Natállia Cristina;3351;Pessoal;#6 Comprinhas básicas - Grupo VIP
14988124221;Sem nome;3352;Pessoal;#6 Comprinhas básicas - Grupo VIP
4499168513;Sem nome;3353;Comercial;#6 Comprinhas básicas - Grupo VIP
12988035363;Mariana Lorena;3354;Pessoal;#6 Comprinhas básicas - Grupo VIP
4884076974;Sem nome;3355;Pessoal;#6 Comprinhas básicas - Grupo VIP
8298257096;Sem nome;3356;Pessoal;#6 Comprinhas básicas - Grupo VIP
4199468848;Sem nome;3357;Pessoal;#6 Comprinhas básicas - Grupo VIP
7583128310;Sem nome;3358;Pessoal;#6 Comprinhas básicas - Grupo VIP
11932278558;Sem nome;3359;Pessoal;#6 Comprinhas básicas - Grupo VIP
12997537110;Sem nome;3360;Pessoal;#6 Comprinhas básicas - Grupo VIP
3199780138;Sem nome;3361;Pessoal;#6 Comprinhas básicas - Grupo VIP
19997953557;Sem nome;3362;Pessoal;#6 Comprinhas básicas - Grupo VIP
6798830193;Sem nome;3363;Pessoal;#6 Comprinhas básicas - Grupo VIP
21975928010;Sem nome;3364;Pessoal;#6 Comprinhas básicas - Grupo VIP
6181031107;Sem nome;3365;Pessoal;#6 Comprinhas básicas - Grupo VIP
11959207417;Sem nome;3366;Pessoal;#6 Comprinhas básicas - Grupo VIP
11982665612;Sem nome;3367;Comercial;#6 Comprinhas básicas - Grupo VIP
8688632278;Danielle Azevedo;3368;Pessoal;#6 Comprinhas básicas - Grupo VIP
11998629172;Sem nome;3369;Pessoal;#6 Comprinhas básicas - Grupo VIP
3197061073;Sem nome;3370;Pessoal;#6 Comprinhas básicas - Grupo VIP
11945801234;Sem nome;3371;Pessoal;#6 Comprinhas básicas - Grupo VIP
15991198598;Sem nome;3372;Pessoal;#6 Comprinhas básicas - Grupo VIP
13996097904;Sem nome;3373;Pessoal;#6 Comprinhas básicas - Grupo VIP
8598072112;Sem nome;3374;Pessoal;#6 Comprinhas básicas - Grupo VIP
12981705756;Sem nome;3375;Comercial;#6 Comprinhas básicas - Grupo VIP
5199588180;Clarice Xavier;3376;Pessoal;#6 Comprinhas básicas - Grupo VIP
3488375564;Sem nome;3377;Pessoal;#6 Comprinhas básicas - Grupo VIP
3497811871;Sem nome;3378;Pessoal;#6 Comprinhas básicas - Grupo VIP
11940766987;Sem nome;3379;Pessoal;#6 Comprinhas básicas - Grupo VIP
5193854466;Sem nome;3380;Pessoal;#6 Comprinhas básicas - Grupo VIP
4191678604;Sem nome;3381;Pessoal;#6 Comprinhas básicas - Grupo VIP
21971987300;Sem nome;3382;Pessoal;#6 Comprinhas básicas - Grupo VIP
6199726249;Sem nome;3383;Comercial;#6 Comprinhas básicas - Grupo VIP
9891638402;Professora Vivian Frazão;3384;Pessoal;#6 Comprinhas básicas - Grupo VIP
27999687991;Sem nome;3385;Comercial;#6 Comprinhas básicas - Grupo VIP
3194343543;Natália Souto Clínica de Estética;3386;Comercial;#6 Comprinhas básicas - Grupo VIP
11952681481;Fefe Gateira;3387;Pessoal;#6 Comprinhas básicas - Grupo VIP
8496223388;Sem nome;3388;Pessoal;#6 Comprinhas básicas - Grupo VIP
11945015150;Sem nome;3389;Pessoal;#6 Comprinhas básicas - Grupo VIP
11945159678;Sem nome;3390;Pessoal;#6 Comprinhas básicas - Grupo VIP
4399845427;Sem nome;3391;Pessoal;#6 Comprinhas básicas - Grupo VIP
12997001342;Sem nome;3392;Pessoal;#6 Comprinhas básicas - Grupo VIP
3184951668;Sem nome;3393;Pessoal;#6 Comprinhas básicas - Grupo VIP
3591409908;Sem nome;3394;Pessoal;#6 Comprinhas básicas - Grupo VIP
21982077933;Sem nome;3395;Pessoal;#6 Comprinhas básicas - Grupo VIP
9581071429;Sem nome;3396;Pessoal;#6 Comprinhas básicas - Grupo VIP
11946121880;Sem nome;3397;Comercial;#6 Comprinhas básicas - Grupo VIP
4196453119;Isabelle Ogg;3398;Pessoal;#6 Comprinhas básicas - Grupo VIP
11991347676;Sem nome;3399;Pessoal;#6 Comprinhas básicas - Grupo VIP
21965532453;Sem nome;3400;Pessoal;#6 Comprinhas básicas - Grupo VIP
6186659670;Sem nome;3401;Pessoal;#6 Comprinhas básicas - Grupo VIP
11993281117;Sem nome;3402;Comercial;#6 Comprinhas básicas - Grupo VIP
11954659596;Fran;3403;Pessoal;#6 Comprinhas básicas - Grupo VIP
11991961934;Sem nome;3404;Pessoal;#6 Comprinhas básicas - Grupo VIP
9392166003;Sem nome;3405;Comercial;#6 Comprinhas básicas - Grupo VIP
5199751244;Professora Glaucia Johann;3406;Pessoal;#6 Comprinhas básicas - Grupo VIP
5499455159;Sem nome;3407;Pessoal;#6 Comprinhas básicas - Grupo VIP
11979809539;Sem nome;3408;Pessoal;#6 Comprinhas básicas - Grupo VIP
13991353650;Sem nome;3409;Pessoal;#6 Comprinhas básicas - Grupo VIP
24981827005;Sem nome;3410;Pessoal;#6 Comprinhas básicas - Grupo VIP
4399048135;Sem nome;3411;Pessoal;#6 Comprinhas básicas - Grupo VIP
21987191989;Sem nome;3412;Pessoal;#6 Comprinhas básicas - Grupo VIP
11944497224;Sem nome;3413;Pessoal;#6 Comprinhas básicas - Grupo VIP
5199674049;Sem nome;3414;Pessoal;#6 Comprinhas básicas - Grupo VIP
11988425910;Sem nome;3415;Pessoal;#6 Comprinhas básicas - Grupo VIP
7592630434;Sem nome;3416;Comercial;#6 Comprinhas básicas - Grupo VIP
7798653013;Kalliany Brito;3417;Pessoal;#6 Comprinhas básicas - Grupo VIP
21979049297;Sem nome;3418;Comercial;#6 Comprinhas básicas - Grupo VIP
3898186270;Wanessa Leite;3419;Pessoal;#6 Comprinhas básicas - Grupo VIP
18997212252;Sem nome;3420;Pessoal;#6 Comprinhas básicas - Grupo VIP
5194140727;Sem nome;3421;Comercial;#6 Comprinhas básicas - Grupo VIP
4192624343;Raquel Sare;3422;Pessoal;#6 Comprinhas básicas - Grupo VIP
11999471889;Sem nome;3423;Pessoal;#6 Comprinhas básicas - Grupo VIP
5491442185;Sem nome;3424;Comercial;#6 Comprinhas básicas - Grupo VIP
3298554783;Márcia Reis;3425;Pessoal;#6 Comprinhas básicas - Grupo VIP
11984627263;Sem nome;3426;Pessoal;#6 Comprinhas básicas - Grupo VIP
21985860083;Sem nome;3427;Pessoal;#6 Comprinhas básicas - Grupo VIP
4196737179;Sem nome;3428;Comercial;#6 Comprinhas básicas - Grupo VIP
4799085263;Beatriz Maia;3429;Pessoal;#6 Comprinhas básicas - Grupo VIP
19997319627;Sem nome;3430;Comercial;#6 Comprinhas básicas - Grupo VIP
3173041963;Rafaela Santos;3431;Pessoal;#6 Comprinhas básicas - Grupo VIP
4599103692;Sem nome;3432;Pessoal;#6 Comprinhas básicas - Grupo VIP
24988220252;Sem nome;3433;Pessoal;#6 Comprinhas básicas - Grupo VIP
24981210791;Sem nome;3434;Pessoal;#6 Comprinhas básicas - Grupo VIP
8188269470;Sem nome;3435;Comercial;#6 Comprinhas básicas - Grupo VIP
3192947604;Larissa Ananda;3436;Pessoal;#6 Comprinhas básicas - Grupo VIP
15981569623;Sem nome;3437;Pessoal;#6 Comprinhas básicas - Grupo VIP
7999960705;Sem nome;3438;Comercial;#6 Comprinhas básicas - Grupo VIP
4399175614;Janayna Ap Gaudencio Bronoski;3439;Pessoal;#6 Comprinhas básicas - Grupo VIP
8299617894;Sem nome;3440;Comercial;#6 Comprinhas básicas - Grupo VIP
3598461495;Andréa;3441;Comercial;#6 Comprinhas básicas - Grupo VIP
19997856570;Suzane e Matheus Música;3442;Pessoal;#6 Comprinhas básicas - Grupo VIP
4799623060;Sem nome;3443;Pessoal;#6 Comprinhas básicas - Grupo VIP
11993552126;Sem nome;3444;Pessoal;#6 Comprinhas básicas - Grupo VIP
6192815446;Sem nome;3445;Pessoal;#6 Comprinhas básicas - Grupo VIP
3388668337;Sem nome;3446;Pessoal;#6 Comprinhas básicas - Grupo VIP
5181394337;Sem nome;3447;Pessoal;#6 Comprinhas básicas - Grupo VIP
22992169740;Sem nome;3448;Comercial;#6 Comprinhas básicas - Grupo VIP
11947882008;Letícia;3449;Pessoal;#6 Comprinhas básicas - Grupo VIP
11940303616;Sem nome;3450;Pessoal;#6 Comprinhas básicas - Grupo VIP
11985816633;Sem nome;3451;Pessoal;#6 Comprinhas básicas - Grupo VIP
14981152935;Sem nome;3452;Pessoal;#6 Comprinhas básicas - Grupo VIP
8184570186;Sem nome;3453;Pessoal;#6 Comprinhas básicas - Grupo VIP
4796464144;Sem nome;3454;Pessoal;#6 Comprinhas básicas - Grupo VIP
4198798282;Sem nome;3455;Pessoal;#6 Comprinhas básicas - Grupo VIP
4191684851;Sem nome;3456;Pessoal;#6 Comprinhas básicas - Grupo VIP
3491174007;Sem nome;3457;Pessoal;#6 Comprinhas básicas - Grupo VIP
5198791402;Sem nome;3458;Pessoal;#6 Comprinhas básicas - Grupo VIP
22999803725;Sem nome;3459;Pessoal;#6 Comprinhas básicas - Grupo VIP
9185168780;Sem nome;3460;Pessoal;#6 Comprinhas básicas - Grupo VIP
8186787453;Sem nome;3461;Pessoal;#6 Comprinhas básicas - Grupo VIP
19992307700;Sem nome;3462;Pessoal;#6 Comprinhas básicas - Grupo VIP
11999555419;Sem nome;3463;Pessoal;#6 Comprinhas básicas - Grupo VIP
21979284328;Sem nome;3464;Pessoal;#6 Comprinhas básicas - Grupo VIP
3186953070;Sem nome;3465;Pessoal;#6 Comprinhas básicas - Grupo VIP
11971193252;Sem nome;3466;Pessoal;#6 Comprinhas básicas - Grupo VIP
11942311699;Sem nome;3467;Pessoal;#6 Comprinhas básicas - Grupo VIP
24999149561;Sem nome;3468;Pessoal;#6 Comprinhas básicas - Grupo VIP
3191068794;Sem nome;3469;Pessoal;012 BAIXE o Modelo de Funil AQUI
11988909330;Sem nome;3470;Comercial;012 BAIXE o Modelo de Funil AQUI
3194963854;Caricatte Inc;3471;Pessoal;012 BAIXE o Modelo de Funil AQUI
8581868127;Sem nome;3472;Pessoal;012 BAIXE o Modelo de Funil AQUI
21994599564;Sem nome;3473;Comercial;012 BAIXE o Modelo de Funil AQUI
11982563038;João Ecrédio;3474;Pessoal;012 BAIXE o Modelo de Funil AQUI
22992840820;Sem nome;3475;Comercial;012 BAIXE o Modelo de Funil AQUI
5181724777;Daia Leichtweis;3476;Comercial;012 BAIXE o Modelo de Funil AQUI
6799277511;Formiga Doceira;3477;Comercial;012 BAIXE o Modelo de Funil AQUI
4195076545;Maurício Azevedo;3478;Comercial;012 BAIXE o Modelo de Funil AQUI
8195215808;Andrea Venceslau;3479;Pessoal;012 BAIXE o Modelo de Funil AQUI
6784242023;Sem nome;3480;Comercial;012 BAIXE o Modelo de Funil AQUI
21986759677;Teacher Isa;3481;Comercial;012 BAIXE o Modelo de Funil AQUI
21967575418;Monique Queila;3482;Pessoal;012 BAIXE o Modelo de Funil AQUI
28999383279;Sem nome;3483;Comercial;012 BAIXE o Modelo de Funil AQUI
9882078245;ok google;3484;Comercial;012 BAIXE o Modelo de Funil AQUI
21972779062;Carol Carvalho;3485;Pessoal;012 BAIXE o Modelo de Funil AQUI
5184879404;Sem nome;3486;Comercial;012 BAIXE o Modelo de Funil AQUI
12981105790;Noemí Santos;3487;Pessoal;012 BAIXE o Modelo de Funil AQUI
4791635331;Sem nome;3488;Pessoal;012 BAIXE o Modelo de Funil AQUI
9181545593;Sem nome;3489;Comercial;012 BAIXE o Modelo de Funil AQUI
21964209025;Washington Santos | Gerente Comercial Âncora Saúde;3490;Comercial;012 BAIXE o Modelo de Funil AQUI
8197075806;Dra. Jamilly Lopes Mentora Estratégica de Performance Empresarial;3491;Pessoal;012 BAIXE o Modelo de Funil AQUI
24992404733;Sem nome;3492;Pessoal;012 BAIXE o Modelo de Funil AQUI
11997965836;Sem nome;3493;Pessoal;012 BAIXE o Modelo de Funil AQUI
5581142746;Sem nome;3494;Pessoal;012 BAIXE o Modelo de Funil AQUI
17991038702;Sem nome;3495;Pessoal;012 BAIXE o Modelo de Funil AQUI
4896476095;Sem nome;3496;Comercial;012 BAIXE o Modelo de Funil AQUI
7399200698;Dalila;3497;Pessoal;012 BAIXE o Modelo de Funil AQUI
4188773818;Sem nome;3498;Pessoal;012 BAIXE o Modelo de Funil AQUI
7388249777;Sem nome;3499;Pessoal;012 BAIXE o Modelo de Funil AQUI
4988951545;Sem nome;3500;Pessoal;012 BAIXE o Modelo de Funil AQUI
8994357357;Sem nome;3501;Pessoal;012 BAIXE o Modelo de Funil AQUI
16997339353;Sem nome;3502;Pessoal;012 BAIXE o Modelo de Funil AQUI
4195233449;Sem nome;3503;Comercial;012 BAIXE o Modelo de Funil AQUI
9184733114;Leandro Moraes;3504;Comercial;012 BAIXE o Modelo de Funil AQUI
8386606570;André Sá - Consultor Marketing e Vendas;3505;Pessoal;012 BAIXE o Modelo de Funil AQUI
8486374049;Sem nome;3506;Pessoal;012 BAIXE o Modelo de Funil AQUI
8196069909;Sem nome;3507;Comercial;012 BAIXE o Modelo de Funil AQUI
21979393413;Nilcleia Gomes terapeuta;3508;Comercial;012 BAIXE o Modelo de Funil AQUI
3591168355;Ana Fersil;3509;Pessoal;012 BAIXE o Modelo de Funil AQUI
4998278990;Sem nome;3510;Comercial;012 BAIXE o Modelo de Funil AQUI
8281929689;Mayara Rubia;3511;Comercial;012 BAIXE o Modelo de Funil AQUI
3190705505;Equipe Dra Juliana Oliveira;3512;Pessoal;012 BAIXE o Modelo de Funil AQUI
11947340037;Sem nome;3513;Pessoal;012 BAIXE o Modelo de Funil AQUI
12981756702;Sem nome;3514;Comercial;012 BAIXE o Modelo de Funil AQUI
6499366026;Carlos Augusto;3515;Pessoal;012 BAIXE o Modelo de Funil AQUI
11952011004;Sem nome;3516;Comercial;012 BAIXE o Modelo de Funil AQUI
4784069211;Miriam Pereira;3517;Comercial;012 BAIXE o Modelo de Funil AQUI
4892181418;Camila R.;3518;Pessoal;012 BAIXE o Modelo de Funil AQUI
3597014441;Sem nome;3519;Pessoal;012 BAIXE o Modelo de Funil AQUI
6299939627;Sem nome;3520;Pessoal;012 BAIXE o Modelo de Funil AQUI
22998137342;Sem nome;3521;Comercial;012 BAIXE o Modelo de Funil AQUI
11962883484;Gráfica Criativa by Nanda Salles;3522;Pessoal;012 BAIXE o Modelo de Funil AQUI
8599529721;Sem nome;3523;Pessoal;012 BAIXE o Modelo de Funil AQUI
21999819171;Sem nome;3524;Pessoal;012 BAIXE o Modelo de Funil AQUI
4898053920;Sem nome;3525;Pessoal;012 BAIXE o Modelo de Funil AQUI
6185159825;Sem nome;3526;Comercial;012 BAIXE o Modelo de Funil AQUI
8282333307;Sem nome;3527;Pessoal;012 BAIXE o Modelo de Funil AQUI
11946156001;Sem nome;3528;Comercial;012 BAIXE o Modelo de Funil AQUI
11967847848;Studio Audilene Cunha;3529;Pessoal;012 BAIXE o Modelo de Funil AQUI
6198024660;Sem nome;3530;Comercial;012 BAIXE o Modelo de Funil AQUI
6185156562;Victor Zatura;3531;Pessoal;012 BAIXE o Modelo de Funil AQUI
3799611602;Sem nome;3532;Pessoal;012 BAIXE o Modelo de Funil AQUI
21969092611;Sem nome;3533;Pessoal;012 BAIXE o Modelo de Funil AQUI
7499115578;Sem nome;3534;Pessoal;012 BAIXE o Modelo de Funil AQUI
7599551598;Sem nome;3535;Comercial;012 BAIXE o Modelo de Funil AQUI
3199063322;Damianna Guedes;3536;Pessoal;012 BAIXE o Modelo de Funil AQUI
12992188338;Sem nome;3537;Comercial;012 BAIXE o Modelo de Funil AQUI
11999752947;Lazara Carvalho;3538;Pessoal;012 BAIXE o Modelo de Funil AQUI
11985841010;Sem nome;3539;Pessoal;012 BAIXE o Modelo de Funil AQUI
19988332393;Sem nome;3540;Pessoal;012 BAIXE o Modelo de Funil AQUI
3298234845;Sem nome;3541;Pessoal;012 BAIXE o Modelo de Funil AQUI
19974221506;Sem nome;3542;Pessoal;012 BAIXE o Modelo de Funil AQUI
3299228305;Sem nome;3543;Pessoal;012 BAIXE o Modelo de Funil AQUI
6381325599;Sem nome;3544;Comercial;012 BAIXE o Modelo de Funil AQUI
6291144575;Alexandre Goulart;3545;Pessoal;012 BAIXE o Modelo de Funil AQUI
14997935232;Sem nome;3546;Pessoal;012 BAIXE o Modelo de Funil AQUI
6484434620;Sem nome;3547;Pessoal;012 BAIXE o Modelo de Funil AQUI
19993327883;Sem nome;3548;Pessoal;012 BAIXE o Modelo de Funil AQUI
18991093000;Sem nome;3549;Pessoal;012 BAIXE o Modelo de Funil AQUI
6992386236;Sem nome;3550;Pessoal;012 BAIXE o Modelo de Funil AQUI
7592542558;Sem nome;3551;Pessoal;012 BAIXE o Modelo de Funil AQUI
8188245575;Sem nome;3552;Comercial;012 BAIXE o Modelo de Funil AQUI
4888316180;Marilia Delicato Maehashi;3553;Pessoal;012 BAIXE o Modelo de Funil AQUI
8399855889;Sem nome;3554;Pessoal;012 BAIXE o Modelo de Funil AQUI
27981461999;Sem nome;3555;Comercial;012 BAIXE o Modelo de Funil AQUI
3597043195;Andre Candido.;3556;Comercial;012 BAIXE o Modelo de Funil AQUI
6782005586;Suélen Yamassaki;3557;Comercial;012 BAIXE o Modelo de Funil AQUI
11943618200;Filipe;3558;Pessoal;012 BAIXE o Modelo de Funil AQUI
9284756799;Sem nome;3559;Comercial;012 BAIXE o Modelo de Funil AQUI
7188279776;Georgia Torres;3560;Pessoal;012 BAIXE o Modelo de Funil AQUI
21969296260;Sem nome;3561;Comercial;012 BAIXE o Modelo de Funil AQUI
5191631349;Larissa Moraes Suporte;3562;Pessoal;012 BAIXE o Modelo de Funil AQUI
3897303443;Sem nome;3563;Pessoal;012 BAIXE o Modelo de Funil AQUI
21969355017;Sem nome;3564;Comercial;012 BAIXE o Modelo de Funil AQUI
17992136811;Alexander Vilasboas;3565;Comercial;012 BAIXE o Modelo de Funil AQUI
7182777067;Verônica Sá Estrategista;3566;Comercial;012 BAIXE o Modelo de Funil AQUI
8498944867;Tânia Brisanti;3567;Pessoal;012 BAIXE o Modelo de Funil AQUI
9888111172;Sem nome;3568;Comercial;012 BAIXE o Modelo de Funil AQUI
4896463506;Arttika Marketing digital;3569;Pessoal;012 BAIXE o Modelo de Funil AQUI
11986230076;Sem nome;3570;Comercial;012 BAIXE o Modelo de Funil AQUI
11953694124;Jones Medrado;3571;Pessoal;012 BAIXE o Modelo de Funil AQUI
24988131323;Sem nome;3572;Pessoal;012 BAIXE o Modelo de Funil AQUI
4799714332;Sem nome;3573;Pessoal;012 BAIXE o Modelo de Funil AQUI
8196092485;Sem nome;3574;Comercial;012 BAIXE o Modelo de Funil AQUI
27998688667;Carol Pinna;3575;Pessoal;012 BAIXE o Modelo de Funil AQUI
6784013390;Sem nome;3576;Comercial;012 BAIXE o Modelo de Funil AQUI
4195740322;Jacque;3577;Comercial;012 BAIXE o Modelo de Funil AQUI
11956548449;Upkate Consultoria e Treinamento Ltda;3578;Pessoal;012 BAIXE o Modelo de Funil AQUI
22998027269;Sem nome;3579;Pessoal;012 BAIXE o Modelo de Funil AQUI
4391793762;Sem nome;3580;Comercial;012 BAIXE o Modelo de Funil AQUI
4799593459;Mari - Autismo Infinito Planner;3581;Comercial;012 BAIXE o Modelo de Funil AQUI
4891740044;Atendimento Tatiana Matias;3582;Pessoal;012 BAIXE o Modelo de Funil AQUI
27997205158;Sem nome;3583;Pessoal;012 BAIXE o Modelo de Funil AQUI
8585347421;Sem nome;3584;Pessoal;012 BAIXE o Modelo de Funil AQUI
3891304501;Sem nome;3585;Comercial;012 BAIXE o Modelo de Funil AQUI
19997615079;Honório Pessôa;3586;Comercial;012 BAIXE o Modelo de Funil AQUI
17988152268;Alex Guimarães;3587;Pessoal;012 BAIXE o Modelo de Funil AQUI
4699003810;Sem nome;3588;Comercial;012 BAIXE o Modelo de Funil AQUI
8399222329;Mariana Cosme;3589;Pessoal;012 BAIXE o Modelo de Funil AQUI
3799538787;Sem nome;3590;Comercial;012 BAIXE o Modelo de Funil AQUI
22988681545;Priscila Rangel;3591;Pessoal;012 BAIXE o Modelo de Funil AQUI
11973991003;Sem nome;3592;Pessoal;012 BAIXE o Modelo de Funil AQUI
7996795162;Sem nome;3593;Pessoal;012 BAIXE o Modelo de Funil AQUI
5399721840;Sem nome;3594;Comercial;012 BAIXE o Modelo de Funil AQUI
3399279769;Thamares - Equipe Ju Gomes;3595;Comercial;012 BAIXE o Modelo de Funil AQUI
6185742233;Créer;3596;Comercial;012 BAIXE o Modelo de Funil AQUI
5192119936;Sem nome;3597;Pessoal;012 BAIXE o Modelo de Funil AQUI
19992809386;Sem nome;3598;Comercial;012 BAIXE o Modelo de Funil AQUI
8199210410;Marcela Negromonte;3599;Pessoal;012 BAIXE o Modelo de Funil AQUI
8388056858;Sem nome;3600;Pessoal;012 BAIXE o Modelo de Funil AQUI
6592797703;Sem nome;3601;Pessoal;012 BAIXE o Modelo de Funil AQUI
5599041340;Sem nome;3602;Comercial;012 BAIXE o Modelo de Funil AQUI
6285839962;Francisco dos Santos;3603;Pessoal;012 BAIXE o Modelo de Funil AQUI
11951640493;Sem nome;3604;Comercial;012 BAIXE o Modelo de Funil AQUI
8699027997;Focus Publicidade;3605;Comercial;012 BAIXE o Modelo de Funil AQUI
7999790033;CR InovaLex Advocacia;3606;Pessoal;012 BAIXE o Modelo de Funil AQUI
19997571215;Sem nome;3607;Pessoal;012 BAIXE o Modelo de Funil AQUI
21996880363;Sem nome;3608;Pessoal;012 BAIXE o Modelo de Funil AQUI
5181779323;Sem nome;3609;Pessoal;012 BAIXE o Modelo de Funil AQUI
3187974707;Sem nome;3610;Comercial;012 BAIXE o Modelo de Funil AQUI
7181378727;Carol Marcelino | Nail Design | Estudante de Biomedicina Estética| Mary kay;3611;Pessoal;012 BAIXE o Modelo de Funil AQUI
8195231700;Sem nome;3612;Comercial;012 BAIXE o Modelo de Funil AQUI
21992227755;Professor Moises Cruz;3613;Comercial;012 BAIXE o Modelo de Funil AQUI
12992438967;Helena Jorge;3614;Pessoal;012 BAIXE o Modelo de Funil AQUI
21997917706;Sem nome;3615;Comercial;012 BAIXE o Modelo de Funil AQUI
8491302695;Fátima Luna terapêutica;3616;Pessoal;012 BAIXE o Modelo de Funil AQUI
8396221057;Sem nome;3617;Pessoal;012 BAIXE o Modelo de Funil AQUI
9281489386;Sem nome;3618;Pessoal;012 BAIXE o Modelo de Funil AQUI
11978949425;Sem nome;3619;Comercial;012 BAIXE o Modelo de Funil AQUI
4891882083;Sem nome;3620;Comercial;012 BAIXE o Modelo de Funil AQUI
8398692285;Angélica Felix;3621;Comercial;012 BAIXE o Modelo de Funil AQUI
6791792814;Emanuel Junior;3622;Comercial;012 BAIXE o Modelo de Funil AQUI
4198759593;Jaque Muniz;3623;Pessoal;012 BAIXE o Modelo de Funil AQUI
7199875525;Sem nome;3624;Pessoal;012 BAIXE o Modelo de Funil AQUI
8499526352;Sem nome;3625;Pessoal;012 BAIXE o Modelo de Funil AQUI
11999889425;Sem nome;3626;Comercial;012 BAIXE o Modelo de Funil AQUI
7196284047;Tainã Gama;3627;Pessoal;012 BAIXE o Modelo de Funil AQUI
22988349723;Sem nome;3628;Pessoal;012 BAIXE o Modelo de Funil AQUI
21981060111;Sem nome;3629;Pessoal;012 BAIXE o Modelo de Funil AQUI
8588965974;Sem nome;3630;Comercial;012 BAIXE o Modelo de Funil AQUI
4588010140;Mohamed Hawali;3631;Comercial;012 BAIXE o Modelo de Funil AQUI
19974237184;Ricardo Cavallieri;3632;Pessoal;012 BAIXE o Modelo de Funil AQUI
3299975727;Sem nome;3633;Pessoal;012 BAIXE o Modelo de Funil AQUI
21965097959;Sem nome;3634;Pessoal;012 BAIXE o Modelo de Funil AQUI
8287770370;Sem nome;3635;Comercial;012 BAIXE o Modelo de Funil AQUI
7191092279;Gelato Maná;3636;Comercial;012 BAIXE o Modelo de Funil AQUI
4391664313;Gleicy Marçal;3637;Comercial;012 BAIXE o Modelo de Funil AQUI
6281442875;William  Soares;3638;Pessoal;012 BAIXE o Modelo de Funil AQUI
11989907826;Sem nome;3639;Pessoal;012 BAIXE o Modelo de Funil AQUI
5193165725;Sem nome;3640;Pessoal;012 BAIXE o Modelo de Funil AQUI
19997333685;Sem nome;3641;Pessoal;012 BAIXE o Modelo de Funil AQUI
21992487750;Sem nome;3642;Pessoal;012 BAIXE o Modelo de Funil AQUI
5192239677;Sem nome;3643;Comercial;012 BAIXE o Modelo de Funil AQUI
22974031031;Dani Martins;3644;Comercial;012 BAIXE o Modelo de Funil AQUI
5193552458;Lioness Growing;3645;Comercial;012 BAIXE o Modelo de Funil AQUI
6281874659;Babi | Psicóloga de Grávidas e Puérperas;3646;Pessoal;012 BAIXE o Modelo de Funil AQUI
22999098264;Sem nome;3647;Pessoal;012 BAIXE o Modelo de Funil AQUI
8699541679;Sem nome;3648;Pessoal;012 BAIXE o Modelo de Funil AQUI
13981227159;Sem nome;3649;Pessoal;012 BAIXE o Modelo de Funil AQUI
8197023455;Sem nome;3650;Pessoal;012 BAIXE o Modelo de Funil AQUI
19982028285;Sem nome;3651;Pessoal;012 BAIXE o Modelo de Funil AQUI
3391222472;Sem nome;3652;Comercial;012 BAIXE o Modelo de Funil AQUI
7187691207;Joseane Portugal Contadora;3653;Pessoal;012 BAIXE o Modelo de Funil AQUI
5180397115;Sem nome;3654;Comercial;012 BAIXE o Modelo de Funil AQUI
3186626409;Ludmila Rosa;3655;Comercial;012 BAIXE o Modelo de Funil AQUI
3191596949;Renata Santos;3656;Comercial;012 BAIXE o Modelo de Funil AQUI
3888381510;Lincoln Eleuzino;3657;Pessoal;012 BAIXE o Modelo de Funil AQUI
19989846320;Sem nome;3658;Pessoal;012 BAIXE o Modelo de Funil AQUI
11963784480;Sem nome;3659;Pessoal;012 BAIXE o Modelo de Funil AQUI
3491114712;Sem nome;3660;Comercial;012 BAIXE o Modelo de Funil AQUI
3182745977;Suporte Tais;3661;Pessoal;012 BAIXE o Modelo de Funil AQUI
19988238205;Sem nome;3662;Pessoal;012 BAIXE o Modelo de Funil AQUI
7187007761;Sem nome;3663;Pessoal;012 BAIXE o Modelo de Funil AQUI
13991320617;Sem nome;3664;Comercial;012 BAIXE o Modelo de Funil AQUI
12997431639;Renan Leite Anuncios Inteligentes;3665;Comercial;012 BAIXE o Modelo de Funil AQUI
6192581203;Victor Perez;3666;Comercial;012 BAIXE o Modelo de Funil AQUI
8698198398;Dênia Ferreira;3667;Comercial;012 BAIXE o Modelo de Funil AQUI
4288364195;Fernanda Andrade Studio;3668;Pessoal;012 BAIXE o Modelo de Funil AQUI
8496806118;Sem nome;3669;Pessoal;012 BAIXE o Modelo de Funil AQUI
11976948943;Sem nome;3670;Pessoal;012 BAIXE o Modelo de Funil AQUI
18997364116;Sem nome;3671;Pessoal;012 BAIXE o Modelo de Funil AQUI
11989109095;Sem nome;3672;Pessoal;012 BAIXE o Modelo de Funil AQUI
11962148236;Sem nome;3673;Pessoal;012 BAIXE o Modelo de Funil AQUI
3194001400;Sem nome;3674;Pessoal;012 BAIXE o Modelo de Funil AQUI
6183039565;Sem nome;3675;Pessoal;012 BAIXE o Modelo de Funil AQUI
4599215312;Sem nome;3676;Pessoal;012 BAIXE o Modelo de Funil AQUI
4799510266;Sem nome;3677;Pessoal;012 BAIXE o Modelo de Funil AQUI
5181239472;Sem nome;3678;Pessoal;012 BAIXE o Modelo de Funil AQUI
21999141093;Sem nome;3679;Pessoal;012 BAIXE o Modelo de Funil AQUI
19991182993;Sem nome;3680;Comercial;012 BAIXE o Modelo de Funil AQUI
11964347909;Cindy Arone;3681;Comercial;012 BAIXE o Modelo de Funil AQUI
5180541393;Renata Brião Bordados;3682;Comercial;012 BAIXE o Modelo de Funil AQUI
21997928246;Monique Gracielle;3683;Pessoal;012 BAIXE o Modelo de Funil AQUI
11975962006;Sem nome;3684;Comercial;012 BAIXE o Modelo de Funil AQUI
9991215214;Sem nome;3685;Comercial;012 BAIXE o Modelo de Funil AQUI
5134638686;LeanKey Consultoria;3686;Comercial;012 BAIXE o Modelo de Funil AQUI
11933394494;IALLY LÌRA GFMASTER;3687;Pessoal;012 BAIXE o Modelo de Funil AQUI
6784162557;Sem nome;3688;Comercial;012 BAIXE o Modelo de Funil AQUI
21988741024;Alexandre Magno;3689;Comercial;012 BAIXE o Modelo de Funil AQUI
21998073196;Barbara Vetromille;3690;Pessoal;012 BAIXE o Modelo de Funil AQUI
6281610201;Sem nome;3691;Pessoal;012 BAIXE o Modelo de Funil AQUI
6281791342;Sem nome;3692;Comercial;012 BAIXE o Modelo de Funil AQUI
11937357548;Patrícia Boregas;3693;Pessoal;012 BAIXE o Modelo de Funil AQUI
6281165753;Sem nome;3694;Pessoal;012 BAIXE o Modelo de Funil AQUI
7199228688;Sem nome;3695;Comercial;012 BAIXE o Modelo de Funil AQUI
4888501714;Marketing Digital / Crer e Empreender;3696;Pessoal;012 BAIXE o Modelo de Funil AQUI
21983087508;Sem nome;3697;Comercial;012 BAIXE o Modelo de Funil AQUI
11912119564;Cecilia Suporte;3698;Pessoal;012 BAIXE o Modelo de Funil AQUI
6193123314;Sem nome;3699;Pessoal;012 BAIXE o Modelo de Funil AQUI
7582846599;Sem nome;3700;Comercial;012 BAIXE o Modelo de Funil AQUI
7191208409;Igor Monteiro;3701;Pessoal;012 BAIXE o Modelo de Funil AQUI
11932265390;Sem nome;3702;Pessoal;012 BAIXE o Modelo de Funil AQUI
8781145600;Sem nome;3703;Pessoal;012 BAIXE o Modelo de Funil AQUI
8487132084;Sem nome;3704;Pessoal;012 BAIXE o Modelo de Funil AQUI
27996488346;Sem nome;3705;Comercial;012 BAIXE o Modelo de Funil AQUI
12974037743;Anderson;3706;Pessoal;012 BAIXE o Modelo de Funil AQUI
19992490527;Sem nome;3707;Pessoal;012 BAIXE o Modelo de Funil AQUI
11973561422;Sem nome;3708;Comercial;012 BAIXE o Modelo de Funil AQUI
3196729786;Thais Abrantes;3709;Pessoal;012 BAIXE o Modelo de Funil AQUI
8293128787;Sem nome;3710;Pessoal;012 BAIXE o Modelo de Funil AQUI
21995936623;Sem nome;3711;Pessoal;012 BAIXE o Modelo de Funil AQUI
19987252141;Sem nome;3712;Pessoal;012 BAIXE o Modelo de Funil AQUI
19991557816;Sem nome;3713;Pessoal;012 BAIXE o Modelo de Funil AQUI
4599312251;Sem nome;3714;Pessoal;012 BAIXE o Modelo de Funil AQUI
21998172323;Sem nome;3715;Pessoal;012 BAIXE o Modelo de Funil AQUI
3198456346;Sem nome;3716;Comercial;012 BAIXE o Modelo de Funil AQUI
6799772683;Hend;3717;Comercial;012 BAIXE o Modelo de Funil AQUI
8799534207;Camila Helena;3718;Pessoal;012 BAIXE o Modelo de Funil AQUI
6284112370;Sem nome;3719;Comercial;012 BAIXE o Modelo de Funil AQUI
11990224592;Ana Paula;3720;Pessoal;012 BAIXE o Modelo de Funil AQUI
3195583871;Sem nome;3721;Pessoal;012 BAIXE o Modelo de Funil AQUI
3588984668;Sem nome;3722;Pessoal;012 BAIXE o Modelo de Funil AQUI
8198775094;Sem nome;3723;Pessoal;012 BAIXE o Modelo de Funil AQUI
4191164196;Sem nome;3724;Pessoal;012 BAIXE o Modelo de Funil AQUI
4497661236;Sem nome;3725;Comercial;012 BAIXE o Modelo de Funil AQUI
24992450131;Carla Aleixo;3726;Pessoal;012 BAIXE o Modelo de Funil AQUI
11976765104;Sem nome;3727;Pessoal;012 BAIXE o Modelo de Funil AQUI
4888353256;Sem nome;3728;Comercial;012 BAIXE o Modelo de Funil AQUI
16991424039;?????????? ????????????????;3729;Comercial;012 BAIXE o Modelo de Funil AQUI
9286219907;Eli Oliveira;3730;Pessoal;012 BAIXE o Modelo de Funil AQUI
6291800002;Sem nome;3731;Pessoal;012 BAIXE o Modelo de Funil AQUI
4391632338;Sem nome;3732;Comercial;012 BAIXE o Modelo de Funil AQUI
8496604079;"Cristiane Liberato
@cristianeliberatooficial";3733;Pessoal;012 BAIXE o Modelo de Funil AQUI
6492798815;Sem nome;3734;Pessoal;012 BAIXE o Modelo de Funil AQUI
7991992379;Sem nome;3735;Pessoal;012 BAIXE o Modelo de Funil AQUI
11983949439;Sem nome;3736;Pessoal;012 BAIXE o Modelo de Funil AQUI
21979122391;Sem nome;3737;Comercial;012 BAIXE o Modelo de Funil AQUI
7186965848;Jessica Poliglota;3738;Pessoal;012 BAIXE o Modelo de Funil AQUI
5189336950;Sem nome;3739;Pessoal;012 BAIXE o Modelo de Funil AQUI
13982045491;Sem nome;3740;Comercial;012 BAIXE o Modelo de Funil AQUI
8589828863;Mentora Gloria;3741;Pessoal;012 BAIXE o Modelo de Funil AQUI
4399784003;Sem nome;3742;Pessoal;012 BAIXE o Modelo de Funil AQUI
21970842504;Sem nome;3743;Comercial;012 BAIXE o Modelo de Funil AQUI
8599005004;Felipe Prestes;3744;Comercial;012 BAIXE o Modelo de Funil AQUI
8398698607;Kesley Guedes;3745;Pessoal;012 BAIXE o Modelo de Funil AQUI
6184061956;Sem nome;3746;Pessoal;012 BAIXE o Modelo de Funil AQUI
3499783547;Sem nome;3747;Comercial;012 BAIXE o Modelo de Funil AQUI
4699030552;Poly Design;3748;Comercial;012 BAIXE o Modelo de Funil AQUI
6484078366;Welson Rezende;3749;Pessoal;Missa e Festa Santos pela Vida 2025
4198531862;Sem nome;3750;Pessoal;Missa e Festa Santos pela Vida 2025
4197249812;Sem nome;3751;Comercial;Missa e Festa Santos pela Vida 2025
4184304114;Priscila Monteiro;3752;Pessoal;Missa e Festa Santos pela Vida 2025
4199996444;Sem nome;3753;Comercial;Missa e Festa Santos pela Vida 2025
5198647710;Ale;3754;Pessoal;Missa e Festa Santos pela Vida 2025
4196689855;Sem nome;3755;Pessoal;Missa e Festa Santos pela Vida 2025
4184060711;Sem nome;3756;Pessoal;Missa e Festa Santos pela Vida 2025
4184904415;Sem nome;3757;Pessoal;Missa e Festa Santos pela Vida 2025
4299991631;Sem nome;3758;Pessoal;Missa e Festa Santos pela Vida 2025
4199474159;Sem nome;3759;Pessoal;Missa e Festa Santos pela Vida 2025
4199153458;Sem nome;3760;Pessoal;Missa e Festa Santos pela Vida 2025
4185006507;Gleice Justo;3761;Pessoal;Missa e Festa Santos pela Vida 2025
4199406964;Sem nome;3762;Pessoal;Missa e Festa Santos pela Vida 2025
4199443323;Sem nome;3763;Pessoal;Missa e Festa Santos pela Vida 2025
4196288070;Sem nome;3764;Pessoal;Missa e Festa Santos pela Vida 2025
4184665816;Sem nome;3765;Pessoal;Missa e Festa Santos pela Vida 2025
4187366568;Sem nome;3766;Pessoal;Missa e Festa Santos pela Vida 2025
4191876594;Sem nome;3767;Comercial;Missa e Festa Santos pela Vida 2025
4197057815;Daiane Kessi;3768;Pessoal;Missa e Festa Santos pela Vida 2025
4196254680;Sem nome;3769;Pessoal;Missa e Festa Santos pela Vida 2025
4191126469;Sem nome;3770;Pessoal;Missa e Festa Santos pela Vida 2025
4187064886;Sem nome;3771;Pessoal;Missa e Festa Santos pela Vida 2025
4184070551;Sem nome;3772;Pessoal;Missa e Festa Santos pela Vida 2025
4197447697;Sem nome;3773;Pessoal;Missa e Festa Santos pela Vida 2025
4196401970;Sem nome;3774;Pessoal;Missa e Festa Santos pela Vida 2025
4188016782;Sem nome;3775;Pessoal;Missa e Festa Santos pela Vida 2025
4184865968;Sem nome;3776;Pessoal;Missa e Festa Santos pela Vida 2025
4188226758;Sem nome;3777;Pessoal;Missa e Festa Santos pela Vida 2025
4197618335;Sem nome;3778;Pessoal;Missa e Festa Santos pela Vida 2025
4195592388;Sem nome;3779;Pessoal;Missa e Festa Santos pela Vida 2025
4196228282;Sem nome;3780;Pessoal;Missa e Festa Santos pela Vida 2025
4199352275;Sem nome;3781;Pessoal;Missa e Festa Santos pela Vida 2025
4196734743;Sem nome;3782;Pessoal;Missa e Festa Santos pela Vida 2025
4195166181;Sem nome;3783;Pessoal;Missa e Festa Santos pela Vida 2025
4188462749;Sem nome;3784;Pessoal;Missa e Festa Santos pela Vida 2025
4196143996;Sem nome;3785;Pessoal;Missa e Festa Santos pela Vida 2025
4196781670;Sem nome;3786;Comercial;Missa e Festa Santos pela Vida 2025
4187251631;Comunicação Casa Pró-Vida;3787;Pessoal;Missa e Festa Santos pela Vida 2025
4199384342;Sem nome;3788;Pessoal;Missa e Festa Santos pela Vida 2025
4198561249;Sem nome;3789;Pessoal;Missa e Festa Santos pela Vida 2025
4191675779;Sem nome;3790;Pessoal;Missa e Festa Santos pela Vida 2025
4195378826;Sem nome;3791;Comercial;Missa e Festa Santos pela Vida 2025
4199406678;Vanessa Lima;3792;Pessoal;Missa e Festa Santos pela Vida 2025
4192757888;Sem nome;3793;Pessoal;Missa e Festa Santos pela Vida 2025
4184999021;Sem nome;3794;Pessoal;Missa e Festa Santos pela Vida 2025
4195584535;Sem nome;3795;Pessoal;Missa e Festa Santos pela Vida 2025
4197421536;Sem nome;3796;Comercial;Missa e Festa Santos pela Vida 2025
4187709797;Rafael Amaral;3797;Pessoal;Missa e Festa Santos pela Vida 2025
4184250064;Sem nome;3798;Pessoal;Missa e Festa Santos pela Vida 2025
4188312750;Sem nome;3799;Comercial;Missa e Festa Santos pela Vida 2025
4198272267;Roselene Recrutamento e Seleção;3800;Pessoal;Missa e Festa Santos pela Vida 2025
4195552785;Sem nome;3801;Pessoal;Missa e Festa Santos pela Vida 2025
4799442226;Sem nome;3802;Pessoal;Missa e Festa Santos pela Vida 2025
4188359900;Sem nome;3803;Pessoal;Missa e Festa Santos pela Vida 2025
4198830750;Sem nome;3804;Pessoal;Missa e Festa Santos pela Vida 2025
4198641063;Sem nome;3805;Pessoal;Missa e Festa Santos pela Vida 2025
4198060971;Sem nome;3806;Pessoal;Missa e Festa Santos pela Vida 2025
4184237691;Sem nome;3807;Pessoal;Missa e Festa Santos pela Vida 2025
4196371119;Sem nome;3808;Pessoal;Missa e Festa Santos pela Vida 2025
41933007516;Sem nome;3809;Pessoal;Missa e Festa Santos pela Vida 2025
4197576602;Sem nome;3810;Pessoal;Missa e Festa Santos pela Vida 2025
4184520432;Sem nome;3811;Comercial;Missa e Festa Santos pela Vida 2025
4187648037;Heliusen José Teixeira;3812;Pessoal;Missa e Festa Santos pela Vida 2025
4198534632;Sem nome;3813;Pessoal;Missa e Festa Santos pela Vida 2025
4196652652;Sem nome;3814;Pessoal;Missa e Festa Santos pela Vida 2025
4187724653;Sem nome;3815;Pessoal;Missa e Festa Santos pela Vida 2025
4198882336;Sem nome;3816;Pessoal;Missa e Festa Santos pela Vida 2025
4184664442;Sem nome;3817;Pessoal;Missa e Festa Santos pela Vida 2025
4197205249;Sem nome;3818;Comercial;Missa e Festa Santos pela Vida 2025
4196300305;Wilson Nascimento;3819;Pessoal;Missa e Festa Santos pela Vida 2025
4196650737;Sem nome;3820;Pessoal;Missa e Festa Santos pela Vida 2025
4195558310;Sem nome;3821;Pessoal;Missa e Festa Santos pela Vida 2025
4198430638;Sem nome;3822;Pessoal;Missa e Festa Santos pela Vida 2025
4198289401;Sem nome;3823;Pessoal;Missa e Festa Santos pela Vida 2025
4199240088;Sem nome;3824;Pessoal;Missa e Festa Santos pela Vida 2025
4197166132;Sem nome;3825;Pessoal;Missa e Festa Santos pela Vida 2025
4197870261;Sem nome;3826;Pessoal;Missa e Festa Santos pela Vida 2025
4197912156;Sem nome;3827;Pessoal;Missa e Festa Santos pela Vida 2025
4198209811;Sem nome;3828;Pessoal;Missa e Festa Santos pela Vida 2025
4199352492;Sem nome;3829;Pessoal;Missa e Festa Santos pela Vida 2025
4188460785;Sem nome;3830;Pessoal;Missa e Festa Santos pela Vida 2025
4191736702;Sem nome;3831;Pessoal;Missa e Festa Santos pela Vida 2025
4184375959;Sem nome;3832;Pessoal;Missa e Festa Santos pela Vida 2025
4199761218;Sem nome;3833;Pessoal;Missa e Festa Santos pela Vida 2025
4197505163;Sem nome;3834;Pessoal;Missa e Festa Santos pela Vida 2025
4196412657;Sem nome;3835;Pessoal;Missa e Festa Santos pela Vida 2025
4184148603;Sem nome;3836;Pessoal;Missa e Festa Santos pela Vida 2025
4196156050;Sem nome;3837;Pessoal;Missa e Festa Santos pela Vida 2025
4195594477;Sem nome;3838;Pessoal;Missa e Festa Santos pela Vida 2025
4199818622;Sem nome;3839;Pessoal;Missa e Festa Santos pela Vida 2025
4199211760;Sem nome;3840;Pessoal;Missa e Festa Santos pela Vida 2025
4184139151;Sem nome;3841;Pessoal;Missa e Festa Santos pela Vida 2025
4195199890;Sem nome;3842;Pessoal;SÓCIAS INDEPENDENTES
7391306214;Sem nome;3843;Pessoal;SÓCIAS INDEPENDENTES
6692085897;Sem nome;3844;Comercial;SÓCIAS INDEPENDENTES
11965765576;Beatriz;3845;Pessoal;SÓCIAS INDEPENDENTES
5195968576;Sem nome;3846;Pessoal;SÓCIAS INDEPENDENTES
6592197328;Sem nome;3847;Comercial;SÓCIAS INDEPENDENTES
3196983075;Corretora e Eng. Civil MRV & Co Cris Cunha;3848;Pessoal;SÓCIAS INDEPENDENTES
27996090201;Sem nome;3849;Pessoal;SÓCIAS INDEPENDENTES
21967326275;Sem nome;3850;Pessoal;SÓCIAS INDEPENDENTES
11982639380;Sem nome;3851;Pessoal;SÓCIAS INDEPENDENTES
7488759126;Sem nome;3852;Pessoal;SÓCIAS INDEPENDENTES
24988039555;Sem nome;3853;Pessoal;SÓCIAS INDEPENDENTES
4999146876;Sem nome;3854;Comercial;SÓCIAS INDEPENDENTES
11943346287;Brenda Campos;3855;Pessoal;SÓCIAS INDEPENDENTES
11947771194;Sem nome;3856;Pessoal;SÓCIAS INDEPENDENTES
11985983154;Sem nome;3857;Pessoal;SÓCIAS INDEPENDENTES
5391407616;Sem nome;3858;Comercial;SÓCIAS INDEPENDENTES
11934967192;nice oliveira;3859;Pessoal;SÓCIAS INDEPENDENTES
7998464505;Sem nome;3860;Pessoal;SÓCIAS INDEPENDENTES
8796199729;Sem nome;3861;Pessoal;SÓCIAS INDEPENDENTES
9684174980;Sem nome;3862;Pessoal;SÓCIAS INDEPENDENTES
3597149932;Sem nome;3863;Pessoal;SÓCIAS INDEPENDENTES
11992120910;Sem nome;3864;Pessoal;SÓCIAS INDEPENDENTES
4891880609;Sem nome;3865;Pessoal;SÓCIAS INDEPENDENTES
5481584377;Sem nome;3866;Pessoal;SÓCIAS INDEPENDENTES
27999954272;Sem nome;3867;Pessoal;SÓCIAS INDEPENDENTES
8791333203;Sem nome;3868;Pessoal;SÓCIAS INDEPENDENTES
22999726017;Sem nome;3869;Pessoal;SÓCIAS INDEPENDENTES
9183444766;Sem nome;3870;Pessoal;SÓCIAS INDEPENDENTES
6699242654;Sem nome;3871;Pessoal;SÓCIAS INDEPENDENTES
4299213920;Sem nome;3872;Pessoal;SÓCIAS INDEPENDENTES
8695532389;Sem nome;3873;Comercial;SÓCIAS INDEPENDENTES
5496223436;rosanemaieri36;3874;Pessoal;SÓCIAS INDEPENDENTES
8892115054;Sem nome;3875;Pessoal;SÓCIAS INDEPENDENTES
11951638809;Sem nome;3876;Pessoal;SÓCIAS INDEPENDENTES
8197703718;Sem nome;3877;Pessoal;SÓCIAS INDEPENDENTES
19993530451;Sem nome;3878;Pessoal;SÓCIAS INDEPENDENTES
21994894668;Sem nome;3879;Pessoal;SÓCIAS INDEPENDENTES
9982034317;Sem nome;3880;Pessoal;SÓCIAS INDEPENDENTES
4791834404;Sem nome;3881;Pessoal;SÓCIAS INDEPENDENTES
6183045876;Sem nome;3882;Pessoal;SÓCIAS INDEPENDENTES
8892491535;Sem nome;3883;Pessoal;SÓCIAS INDEPENDENTES
8388247408;Sem nome;3884;Pessoal;SÓCIAS INDEPENDENTES
6492013123;Sem nome;3885;Pessoal;SÓCIAS INDEPENDENTES
8381866434;Sem nome;3886;Pessoal;SÓCIAS INDEPENDENTES
6184095555;Sem nome;3887;Pessoal;SÓCIAS INDEPENDENTES
11964373692;Sem nome;3888;Pessoal;SÓCIAS INDEPENDENTES
21969627571;Sem nome;3889;Pessoal;SÓCIAS INDEPENDENTES
21974425450;Sem nome;3890;Pessoal;SÓCIAS INDEPENDENTES
7196792198;Sem nome;3891;Pessoal;SÓCIAS INDEPENDENTES
11945013895;Sem nome;3892;Comercial;SÓCIAS INDEPENDENTES
8597050434;Eli Mendes;3893;Comercial;SÓCIAS INDEPENDENTES
9481341976;Angélica Texeira;3894;Pessoal;SÓCIAS INDEPENDENTES
9281518266;Sem nome;3895;Pessoal;SÓCIAS INDEPENDENTES
7591704776;Sem nome;3896;Pessoal;SÓCIAS INDEPENDENTES
6182777613;Sem nome;3897;Pessoal;SÓCIAS INDEPENDENTES
21995324727;Sem nome;3898;Pessoal;SÓCIAS INDEPENDENTES
6196362942;Sem nome;3899;Comercial;SÓCIAS INDEPENDENTES
4791483664;Sofya Souza Representante;3900;Pessoal;SÓCIAS INDEPENDENTES
24998248541;Sem nome;3901;Pessoal;SÓCIAS INDEPENDENTES
15991093751;Sem nome;3902;Pessoal;SÓCIAS INDEPENDENTES
6295173877;Sem nome;3903;Comercial;SÓCIAS INDEPENDENTES
21968258985;Edilane Duarte;3904;Pessoal;SÓCIAS INDEPENDENTES
11981047883;Sem nome;3905;Pessoal;SÓCIAS INDEPENDENTES
27999484397;Sem nome;3906;Pessoal;SÓCIAS INDEPENDENTES
7788181756;Sem nome;3907;Pessoal;SÓCIAS INDEPENDENTES
9191555076;Sem nome;3908;Pessoal;SÓCIAS INDEPENDENTES
7999946925;Sem nome;3909;Pessoal;SÓCIAS INDEPENDENTES
4299196974;Sem nome;3910;Pessoal;SÓCIAS INDEPENDENTES
4598613932;Sem nome;3911;Pessoal;SÓCIAS INDEPENDENTES
11966061774;Sem nome;3912;Pessoal;SÓCIAS INDEPENDENTES
11957186488;Sem nome;3913;Pessoal;SÓCIAS INDEPENDENTES
6282341228;Sem nome;3914;Pessoal;SÓCIAS INDEPENDENTES
4591477589;Sem nome;3915;Pessoal;SÓCIAS INDEPENDENTES
8594138264;Sem nome;3916;Pessoal;SÓCIAS INDEPENDENTES
3897501806;Sem nome;3917;Pessoal;SÓCIAS INDEPENDENTES
6181233973;Sem nome;3918;Pessoal;SÓCIAS INDEPENDENTES
7199512305;Sem nome;3919;Pessoal;SÓCIAS INDEPENDENTES
11973938957;Sem nome;3920;Pessoal;SÓCIAS INDEPENDENTES
27999221150;Sem nome;3921;Pessoal;SÓCIAS INDEPENDENTES
19983647157;Sem nome;3922;Pessoal;SÓCIAS INDEPENDENTES
6199343693;Sem nome;3923;Pessoal;SÓCIAS INDEPENDENTES
6592337297;Sem nome;3924;Pessoal;SÓCIAS INDEPENDENTES
6493080732;Sem nome;3925;Pessoal;SÓCIAS INDEPENDENTES
19991293363;Sem nome;3926;Pessoal;SÓCIAS INDEPENDENTES
27999865841;Sem nome;3927;Pessoal;SÓCIAS INDEPENDENTES
8393997953;Sem nome;3928;Pessoal;SÓCIAS INDEPENDENTES
22998579268;Sem nome;3929;Comercial;SÓCIAS INDEPENDENTES
9292187538;Gilsien;3930;Pessoal;SÓCIAS INDEPENDENTES
6298418641;Sem nome;3931;Pessoal;SÓCIAS INDEPENDENTES
11996991092;Sem nome;3932;Pessoal;SÓCIAS INDEPENDENTES
11983795932;Sem nome;3933;Comercial;SÓCIAS INDEPENDENTES
11977335624;Aprenda ganhar dinheiro em casa, click no link abaixo te ensino como;3934;Pessoal;SÓCIAS INDEPENDENTES
21975211155;Sem nome;3935;Pessoal;SÓCIAS INDEPENDENTES
7583701191;Sem nome;3936;Pessoal;SÓCIAS INDEPENDENTES
3388057449;Sem nome;3937;Pessoal;SÓCIAS INDEPENDENTES
11974615054;Sem nome;3938;Pessoal;SÓCIAS INDEPENDENTES
4187025622;Sem nome;3939;Pessoal;SÓCIAS INDEPENDENTES
4599212694;Sem nome;3940;Pessoal;SÓCIAS INDEPENDENTES
4198248616;Sem nome;3941;Pessoal;SÓCIAS INDEPENDENTES
3299176462;Sem nome;3942;Pessoal;SÓCIAS INDEPENDENTES
21988695079;Sem nome;3943;Comercial;SÓCIAS INDEPENDENTES
9292258051;Likebeach;3944;Pessoal;SÓCIAS INDEPENDENTES
17982030708;Sem nome;3945;Comercial;SÓCIAS INDEPENDENTES
6191367727;Poly Lopes;3946;Pessoal;SÓCIAS INDEPENDENTES
8981288481;Sem nome;3947;Pessoal;SÓCIAS INDEPENDENTES
9884150925;Sem nome;3948;Pessoal;SÓCIAS INDEPENDENTES
3491250462;Sem nome;3949;Pessoal;SÓCIAS INDEPENDENTES
7187638481;Sem nome;3950;Pessoal;SÓCIAS INDEPENDENTES
22999865495;Sem nome;3951;Pessoal;SÓCIAS INDEPENDENTES
21979005346;Sem nome;3952;Pessoal;SÓCIAS INDEPENDENTES
27988681366;Sem nome;3953;Pessoal;SÓCIAS INDEPENDENTES
21999549041;Sem nome;3954;Pessoal;SÓCIAS INDEPENDENTES
4187212525;Sem nome;3955;Pessoal;SÓCIAS INDEPENDENTES
11947485979;Sem nome;3956;Pessoal;SÓCIAS INDEPENDENTES
9887079581;Sem nome;3957;Pessoal;SÓCIAS INDEPENDENTES
3188201881;Sem nome;3958;Pessoal;SÓCIAS INDEPENDENTES
3898647771;Sem nome;3959;Comercial;SÓCIAS INDEPENDENTES
6791338968;Barbara Sengewald;3960;Pessoal;SÓCIAS INDEPENDENTES
4499885243;Sem nome;3961;Pessoal;SÓCIAS INDEPENDENTES
8599424468;Sem nome;3962;Pessoal;SÓCIAS INDEPENDENTES
3194096423;Sem nome;3963;Comercial;SÓCIAS INDEPENDENTES
3188038338;Dra Ediana Romanholi;3964;Pessoal;SÓCIAS INDEPENDENTES
9492558176;Sem nome;3965;Pessoal;SÓCIAS INDEPENDENTES
8193251636;Sem nome;3966;Pessoal;#8 Avisos Dr. Monteze
21981308388;Sem nome;3967;Pessoal;#8 Avisos Dr. Monteze
19991446660;Sem nome;3968;Pessoal;#8 Avisos Dr. Monteze
11991735289;Sem nome;3969;Pessoal;#8 Avisos Dr. Monteze
4896210128;Sem nome;3970;Pessoal;#8 Avisos Dr. Monteze
6284120944;Sem nome;3971;Pessoal;#8 Avisos Dr. Monteze
7181559762;Sem nome;3972;Pessoal;#8 Avisos Dr. Monteze
11952322876;Sem nome;3973;Pessoal;#8 Avisos Dr. Monteze
3491592844;Sem nome;3974;Pessoal;#8 Avisos Dr. Monteze
6596048029;Sem nome;3975;Pessoal;#8 Avisos Dr. Monteze
8293010298;Sem nome;3976;Pessoal;#8 Avisos Dr. Monteze
12981426933;Sem nome;3977;Pessoal;#8 Avisos Dr. Monteze
11996021681;Sem nome;3978;Pessoal;#8 Avisos Dr. Monteze
11992010516;Sem nome;3979;Pessoal;#8 Avisos Dr. Monteze
7193494404;Sem nome;3980;Pessoal;#8 Avisos Dr. Monteze
3188235842;Sem nome;3981;Pessoal;#8 Avisos Dr. Monteze
11983667012;Sem nome;3982;Pessoal;#8 Avisos Dr. Monteze
6496101038;Sem nome;3983;Comercial;#8 Avisos Dr. Monteze
9193600707;Heloiza Gonçalves;3984;Pessoal;#8 Avisos Dr. Monteze
21996937982;Sem nome;3985;Pessoal;#8 Avisos Dr. Monteze
19991361137;Sem nome;3986;Pessoal;#8 Avisos Dr. Monteze
6599375096;Sem nome;3987;Pessoal;#8 Avisos Dr. Monteze
4899946726;Sem nome;3988;Comercial;#8 Avisos Dr. Monteze
19996618191;Anna Rosa Beauty Spa;3989;Pessoal;#8 Avisos Dr. Monteze
9681347441;Sem nome;3990;Pessoal;#8 Avisos Dr. Monteze
4499983575;Sem nome;3991;Comercial;#8 Avisos Dr. Monteze
6392358130;claudianefontes;3992;Pessoal;#8 Avisos Dr. Monteze
4196416447;Sem nome;3993;Pessoal;#8 Avisos Dr. Monteze
11973017356;Sem nome;3994;Pessoal;#8 Avisos Dr. Monteze
7381453894;Sem nome;3995;Pessoal;#8 Avisos Dr. Monteze
3193087070;Sem nome;3996;Pessoal;#8 Avisos Dr. Monteze
3391401358;Sem nome;3997;Comercial;#8 Avisos Dr. Monteze
6183830424;Giselle Rodrigues;3998;Pessoal;#8 Avisos Dr. Monteze
3197897364;Sem nome;3999;Pessoal;#8 Avisos Dr. Monteze
9691935950;Sem nome;4000;Pessoal;#8 Avisos Dr. Monteze
8582021885;Sem nome;4001;Pessoal;#8 Avisos Dr. Monteze
7193388624;Sem nome;4002;Pessoal;#8 Avisos Dr. Monteze
5186879368;Sem nome;4003;Comercial;#8 Avisos Dr. Monteze
8387753456;Dra ANA KARLA ALVES l ADVOGADA;4004;Pessoal;#8 Avisos Dr. Monteze
3499466565;Sem nome;4005;Pessoal;#8 Avisos Dr. Monteze
9691144588;Sem nome;4006;Pessoal;#8 Avisos Dr. Monteze
6292980266;Sem nome;4007;Comercial;#8 Avisos Dr. Monteze
9870274346;Sacolão Medeiros;4008;Pessoal;#8 Avisos Dr. Monteze
5499084560;Sem nome;4009;Comercial;#8 Avisos Dr. Monteze
3188675028;Danielle Lage;4010;Pessoal;#8 Avisos Dr. Monteze
27997468240;Sem nome;4011;Pessoal;#8 Avisos Dr. Monteze
7599956727;Sem nome;4012;Pessoal;#8 Avisos Dr. Monteze
3599961659;Sem nome;4013;Pessoal;#8 Avisos Dr. Monteze
11972149583;Sem nome;4014;Pessoal;#8 Avisos Dr. Monteze
7192814327;Sem nome;4015;Pessoal;#8 Avisos Dr. Monteze
11972774849;Sem nome;4016;Pessoal;#8 Avisos Dr. Monteze
17991315392;Sem nome;4017;Pessoal;#8 Avisos Dr. Monteze
8899151316;Sem nome;4018;Pessoal;#8 Avisos Dr. Monteze
3187896444;Sem nome;4019;Pessoal;#8 Avisos Dr. Monteze
3185540595;Sem nome;4020;Pessoal;#8 Avisos Dr. Monteze
11999058665;Sem nome;4021;Pessoal;#8 Avisos Dr. Monteze
3597472081;Sem nome;4022;Pessoal;#8 Avisos Dr. Monteze
12982602027;Sem nome;4023;Pessoal;#8 Avisos Dr. Monteze
21988534810;Sem nome;4024;Pessoal;#8 Avisos Dr. Monteze
11968320174;Sem nome;4025;Pessoal;#8 Avisos Dr. Monteze
27996192104;Sem nome;4026;Comercial;#8 Avisos Dr. Monteze
3291430068;clinica Anadelle Souza;4027;Pessoal;#8 Avisos Dr. Monteze
6181474686;Sem nome;4028;Pessoal;#8 Avisos Dr. Monteze
27981267837;Sem nome;4029;Pessoal;#8 Avisos Dr. Monteze
5181644591;Sem nome;4030;Pessoal;#8 Avisos Dr. Monteze
16981227770;Sem nome;4031;Pessoal;#8 Avisos Dr. Monteze
8699845739;Sem nome;4032;Pessoal;#8 Avisos Dr. Monteze
3187537484;Sem nome;4033;Pessoal;#8 Avisos Dr. Monteze
11991733966;Sem nome;4034;Pessoal;#8 Avisos Dr. Monteze
21994848534;Sem nome;4035;Comercial;#8 Avisos Dr. Monteze
11948446164;Mirella Macedo;4036;Pessoal;#8 Avisos Dr. Monteze
8994185599;Sem nome;4037;Pessoal;#8 Avisos Dr. Monteze
19999427781;Sem nome;4038;Pessoal;#8 Avisos Dr. Monteze
6384224006;Sem nome;4039;Pessoal;#8 Avisos Dr. Monteze
3189661148;Sem nome;4040;Pessoal;#8 Avisos Dr. Monteze
11942852213;Sem nome;4041;Pessoal;#8 Avisos Dr. Monteze
6186122469;Sem nome;4042;Pessoal;#8 Avisos Dr. Monteze
27999953330;Sem nome;4043;Pessoal;#8 Avisos Dr. Monteze
21998623078;Sem nome;4044;Pessoal;#8 Avisos Dr. Monteze
3288188084;Sem nome;4045;Pessoal;#8 Avisos Dr. Monteze
5499192302;Sem nome;4046;Comercial;#8 Avisos Dr. Monteze
7388878414;Acsa Almeida;4047;Pessoal;#8 Avisos Dr. Monteze
24992258888;Sem nome;4048;Pessoal;#8 Avisos Dr. Monteze
7791178880;Sem nome;4049;Pessoal;#8 Avisos Dr. Monteze
11999972556;Sem nome;4050;Comercial;#8 Avisos Dr. Monteze
4198094041;Keila - Representante oficial do Toop Cor;4051;Pessoal;#8 Avisos Dr. Monteze
11945153292;Sem nome;4052;Comercial;#8 Avisos Dr. Monteze
3484243918;Vanessa Canabrava;4053;Pessoal;#8 Avisos Dr. Monteze
16992029925;Sem nome;4054;Comercial;#8 Avisos Dr. Monteze
2193429414;Ângela Medeiros;4055;Pessoal;#8 Avisos Dr. Monteze
6298081700;Sem nome;4056;Pessoal;#8 Avisos Dr. Monteze
18981917981;Sem nome;4057;Pessoal;#8 Avisos Dr. Monteze
8193944579;Sem nome;4058;Pessoal;#8 Avisos Dr. Monteze
17996052526;Sem nome;4059;Pessoal;#8 Avisos Dr. Monteze
6899746656;Sem nome;4060;Pessoal;#8 Avisos Dr. Monteze
16981880568;Sem nome;4061;Pessoal;#8 Avisos Dr. Monteze
11934238521;Sem nome;4062;Pessoal;#8 Avisos Dr. Monteze
11997304297;Sem nome;4063;Pessoal;#8 Avisos Dr. Monteze
7191268898;Sem nome;4064;Pessoal;#8 Avisos Dr. Monteze
7381294164;Sem nome;4065;Pessoal;#8 Avisos Dr. Monteze
11947553018;Sem nome;4066;Pessoal;#8 Avisos Dr. Monteze
12982720832;Sem nome;4067;Pessoal;#8 Avisos Dr. Monteze
7788499445;Sem nome;4068;Pessoal;#8 Avisos Dr. Monteze
3891229646;Sem nome;4069;Pessoal;#8 Avisos Dr. Monteze
21981572272;Sem nome;4070;Pessoal;#8 Avisos Dr. Monteze
3199935165;Sem nome;4071;Pessoal;#8 Avisos Dr. Monteze
6399616058;Sem nome;4072;Pessoal;#8 Avisos Dr. Monteze
19988604149;Sem nome;4073;Pessoal;#8 Avisos Dr. Monteze
19998574416;Sem nome;4074;Pessoal;#8 Avisos Dr. Monteze
19991233883;Sem nome;4075;Pessoal;#8 Avisos Dr. Monteze
8288144871;Sem nome;4076;Pessoal;#8 Avisos Dr. Monteze
21999962956;Sem nome;4077;Pessoal;#8 Avisos Dr. Monteze
11949383709;Sem nome;4078;Pessoal;#8 Avisos Dr. Monteze
3186138838;Sem nome;4079;Pessoal;#8 Avisos Dr. Monteze
6199148309;Sem nome;4080;Pessoal;#8 Avisos Dr. Monteze
9198032224;Sem nome;4081;Comercial;#8 Avisos Dr. Monteze
3496868198;Elis - Phoenix Emergências Médicas.;4082;Pessoal;#8 Avisos Dr. Monteze
21990909106;Sem nome;4083;Pessoal;#8 Avisos Dr. Monteze
11983201285;Sem nome;4084;Pessoal;#8 Avisos Dr. Monteze
19984173071;Sem nome;4085;Pessoal;#8 Avisos Dr. Monteze
11940220503;Sem nome;4086;Pessoal;#8 Avisos Dr. Monteze
11982241285;Sem nome;4087;Pessoal;#8 Avisos Dr. Monteze
6792639046;Sem nome;4088;Pessoal;#8 Avisos Dr. Monteze
3491604106;Sem nome;4089;Pessoal;#8 Avisos Dr. Monteze
3186251225;Sem nome;4090;Pessoal;#8 Avisos Dr. Monteze
8596277409;Sem nome;4091;Pessoal;#8 Avisos Dr. Monteze
8694617072;Sem nome;4092;Pessoal;#8 Avisos Dr. Monteze
17997479145;Sem nome;4093;Pessoal;#8 Avisos Dr. Monteze
4888370719;Sem nome;4094;Pessoal;#8 Avisos Dr. Monteze
22981482238;Sem nome;4095;Pessoal;#8 Avisos Dr. Monteze
3199924867;Sem nome;4096;Pessoal;#8 Avisos Dr. Monteze
21972732001;Sem nome;4097;Pessoal;#8 Avisos Dr. Monteze
19988205970;Sem nome;4098;Pessoal;#8 Avisos Dr. Monteze
6296846402;Sem nome;4099;Pessoal;#8 Avisos Dr. Monteze
12992469377;Sem nome;4100;Pessoal;#8 Avisos Dr. Monteze
8197552239;Sem nome;4101;Pessoal;#8 Avisos Dr. Monteze
3189307087;Sem nome;4102;Pessoal;#8 Avisos Dr. Monteze
11991666576;Sem nome;4103;Pessoal;#8 Avisos Dr. Monteze
3499360510;Sem nome;4104;Pessoal;#8 Avisos Dr. Monteze
4688259332;Sem nome;4105;Pessoal;#8 Avisos Dr. Monteze
21973811847;Sem nome;4106;Pessoal;#8 Avisos Dr. Monteze
6799031402;Sem nome;4107;Pessoal;#8 Avisos Dr. Monteze
6696081691;Sem nome;4108;Pessoal;#8 Avisos Dr. Monteze
6699396253;Sem nome;4109;Pessoal;#8 Avisos Dr. Monteze
3399552676;Sem nome;4110;Pessoal;#8 Avisos Dr. Monteze
11947458467;Sem nome;4111;Pessoal;#8 Avisos Dr. Monteze
11947100348;Sem nome;4112;Pessoal;#8 Avisos Dr. Monteze
19983330196;Sem nome;4113;Pessoal;#8 Avisos Dr. Monteze
11997693281;Sem nome;4114;Pessoal;#8 Avisos Dr. Monteze
3171958116;Sem nome;4115;Pessoal;#8 Avisos Dr. Monteze
3384123031;Sem nome;4116;Pessoal;#8 Avisos Dr. Monteze
27999857171;Sem nome;4117;Pessoal;#8 Avisos Dr. Monteze
7192742725;Sem nome;4118;Comercial;#8 Avisos Dr. Monteze
11947664847;ANA PAULA OLIVEIRA;4119;Pessoal;#8 Avisos Dr. Monteze
8589219803;Sem nome;4120;Pessoal;#8 Avisos Dr. Monteze
11985160546;Sem nome;4121;Pessoal;#8 Avisos Dr. Monteze
21987305007;Sem nome;4122;Pessoal;#8 Avisos Dr. Monteze
3288623381;Sem nome;4123;Pessoal;#8 Avisos Dr. Monteze
6799824079;Sem nome;4124;Comercial;#8 Avisos Dr. Monteze
21983365709;DRIKA MOREIRA FOTOGRAFIA;4125;Pessoal;#8 Avisos Dr. Monteze
19984203697;Sem nome;4126;Pessoal;#8 Avisos Dr. Monteze
21994508001;Sem nome;4127;Pessoal;#8 Avisos Dr. Monteze
8788432134;Sem nome;4128;Comercial;#8 Avisos Dr. Monteze
8393249154;Rosenilda Honório consultora do Ton.;4129;Pessoal;#8 Avisos Dr. Monteze
21993367331;Sem nome;4130;Pessoal;#8 Avisos Dr. Monteze
3192327858;Sem nome;4131;Comercial;#8 Avisos Dr. Monteze
6298822002;Re Ferreira;4132;Pessoal;#8 Avisos Dr. Monteze
19999360176;Sem nome;4133;Pessoal;#8 Avisos Dr. Monteze
3288896023;Sem nome;4134;Pessoal;#8 Avisos Dr. Monteze
6799006505;Sem nome;4135;Pessoal;#8 Avisos Dr. Monteze
6581228986;Sem nome;4136;Pessoal;#8 Avisos Dr. Monteze
6193247203;Sem nome;4137;Pessoal;#8 Avisos Dr. Monteze
3799076957;Sem nome;4138;Pessoal;#8 Avisos Dr. Monteze
9691257238;Sem nome;4139;Pessoal;#8 Avisos Dr. Monteze
15997628705;Sem nome;4140;Pessoal;#8 Avisos Dr. Monteze
6692464823;Sem nome;4141;Pessoal;#8 Avisos Dr. Monteze
9391498530;Sem nome;4142;Pessoal;#8 Avisos Dr. Monteze
5180364187;Sem nome;4143;Pessoal;#8 Avisos Dr. Monteze
3175226221;Sem nome;4144;Pessoal;#8 Avisos Dr. Monteze
18998095243;Sem nome;4145;Pessoal;#8 Avisos Dr. Monteze
21973117928;Sem nome;4146;Pessoal;#8 Avisos Dr. Monteze
19999104458;Sem nome;4147;Pessoal;#8 Avisos Dr. Monteze
6199439666;Sem nome;4148;Pessoal;#8 Avisos Dr. Monteze
3799418674;Sem nome;4149;Pessoal;#8 Avisos Dr. Monteze
21988618139;Sem nome;4150;Pessoal;#8 Avisos Dr. Monteze
11981640674;Sem nome;4151;Pessoal;#8 Avisos Dr. Monteze
21998249253;Sem nome;4152;Pessoal;#8 Avisos Dr. Monteze
4899860912;Sem nome;4153;Pessoal;#8 Avisos Dr. Monteze
6199172921;Sem nome;4154;Pessoal;#8 Avisos Dr. Monteze
11951935370;Sem nome;4155;Pessoal;#8 Avisos Dr. Monteze
7187577059;Sem nome;4156;Pessoal;#8 Avisos Dr. Monteze
12988073537;Sem nome;4157;Pessoal;#8 Avisos Dr. Monteze
22988223679;Sem nome;4158;Pessoal;#8 Avisos Dr. Monteze
6193345667;Sem nome;4159;Pessoal;#8 Avisos Dr. Monteze
21996434622;Sem nome;4160;Comercial;#8 Avisos Dr. Monteze
9888698677;Alexsandra Rodrigues;4161;Pessoal;#8 Avisos Dr. Monteze
12996476780;Sem nome;4162;Pessoal;#8 Avisos Dr. Monteze
24988146883;Sem nome;4163;Pessoal;#8 Avisos Dr. Monteze
11997043840;Sem nome;4164;Pessoal;#8 Avisos Dr. Monteze
6191915326;Sem nome;4165;Pessoal;#8 Avisos Dr. Monteze
3298207604;Sem nome;4166;Comercial;#8 Avisos Dr. Monteze
12981093905;Luciana corretora imóveis;4167;Pessoal;#8 Avisos Dr. Monteze
7199710107;Sem nome;4168;Pessoal;#8 Avisos Dr. Monteze
8388803602;Sem nome;4169;Pessoal;#8 Avisos Dr. Monteze
12988491983;Sem nome;4170;Pessoal;#8 Avisos Dr. Monteze
18991377472;Sem nome;4171;Comercial;#8 Avisos Dr. Monteze
4797109360;Simone Torresani Dionysio;4172;Pessoal;#8 Avisos Dr. Monteze
3598963238;Sem nome;4173;Pessoal;#8 Avisos Dr. Monteze
4899222770;Sem nome;4174;Pessoal;#8 Avisos Dr. Monteze
11940803687;Sem nome;4175;Pessoal;#8 Avisos Dr. Monteze
6984669133;Sem nome;4176;Pessoal;#8 Avisos Dr. Monteze
11976802605;Sem nome;4177;Pessoal;#8 Avisos Dr. Monteze
3399778018;Sem nome;4178;Pessoal;#8 Avisos Dr. Monteze
11993200245;Sem nome;4179;Pessoal;#8 Avisos Dr. Monteze
6185896515;Sem nome;4180;Pessoal;#8 Avisos Dr. Monteze
6281535883;Sem nome;4181;Pessoal;#8 Avisos Dr. Monteze
11997486021;Sem nome;4182;Comercial;#8 Avisos Dr. Monteze
3891619096;Pizzaria e Lanchonete Do Max;4183;Pessoal;#8 Avisos Dr. Monteze
7488043787;Sem nome;4184;Pessoal;#8 Avisos Dr. Monteze
24988520776;Sem nome;4185;Pessoal;#8 Avisos Dr. Monteze
5499796980;Sem nome;4186;Pessoal;#8 Avisos Dr. Monteze
11987215072;Sem nome;4187;Comercial;#8 Avisos Dr. Monteze
6493298267;Jornal Goiás;4188;Pessoal;#8 Avisos Dr. Monteze
3196794790;Sem nome;4189;Pessoal;#8 Avisos Dr. Monteze
7196400509;Sem nome;4190;Pessoal;#8 Avisos Dr. Monteze
21964081875;Sem nome;4191;Comercial;#8 Avisos Dr. Monteze
17991790330;Paulinha Tattoo;4192;Pessoal;#8 Avisos Dr. Monteze
5599027459;Sem nome;4193;Pessoal;#8 Avisos Dr. Monteze
3284063823;Sem nome;4194;Pessoal;#8 Avisos Dr. Monteze
16993053584;Sem nome;4195;Pessoal;#8 Avisos Dr. Monteze
19991876951;Sem nome;4196;Pessoal;#8 Avisos Dr. Monteze
3199305290;Sem nome;4197;Pessoal;#8 Avisos Dr. Monteze
3599000720;Sem nome;4198;Pessoal;#8 Avisos Dr. Monteze
16997314404;Sem nome;4199;Pessoal;#8 Avisos Dr. Monteze
15996846595;Sem nome;4200;Pessoal;#8 Avisos Dr. Monteze
4788380125;Sem nome;4201;Pessoal;#8 Avisos Dr. Monteze
7592516660;Sem nome;4202;Pessoal;#8 Avisos Dr. Monteze
21996449200;Sem nome;4203;Pessoal;#8 Avisos Dr. Monteze
11975342403;Sem nome;4204;Pessoal;#8 Avisos Dr. Monteze
3198008281;Sem nome;4205;Pessoal;#8 Avisos Dr. Monteze
5581353869;Sem nome;4206;Pessoal;#8 Avisos Dr. Monteze
15996281044;Sem nome;4207;Pessoal;#8 Avisos Dr. Monteze
7188448774;Sem nome;4208;Pessoal;#8 Avisos Dr. Monteze
5197624699;Sem nome;4209;Pessoal;#8 Avisos Dr. Monteze
7193263117;Sem nome;4210;Pessoal;#8 Avisos Dr. Monteze
4797725955;Sem nome;4211;Comercial;#8 Avisos Dr. Monteze
6592363149;MM Brecho Boutique Milca Fernandes;4212;Pessoal;#8 Avisos Dr. Monteze
5199293928;Sem nome;4213;Pessoal;#8 Avisos Dr. Monteze
6281573148;Sem nome;4214;Pessoal;#8 Avisos Dr. Monteze
8181270607;Sem nome;4215;Pessoal;#8 Avisos Dr. Monteze
6181595840;Sem nome;4216;Pessoal;#8 Avisos Dr. Monteze
11996785377;Sem nome;4217;Pessoal;#8 Avisos Dr. Monteze
21996756881;Sem nome;4218;Pessoal;#8 Avisos Dr. Monteze
11972127346;Sem nome;4219;Pessoal;#8 Avisos Dr. Monteze
9181416881;Sem nome;4220;Pessoal;#8 Avisos Dr. Monteze
11999218265;Sem nome;4221;Pessoal;#8 Avisos Dr. Monteze
19981577897;Sem nome;4222;Pessoal;#8 Avisos Dr. Monteze
11954727374;Sem nome;4223;Pessoal;#8 Avisos Dr. Monteze
27999048542;Sem nome;4224;Pessoal;#8 Avisos Dr. Monteze
8191615766;Sem nome;4225;Pessoal;#8 Avisos Dr. Monteze
8688628272;Sem nome;4226;Pessoal;#8 Avisos Dr. Monteze
3196096094;Sem nome;4227;Pessoal;#8 Avisos Dr. Monteze
6799777404;Sem nome;4228;Pessoal;#8 Avisos Dr. Monteze
8899972332;Sem nome;4229;Pessoal;#8 Avisos Dr. Monteze
4499261665;Sem nome;4230;Pessoal;#8 Avisos Dr. Monteze
3199925162;Sem nome;4231;Comercial;#8 Avisos Dr. Monteze
3584324690;Geralda Vendedora;4232;Pessoal;#8 Avisos Dr. Monteze
11996831568;Sem nome;4233;Pessoal;#8 Avisos Dr. Monteze
24992631337;Sem nome;4234;Pessoal;#8 Avisos Dr. Monteze
12981318911;Sem nome;4235;Pessoal;#8 Avisos Dr. Monteze
17981697748;Sem nome;4236;Pessoal;#8 Avisos Dr. Monteze
8894820266;Sem nome;4237;Pessoal;#8 Avisos Dr. Monteze
6499343996;Sem nome;4238;Pessoal;#8 Avisos Dr. Monteze
3784050036;Sem nome;4239;Pessoal;#8 Avisos Dr. Monteze
6194511166;Sem nome;4240;Pessoal;#8 Avisos Dr. Monteze
11997859809;Sem nome;4241;Pessoal;#8 Avisos Dr. Monteze
27997221105;Sem nome;4242;Pessoal;#8 Avisos Dr. Monteze
6196955704;Sem nome;4243;Pessoal;#8 Avisos Dr. Monteze
3188099091;Sem nome;4244;Pessoal;GRUPO VIP BLACK DOCTOR #234301
9491989502;Sem nome;4245;Pessoal;GRUPO VIP BLACK DOCTOR #234301
11967057925;Sem nome;4246;Pessoal;GRUPO VIP BLACK DOCTOR #234301
27988233272;Sem nome;4247;Pessoal;GRUPO VIP BLACK DOCTOR #234301
11959033704;Sem nome;4248;Pessoal;GRUPO VIP BLACK DOCTOR #234301
3187039248;Sem nome;4249;Pessoal;GRUPO VIP BLACK DOCTOR #234301
3193354867;Sem nome;4250;Pessoal;GRUPO VIP BLACK DOCTOR #234301
7197159839;Sem nome;4251;Pessoal;GRUPO VIP BLACK DOCTOR #234301
4299350164;Sem nome;4252;Pessoal;GRUPO VIP BLACK DOCTOR #234301
8296502821;Sem nome;4253;Pessoal;GRUPO VIP BLACK DOCTOR #234301
3185221991;Sem nome;4254;Pessoal;GRUPO VIP BLACK DOCTOR #234301
5199331807;Sem nome;4255;Pessoal;GRUPO VIP BLACK DOCTOR #234301
11964851865;Sem nome;4256;Pessoal;GRUPO VIP BLACK DOCTOR #234301
6596685747;Sem nome;4257;Pessoal;GRUPO VIP BLACK DOCTOR #234301
11986031203;Sem nome;4258;Comercial;GRUPO VIP BLACK DOCTOR #234301
15997079896;João Canuto;4259;Pessoal;GRUPO VIP BLACK DOCTOR #234301
21987476425;Sem nome;4260;Pessoal;GRUPO VIP BLACK DOCTOR #234301
6199765300;Sem nome;4261;Pessoal;GRUPO VIP BLACK DOCTOR #234301
16991977769;Sem nome;4262;Pessoal;GRUPO VIP BLACK DOCTOR #234301
11982218470;Sem nome;4263;Pessoal;GRUPO VIP BLACK DOCTOR #234301
11994941016;Sem nome;4264;Pessoal;GRUPO VIP BLACK DOCTOR #234301
11976711155;Sem nome;4265;Pessoal;GRUPO VIP BLACK DOCTOR #234301
22999194247;Sem nome;4266;Pessoal;GRUPO VIP BLACK DOCTOR #234301
6284432248;Sem nome;4267;Pessoal;GRUPO VIP BLACK DOCTOR #234301
19997813943;Sem nome;4268;Pessoal;GRUPO VIP BLACK DOCTOR #234301
9281796747;Sem nome;4269;Pessoal;GRUPO VIP BLACK DOCTOR #234301
19971140386;Sem nome;4270;Comercial;GRUPO VIP BLACK DOCTOR #234301
4388262866;Dall'Acqua Consórcio e Investimentos;4271;Pessoal;GRUPO VIP BLACK DOCTOR #234301
11945477585;Sem nome;4272;Pessoal;GRUPO VIP BLACK DOCTOR #234301
14988380421;Sem nome;4273;Pessoal;GRUPO VIP BLACK DOCTOR #234301
21973809693;Sem nome;4274;Pessoal;GRUPO VIP BLACK DOCTOR #234301
5193202696;Sem nome;4275;Pessoal;GRUPO VIP BLACK DOCTOR #234301
19995557566;Sem nome;4276;Pessoal;GRUPO VIP BLACK DOCTOR #234301
4399766082;Sem nome;4277;Pessoal;GRUPO VIP BLACK DOCTOR #234301
6196181015;Sem nome;4278;Comercial;GRUPO VIP BLACK DOCTOR #234301
3198065354;John Costa;4279;Pessoal;GRUPO VIP BLACK DOCTOR #234301
3898250223;Sem nome;4280;Pessoal;GRUPO VIP BLACK DOCTOR #234301
19991861009;Sem nome;4281;Pessoal;GRUPO VIP BLACK DOCTOR #234301
7193301148;Sem nome;4282;Pessoal;GRUPO VIP BLACK DOCTOR #234301
8694256994;Sem nome;4283;Pessoal;GRUPO VIP BLACK DOCTOR #234301
11986208169;Sem nome;4284;Pessoal;GRUPO VIP BLACK DOCTOR #234301
6192467063;Sem nome;4285;Pessoal;GRUPO VIP BLACK DOCTOR #234301
9888854298;Sem nome;4286;Pessoal;GRUPO VIP BLACK DOCTOR #234301
4788440929;Sem nome;4287;Pessoal;GRUPO VIP BLACK DOCTOR #234301
6193168328;Sem nome;4288;Pessoal;GRUPO VIP BLACK DOCTOR #234301
11999837046;Sem nome;4289;Pessoal;GRUPO VIP BLACK DOCTOR #234301
8699084038;Sem nome;4290;Pessoal;GRUPO VIP BLACK DOCTOR #234301
7981749499;Sem nome;4291;Pessoal;GRUPO VIP BLACK DOCTOR #234301
11914696974;Sem nome;4292;Pessoal;GRUPO VIP BLACK DOCTOR #234301
8791487165;Sem nome;4293;Pessoal;GRUPO VIP BLACK DOCTOR #234301
11977421143;Sem nome;4294;Comercial;GRUPO VIP BLACK DOCTOR #234301
21991462475;Fábio de Oliveira;4295;Pessoal;GRUPO VIP BLACK DOCTOR #234301
21983223695;Sem nome;4296;Pessoal;GRUPO VIP BLACK DOCTOR #234301
21985586270;Sem nome;4297;Pessoal;GRUPO VIP BLACK DOCTOR #234301
7388051024;Sem nome;4298;Pessoal;GRUPO VIP BLACK DOCTOR #234301
21999220291;Sem nome;4299;Pessoal;GRUPO VIP BLACK DOCTOR #234301
21989220462;Sem nome;4300;Pessoal;GRUPO VIP BLACK DOCTOR #234301
11981092476;Sem nome;4301;Comercial;GRUPO VIP BLACK DOCTOR #234301
3596728110;Azul Empréstimo Passos;4302;Pessoal;GRUPO VIP BLACK DOCTOR #234301
24993101736;Sem nome;4303;Comercial;GRUPO VIP BLACK DOCTOR #234301
24999555269;Thamara | Consultoria;4304;Pessoal;Coletivo de Mulheres
7191506698;Sem nome;4305;Comercial;Coletivo de Mulheres
7199515422;Sandra Santos;4306;Pessoal;Coletivo de Mulheres
7188381570;Sem nome;4307;Pessoal;Coletivo de Mulheres
7183117878;Sem nome;4308;Pessoal;Coletivo de Mulheres
7199159954;Sem nome;4309;Pessoal;Coletivo de Mulheres
7181475489;Sem nome;4310;Comercial;Coletivo de Mulheres
7186420115;Paixão;4311;Pessoal;Coletivo de Mulheres
7193075245;Sem nome;4312;Pessoal;Excel XMR Carla Mendes #30
11978011622;Sem nome;4313;Pessoal;Excel XMR Carla Mendes #30
21991577469;Sem nome;4314;Pessoal;Excel XMR Carla Mendes #30
4195666447;Sem nome;4315;Pessoal;Excel XMR Carla Mendes #30
5194937076;Sem nome;4316;Pessoal;Excel XMR Carla Mendes #30
11985953739;Sem nome;4317;Pessoal;Excel XMR Carla Mendes #30
3491651756;Sem nome;4318;Pessoal;Excel XMR Carla Mendes #30
22996082447;Sem nome;4319;Pessoal;Excel XMR Carla Mendes #30
11989824598;Sem nome;4320;Pessoal;Excel XMR Carla Mendes #30
16993427168;Sem nome;4321;Pessoal;Excel XMR Carla Mendes #30
8191895397;Sem nome;4322;Pessoal;Excel XMR Carla Mendes #30
7488288713;Sem nome;4323;Pessoal;Excel XMR Carla Mendes #30
12982009827;Sem nome;4324;Pessoal;Excel XMR Carla Mendes #30
7188472032;Sem nome;4325;Pessoal;Excel XMR Carla Mendes #30
16981631133;Sem nome;4326;Pessoal;Excel XMR Carla Mendes #30
4791311035;Sem nome;4327;Pessoal;Excel XMR Carla Mendes #30
4298146386;Sem nome;4328;Pessoal;Excel XMR Carla Mendes #30
5196908040;Sem nome;4329;Pessoal;Excel XMR Carla Mendes #30
11994532875;Sem nome;4330;Pessoal;Excel XMR Carla Mendes #30
6593276978;Sem nome;4331;Pessoal;Excel XMR Carla Mendes #30
5581432038;Sem nome;4332;Pessoal;Excel XMR Carla Mendes #30
8681119614;Sem nome;4333;Pessoal;Excel XMR Carla Mendes #30
4197677748;Sem nome;4334;Comercial;Black Week Saulo Barbosa #1
12981468306;Sem nome;4335;Pessoal;Black Week Saulo Barbosa #1
6198328435;Sem nome;4336;Pessoal;Black Week Saulo Barbosa #1
6196282624;Natália Paradelo;4337;Comercial;Black Week Saulo Barbosa #1
4196380817;Dra Liliane Blaskovi Nutricionista;4338;Pessoal;Black Week Saulo Barbosa #1
27998448533;Sem nome;4339;Pessoal;Black Week Saulo Barbosa #1
8796604788;Sem nome;4340;Pessoal;Black Week Saulo Barbosa #1
8398695972;Sem nome;4341;Pessoal;Black Week Saulo Barbosa #1
3188615327;Sem nome;4342;Pessoal;Black Week Saulo Barbosa #1
21964383387;Sem nome;4343;Comercial;Black Week Saulo Barbosa #1
6181676985;Auriane Clímaco;4344;Comercial;Black Week Saulo Barbosa #1
3891464784;Rosana Mesquita;4345;Pessoal;Black Week Saulo Barbosa #1
7999613923;Sem nome;4346;Pessoal;Black Week Saulo Barbosa #1
3899156289;Sem nome;4347;Comercial;Black Week Saulo Barbosa #1
22981210993;Barbara Piccioni;4348;Pessoal;Black Week Saulo Barbosa #1
7186483878;Sem nome;4349;Comercial;Black Week Saulo Barbosa #1
6285761614;Ana Paula;4350;Pessoal;Black Week Saulo Barbosa #1
11995605424;Sem nome;4351;Pessoal;Black Week Saulo Barbosa #1
11952162622;Sem nome;4352;Pessoal;Black Week Saulo Barbosa #1
3891917977;Sem nome;4353;Pessoal;Black Week Saulo Barbosa #1
3891188790;Sem nome;4354;Pessoal;Black Week Saulo Barbosa #1
3899689859;Sem nome;4355;Pessoal;Black Week Saulo Barbosa #1
6792890676;Sem nome;4356;Pessoal;Black Week Saulo Barbosa #1
3897303443;Sem nome;4357;Pessoal;Black Week Saulo Barbosa #1
3799143385;Sem nome;4358;Pessoal;Black Week Saulo Barbosa #1
11954806045;Sem nome;4359;Pessoal;Black Week Saulo Barbosa #1
8588405809;Sem nome;4360;Pessoal;Black Week Saulo Barbosa #1
3188172960;Sem nome;4361;Pessoal;Black Week Saulo Barbosa #1
5391419543;Sem nome;4362;Pessoal;Black Week Saulo Barbosa #1
7591692977;Sem nome;4363;Pessoal;Black Week Saulo Barbosa #1
3388482388;Sem nome;4364;Pessoal;Black Week Saulo Barbosa #1
21996570141;Sem nome;4365;Comercial;Black Week Saulo Barbosa #1
8896188222;Dr Cleano Arruda Psiquiatra;4366;Pessoal;Black Week Saulo Barbosa #1
3891126749;Sem nome;4367;Pessoal;Black Week Saulo Barbosa #1
7391179520;Sem nome;4368;Comercial;Black Week Saulo Barbosa #1
11983562665;Sulamita Lobato;4369;Pessoal;Black Week Saulo Barbosa #1
8399640658;Sem nome;4370;Pessoal;Black Week Saulo Barbosa #1
19971541400;Sem nome;4371;Pessoal;Black Week Saulo Barbosa #1
3888017007;Sem nome;4372;Pessoal;Black Week Saulo Barbosa #1
11975092812;Sem nome;4373;Comercial;Black Week Saulo Barbosa #1
27992943186;Caroline Manhães;4374;Pessoal;Black Week Saulo Barbosa #1
3888263213;Sem nome;4375;Pessoal;Black Week Saulo Barbosa #1
3899915440;Sem nome;4376;Pessoal;Black Week Saulo Barbosa #1
17992111864;Sem nome;4377;Pessoal;Black Week Saulo Barbosa #1
8498665175;Sem nome;4378;Pessoal;Black Week Saulo Barbosa #1
3591911500;Sem nome;4379;Pessoal;Black Week Saulo Barbosa #1
21983672172;Sem nome;4380;Pessoal;Black Week Saulo Barbosa #1
3888634405;Sem nome;4381;Pessoal;Black Week Saulo Barbosa #1
3891619695;Sem nome;4382;Pessoal;Black Week Saulo Barbosa #1
21966392223;Sem nome;4383;Pessoal;Black Week Saulo Barbosa #1
3892264361;Sem nome;4384;Comercial;Black Week Saulo Barbosa #1
11975337220;Ma. F.;4385;Comercial;Black Week Saulo Barbosa #1
3592442220;Marla Rejane / Psicologa;4386;Pessoal;Black Week Saulo Barbosa #1
17991662897;Sem nome;4387;Pessoal;Black Week Saulo Barbosa #1
4899166483;Sem nome;4388;Comercial;Black Week Saulo Barbosa #1
7581960345;Poliana Santana;4389;Pessoal;Black Week Saulo Barbosa #1
8193647373;Sem nome;4390;Pessoal;#8 Jornada dos Temperamentos
3597329006;Sem nome;4391;Pessoal;#8 Jornada dos Temperamentos
11975847563;Sem nome;4392;Pessoal;#8 Jornada dos Temperamentos
8393860894;Sem nome;4393;Pessoal;#8 Jornada dos Temperamentos
3791682712;Sem nome;4394;Comercial;#8 Jornada dos Temperamentos
28999031465;Lidiane Baraqui;4395;Pessoal;#8 Jornada dos Temperamentos
6199342763;Sem nome;4396;Pessoal;#8 Jornada dos Temperamentos
9891249891;Sem nome;4397;Pessoal;#8 Jornada dos Temperamentos
22999673072;Sem nome;4398;Pessoal;#8 Jornada dos Temperamentos
19997920619;Sem nome;4399;Pessoal;#8 Jornada dos Temperamentos
8585939364;Sem nome;4400;Comercial;#8 Jornada dos Temperamentos
4488067193;Amanda Dolfini Batista;4401;Pessoal;#8 Jornada dos Temperamentos
24999083152;Sem nome;4402;Pessoal;#8 Jornada dos Temperamentos
21981286171;Sem nome;4403;Pessoal;#8 Jornada dos Temperamentos
11981110418;Sem nome;4404;Pessoal;#8 Jornada dos Temperamentos
8496698012;Sem nome;4405;Pessoal;#8 Jornada dos Temperamentos
4197446218;Sem nome;4406;Pessoal;#8 Jornada dos Temperamentos
14981188500;Sem nome;4407;Pessoal;#8 Jornada dos Temperamentos
12988001198;Sem nome;4408;Pessoal;#8 Jornada dos Temperamentos
27988042156;Sem nome;4409;Pessoal;#8 Jornada dos Temperamentos
24999993190;Sem nome;4410;Pessoal;#8 Jornada dos Temperamentos
6295762958;Sem nome;4411;Pessoal;#8 Jornada dos Temperamentos
3199501482;Sem nome;4412;Pessoal;#8 Jornada dos Temperamentos
22999472349;Sem nome;4413;Pessoal;#8 Jornada dos Temperamentos
11994829807;Sem nome;4414;Comercial;#8 Jornada dos Temperamentos
3195121404;Cláudia Antunes Dornas;4415;Pessoal;#8 Jornada dos Temperamentos
6185579632;Sem nome;4416;Pessoal;#8 Jornada dos Temperamentos
21992488349;Sem nome;4417;Pessoal;#8 Jornada dos Temperamentos
9183897715;Sem nome;4418;Pessoal;#8 Jornada dos Temperamentos
6182195744;Sem nome;4419;Pessoal;#8 Jornada dos Temperamentos
21975705718;Sem nome;4420;Pessoal;#8 Jornada dos Temperamentos
3899688656;Sem nome;4421;Pessoal;#8 Jornada dos Temperamentos
6198242093;Sem nome;4422;Pessoal;#8 Jornada dos Temperamentos
7599107660;Sem nome;4423;Pessoal;#8 Jornada dos Temperamentos
7798723449;Sem nome;4424;Pessoal;#8 Jornada dos Temperamentos
3188078169;Sem nome;4425;Pessoal;#8 Jornada dos Temperamentos
13996895099;Sem nome;4426;Pessoal;#8 Jornada dos Temperamentos
11980425171;Sem nome;4427;Pessoal;#8 Jornada dos Temperamentos
4199488847;Sem nome;4428;Pessoal;#8 Jornada dos Temperamentos
11955593554;Sem nome;4429;Pessoal;#8 Jornada dos Temperamentos
9293068503;Sem nome;4430;Pessoal;#8 Jornada dos Temperamentos
9391688929;Sem nome;4431;Pessoal;#8 Jornada dos Temperamentos
8188978336;Sem nome;4432;Pessoal;#8 Jornada dos Temperamentos
6192252775;Sem nome;4433;Pessoal;#8 Jornada dos Temperamentos
15981336377;Sem nome;4434;Pessoal;#8 Jornada dos Temperamentos
4491717011;Sem nome;4435;Pessoal;#8 Jornada dos Temperamentos
8291341392;Sem nome;4436;Pessoal;#8 Jornada dos Temperamentos
11930015535;Sem nome;4437;Pessoal;#8 Jornada dos Temperamentos
19991255745;Sem nome;4438;Pessoal;#8 Jornada dos Temperamentos
4491215951;Sem nome;4439;Pessoal;#8 Jornada dos Temperamentos
21996097458;Sem nome;4440;Pessoal;#8 Jornada dos Temperamentos
5195895022;Sem nome;4441;Pessoal;#8 Jornada dos Temperamentos
7588880781;Sem nome;4442;Pessoal;#8 Jornada dos Temperamentos
3188759644;Sem nome;4443;Pessoal;#8 Jornada dos Temperamentos
6291018575;Sem nome;4444;Pessoal;#8 Jornada dos Temperamentos
14997419655;Sem nome;4445;Pessoal;#8 Jornada dos Temperamentos
3185216216;Sem nome;4446;Comercial;#8 Jornada dos Temperamentos
11953869693;Léo Godoy;4447;Comercial;#8 Jornada dos Temperamentos
6182803839;Isabela Nascimento;4448;Pessoal;#8 Jornada dos Temperamentos
3784117827;Sem nome;4449;Pessoal;#8 Jornada dos Temperamentos
6299666146;Sem nome;4450;Pessoal;#8 Jornada dos Temperamentos
21987501546;Sem nome;4451;Pessoal;#8 Jornada dos Temperamentos
11913585489;Sem nome;4452;Pessoal;#8 Jornada dos Temperamentos
3284239224;Sem nome;4453;Pessoal;#8 Jornada dos Temperamentos
9181724212;Sem nome;4454;Pessoal;#8 Jornada dos Temperamentos
4184598617;Sem nome;4455;Comercial;#8 Jornada dos Temperamentos
11974410664;Barbara Vasconcelos;4456;Pessoal;#8 Jornada dos Temperamentos
21994179789;Sem nome;4457;Pessoal;#8 Jornada dos Temperamentos
6191692342;Sem nome;4458;Pessoal;#8 Jornada dos Temperamentos
9992133006;Sem nome;4459;Pessoal;#8 Jornada dos Temperamentos
3384065575;Sem nome;4460;Pessoal;#8 Jornada dos Temperamentos
7388573859;Sem nome;4461;Pessoal;#8 Jornada dos Temperamentos
7391328539;Sem nome;4462;Pessoal;#8 Jornada dos Temperamentos
19993596952;Sem nome;4463;Comercial;#8 Jornada dos Temperamentos
19974130624;Juliana Cardiologia Veterinaria;4464;Pessoal;#8 Jornada dos Temperamentos
3598775788;Sem nome;4465;Pessoal;#8 Jornada dos Temperamentos
6681317000;Sem nome;4466;Pessoal;#8 Jornada dos Temperamentos
6384092951;Sem nome;4467;Pessoal;#8 Jornada dos Temperamentos
4499702620;Sem nome;4468;Comercial;#8 Jornada dos Temperamentos
4999216615;Regina Goldoni;4469;Pessoal;#8 Jornada dos Temperamentos
3598996523;Sem nome;4470;Pessoal;#8 Jornada dos Temperamentos
6195415904;Sem nome;4471;Pessoal;#8 Jornada dos Temperamentos
6295515985;Sem nome;4472;Pessoal;#8 Jornada dos Temperamentos
6199333721;Sem nome;4473;Pessoal;#8 Jornada dos Temperamentos
6492553397;Sem nome;4474;Pessoal;#8 Jornada dos Temperamentos
12997026064;Sem nome;4475;Comercial;#8 Jornada dos Temperamentos
11938073456;Terapeuta Juliana Zorzi;4476;Pessoal;#8 Jornada dos Temperamentos
7188278555;Sem nome;4477;Pessoal;#8 Jornada dos Temperamentos
11998005088;Sem nome;4478;Pessoal;#8 Jornada dos Temperamentos
3171333725;Sem nome;4479;Pessoal;#8 Jornada dos Temperamentos
16997045812;Sem nome;4480;Comercial;#8 Jornada dos Temperamentos
27996265581;Rafaela Coppo;4481;Pessoal;#8 Jornada dos Temperamentos
8296444386;Sem nome;4482;Pessoal;#8 Jornada dos Temperamentos
21999989765;Sem nome;4483;Pessoal;#8 Jornada dos Temperamentos
6599235020;Sem nome;4484;Pessoal;#8 Jornada dos Temperamentos
21984625993;Sem nome;4485;Pessoal;#8 Jornada dos Temperamentos
21986017024;Sem nome;4486;Pessoal;#8 Jornada dos Temperamentos
4189043437;Sem nome;4487;Comercial;#8 Jornada dos Temperamentos
21977039900;Amanda;4488;Pessoal;#8 Jornada dos Temperamentos
4799275923;Sem nome;4489;Pessoal;#8 Jornada dos Temperamentos
6299619389;Sem nome;4490;Pessoal;#8 Jornada dos Temperamentos
5198141989;Sem nome;4491;Pessoal;#8 Jornada dos Temperamentos
11981757363;Sem nome;4492;Pessoal;#8 Jornada dos Temperamentos
6799278224;Sem nome;4493;Pessoal;#8 Jornada dos Temperamentos
12997116810;Sem nome;4494;Pessoal;#8 Jornada dos Temperamentos
9591321384;Sem nome;4495;Comercial;#8 Jornada dos Temperamentos
3588433195;Baker Uai;4496;Pessoal;#8 Jornada dos Temperamentos
6282404635;Sem nome;4497;Pessoal;#8 Jornada dos Temperamentos
11992729223;Sem nome;4498;Pessoal;#8 Jornada dos Temperamentos
8198083799;Sem nome;4499;Pessoal;#8 Jornada dos Temperamentos
8596185703;Sem nome;4500;Pessoal;#8 Jornada dos Temperamentos
19987557907;Sem nome;4501;Pessoal;#8 Jornada dos Temperamentos
6191167217;Sem nome;4502;Comercial;#8 Jornada dos Temperamentos
3299294311;Aline Cruz;4503;Pessoal;#8 Jornada dos Temperamentos
7791113863;Sem nome;4504;Pessoal;#8 Jornada dos Temperamentos
3484098869;Sem nome;4505;Pessoal;#8 Jornada dos Temperamentos
6196653038;Sem nome;4506;Pessoal;#8 Jornada dos Temperamentos
4399159800;Sem nome;4507;Pessoal;#8 Jornada dos Temperamentos
4799997092;Sem nome;4508;Pessoal;#8 Jornada dos Temperamentos
3196403373;Sem nome;4509;Pessoal;#8 Jornada dos Temperamentos
16999918294;Sem nome;4510;Pessoal;#8 Jornada dos Temperamentos
3791706668;Sem nome;4511;Pessoal;#8 Jornada dos Temperamentos
21980584582;Sem nome;4512;Pessoal;#8 Jornada dos Temperamentos
8186549654;Sem nome;4513;Pessoal;#8 Jornada dos Temperamentos
11997454500;Sem nome;4514;Pessoal;#8 Jornada dos Temperamentos
11942616873;Sem nome;4515;Pessoal;#8 Jornada dos Temperamentos
21982487117;Sem nome;4516;Pessoal;#8 Jornada dos Temperamentos
5591715307;Sem nome;4517;Pessoal;#8 Jornada dos Temperamentos
7391636353;Sem nome;4518;Pessoal;#8 Jornada dos Temperamentos
6599282181;Sem nome;4519;Pessoal;#8 Jornada dos Temperamentos
5195006717;Sem nome;4520;Pessoal;#8 Jornada dos Temperamentos
4899272803;Sem nome;4521;Pessoal;#8 Jornada dos Temperamentos
9584105084;Sem nome;4522;Pessoal;#8 Jornada dos Temperamentos
11959257046;Sem nome;4523;Pessoal;#8 Jornada dos Temperamentos
6899659575;Sem nome;4524;Comercial;#8 Jornada dos Temperamentos
6281377709;Liliane  Freitas;4525;Pessoal;#8 Jornada dos Temperamentos
16981610433;Sem nome;4526;Pessoal;#8 Jornada dos Temperamentos
11952385307;Sem nome;4527;Pessoal;#8 Jornada dos Temperamentos
6593116264;Sem nome;4528;Pessoal;#8 Jornada dos Temperamentos
8881305879;Sem nome;4529;Pessoal;#8 Jornada dos Temperamentos
11954896970;Sem nome;4530;Pessoal;#8 Jornada dos Temperamentos
6185437525;Sem nome;4531;Pessoal;#8 Jornada dos Temperamentos
6281083075;Sem nome;4532;Pessoal;#8 Jornada dos Temperamentos
3497691471;Sem nome;4533;Comercial;#8 Jornada dos Temperamentos
11972357776;Juliana Tresso;4534;Pessoal;#8 Jornada dos Temperamentos
8188330733;Sem nome;4535;Pessoal;#8 Jornada dos Temperamentos
3599811228;Sem nome;4536;Pessoal;#8 Jornada dos Temperamentos
4791661588;Sem nome;4537;Pessoal;#8 Jornada dos Temperamentos
11993536766;Sem nome;4538;Pessoal;#8 Jornada dos Temperamentos
3192790469;Sem nome;4539;Pessoal;#8 Jornada dos Temperamentos
21969864830;Sem nome;4540;Comercial;#8 Jornada dos Temperamentos
21993349564;espaço Joice Kelly;4541;Pessoal;#8 Jornada dos Temperamentos
21981917992;Sem nome;4542;Pessoal;#8 Jornada dos Temperamentos
9188226745;Sem nome;4543;Pessoal;#8 Jornada dos Temperamentos
8199866631;Sem nome;4544;Pessoal;#8 Jornada dos Temperamentos
19982921005;Sem nome;4545;Pessoal;#8 Jornada dos Temperamentos
4184647863;Sem nome;4546;Comercial;#8 Jornada dos Temperamentos
7187852535;Rose;4547;Pessoal;#8 Jornada dos Temperamentos
14998982098;Sem nome;4548;Pessoal;#8 Jornada dos Temperamentos
3189874883;Sem nome;4549;Pessoal;#8 Jornada dos Temperamentos
6198371509;Sem nome;4550;Pessoal;#8 Jornada dos Temperamentos
8588083019;Sem nome;4551;Pessoal;#8 Jornada dos Temperamentos
11992075348;Sem nome;4552;Pessoal;#8 Jornada dos Temperamentos
16997508112;Sem nome;4553;Pessoal;#8 Jornada dos Temperamentos
21995181208;Sem nome;4554;Pessoal;#8 Jornada dos Temperamentos
11981585332;Sem nome;4555;Pessoal;#8 Jornada dos Temperamentos
21982224292;Sem nome;4556;Pessoal;#8 Jornada dos Temperamentos
9984514487;Sem nome;4557;Pessoal;#8 Jornada dos Temperamentos
6484063648;Sem nome;4558;Pessoal;#8 Jornada dos Temperamentos
7381568468;Sem nome;4559;Comercial;#8 Jornada dos Temperamentos
16993088995;Caulina;4560;Pessoal;#8 Jornada dos Temperamentos
21967666549;Sem nome;4561;Pessoal;#8 Jornada dos Temperamentos
7498132144;Sem nome;4562;Pessoal;#8 Jornada dos Temperamentos
8188852771;Sem nome;4563;Pessoal;#8 Jornada dos Temperamentos
21981301086;Sem nome;4564;Pessoal;#8 Jornada dos Temperamentos
9493020214;Sem nome;4565;Pessoal;#8 Jornada dos Temperamentos
3199220888;Sem nome;4566;Pessoal;#8 Jornada dos Temperamentos
6291915045;Sem nome;4567;Pessoal;#8 Jornada dos Temperamentos
3299798193;Sem nome;4568;Pessoal;#8 Jornada dos Temperamentos
6284543185;Sem nome;4569;Pessoal;#8 Jornada dos Temperamentos
4196205434;Sem nome;4570;Pessoal;#8 Jornada dos Temperamentos
7199887627;Sem nome;4571;Pessoal;#8 Jornada dos Temperamentos
3899286805;Sem nome;4572;Pessoal;Grupo de avisos Prof. Fernanda Maciel #90
12974022950;Sem nome;4573;Pessoal;Grupo de avisos Prof. Fernanda Maciel #90
11994521088;Sem nome;4574;Pessoal;Grupo de avisos Prof. Fernanda Maciel #90
3188535272;Sem nome;4575;Pessoal;Grupo de avisos Prof. Fernanda Maciel #90
11977667339;Sem nome;4576;Pessoal;Grupo de avisos Prof. Fernanda Maciel #90
6181418988;Sem nome;4577;Pessoal;Grupo de avisos Prof. Fernanda Maciel #90
3498260499;Sem nome;4578;Pessoal;Grupo de avisos Prof. Fernanda Maciel #90
11970997460;Sem nome;4579;Pessoal;Grupo de avisos Prof. Fernanda Maciel #90
15981463599;Sem nome;4580;Pessoal;Grupo de avisos Prof. Fernanda Maciel #90
3484021342;Sem nome;4581;Pessoal;Grupo de avisos Prof. Fernanda Maciel #90
21991276585;Sem nome;4582;Pessoal;Grupo de avisos Prof. Fernanda Maciel #90
8892030825;Sem nome;4583;Pessoal;Grupo de avisos Prof. Fernanda Maciel #90
15998251583;Sem nome;4584;Pessoal;Grupo de avisos Prof. Fernanda Maciel #90
8199734933;Sem nome;4585;Pessoal;Grupo de avisos Prof. Fernanda Maciel #90
3199045124;Sem nome;4586;Pessoal;Grupo de avisos Prof. Fernanda Maciel #90
3598862157;Sem nome;4587;Pessoal;Grupo de avisos Prof. Fernanda Maciel #90
11999669853;Sem nome;4588;Pessoal;Grupo de avisos Prof. Fernanda Maciel #90
12982236727;Sem nome;4589;Pessoal;Grupo de avisos Prof. Fernanda Maciel #90
11976845208;Sem nome;4590;Pessoal;Grupo de avisos Prof. Fernanda Maciel #90
8288291078;Sem nome;4591;Comercial;Grupo de avisos Prof. Fernanda Maciel #90
21969799761;Allan Dourado;4592;Pessoal;Grupo de avisos Prof. Fernanda Maciel #90
3171476932;Sem nome;4593;Pessoal;Grupo de avisos Prof. Fernanda Maciel #90
4991391100;Sem nome;4594;Pessoal;Grupo de avisos Prof. Fernanda Maciel #90
9481254629;Sem nome;4595;Pessoal;Grupo de avisos Prof. Fernanda Maciel #90
4699339906;Sem nome;4596;Pessoal;Grupo de avisos Prof. Fernanda Maciel #90
3492053338;Sem nome;4597;Pessoal;Grupo de avisos Prof. Fernanda Maciel #90
4899727202;Sem nome;4598;Pessoal;Grupo de avisos Prof. Fernanda Maciel #90
9881902830;Sem nome;4599;Pessoal;Grupo de avisos Prof. Fernanda Maciel #90
6499853381;Sem nome;4600;Pessoal;Grupo de avisos Prof. Fernanda Maciel #90
11988588182;Sem nome;4601;Pessoal;Grupo de avisos Prof. Fernanda Maciel #90
4198201802;Sem nome;4602;Pessoal;Grupo de avisos Prof. Fernanda Maciel #90
12981426829;Sem nome;4603;Pessoal;Grupo de avisos Prof. Fernanda Maciel #90
11981072798;Sem nome;4604;Pessoal;Grupo de avisos Prof. Fernanda Maciel #90
6191150062;Sem nome;4605;Pessoal;Grupo de avisos Prof. Fernanda Maciel #90
3199098655;Sem nome;4606;Pessoal;Grupo de avisos Prof. Fernanda Maciel #90
21989077625;Sem nome;4607;Pessoal;Grupo de avisos Prof. Fernanda Maciel #90
8194372831;Sem nome;4608;Pessoal;Grupo de avisos Prof. Fernanda Maciel #90
7191217120;Sem nome;4609;Pessoal;Grupo de avisos Prof. Fernanda Maciel #90
6791631735;Sem nome;4610;Pessoal;Grupo de avisos Prof. Fernanda Maciel #90
3188183953;Sem nome;4611;Pessoal;Grupo de avisos Prof. Fernanda Maciel #90
11969714133;Sem nome;4612;Pessoal;Grupo de avisos Prof. Fernanda Maciel #90
11969084988;Sem nome;4613;Pessoal;Grupo de avisos Prof. Fernanda Maciel #90
21995356867;Sem nome;4614;Pessoal;Grupo de avisos Prof. Fernanda Maciel #90
3187348662;Sem nome;4615;Pessoal;Grupo de avisos Prof. Fernanda Maciel #90
11964031425;Sem nome;4616;Pessoal;Grupo de avisos Prof. Fernanda Maciel #90
18997584906;Sem nome;4617;Pessoal;Grupo de avisos Prof. Fernanda Maciel #90
21986644416;Sem nome;4618;Pessoal;Grupo de avisos Prof. Fernanda Maciel #90
8388735782;Sem nome;4619;Pessoal;Grupo de avisos Prof. Fernanda Maciel #90
11987681587;Sem nome;4620;Pessoal;Grupo de avisos Prof. Fernanda Maciel #90
8196291293;Sem nome;4621;Pessoal;Grupo de avisos Prof. Fernanda Maciel #90
11953047666;Sem nome;4622;Pessoal;Grupo de avisos Prof. Fernanda Maciel #90
21987889758;Sem nome;4623;Pessoal;Grupo de avisos Prof. Fernanda Maciel #90
24998168919;Sem nome;4624;Pessoal;Grupo de avisos Prof. Fernanda Maciel #90
6596995775;Sem nome;4625;Pessoal;Grupo de avisos Prof. Fernanda Maciel #90
4896105230;Sem nome;4626;Pessoal;Grupo de avisos Prof. Fernanda Maciel #90
11987926731;Sem nome;4627;Pessoal;Grupo de avisos Prof. Fernanda Maciel #90
11986817687;Sem nome;4628;Pessoal;Grupo de avisos Prof. Fernanda Maciel #90
8499069543;Sem nome;4629;Pessoal;Grupo de avisos Prof. Fernanda Maciel #90
7199235373;Sem nome;4630;Pessoal;Grupo de avisos Prof. Fernanda Maciel #90
3499053467;Sem nome;4631;Pessoal;Grupo de avisos Prof. Fernanda Maciel #90
11989140726;Sem nome;4632;Pessoal;Grupo de avisos Prof. Fernanda Maciel #90
17997645185;Sem nome;4633;Pessoal;Grupo de avisos Prof. Fernanda Maciel #90
19982402551;Sem nome;4634;Pessoal;Grupo de avisos Prof. Fernanda Maciel #90
21986453859;Sem nome;4635;Pessoal;Grupo de avisos Prof. Fernanda Maciel #90
21981486987;Sem nome;4636;Pessoal;Grupo de avisos Prof. Fernanda Maciel #90
4799716206;Sem nome;4637;Pessoal;Grupo de avisos Prof. Fernanda Maciel #90
3891972523;Sem nome;4638;Pessoal;Grupo de avisos Prof. Fernanda Maciel #90
8194010802;Sem nome;4639;Pessoal;Grupo de avisos Prof. Fernanda Maciel #90
11949663174;Sem nome;4640;Pessoal;Grupo de avisos Prof. Fernanda Maciel #90
5185876802;Sem nome;4641;Pessoal;Grupo de avisos Prof. Fernanda Maciel #90
6194329147;Sem nome;4642;Pessoal;BAIXE A PLANILHA AQUI
4199344664;Turma 2 iIsabel Modesto;4643;Pessoal;BAIXE A PLANILHA AQUI
11975884082;Sem nome;4644;Pessoal;BAIXE A PLANILHA AQUI
7187498858;Sem nome;4645;Pessoal;BAIXE A PLANILHA AQUI
8496460076;Sem nome;4646;Pessoal;BAIXE A PLANILHA AQUI
7199222651;Sem nome;4647;Pessoal;BAIXE A PLANILHA AQUI
7192594318;Sem nome;4648;Pessoal;BAIXE A PLANILHA AQUI
7399654005;Sem nome;4649;Comercial;BAIXE A PLANILHA AQUI
21977309938;Luciana Pereira;4650;Pessoal;BAIXE A PLANILHA AQUI
27996042635;Sem nome;4651;Pessoal;BAIXE A PLANILHA AQUI
6184278851;sebispo;4652;Pessoal;BAIXE A PLANILHA AQUI
8197392368;Sem nome;4653;Pessoal;BAIXE A PLANILHA AQUI
11967678370;Sem nome;4654;Pessoal;BAIXE A PLANILHA AQUI
13996021947;Sem nome;4655;Pessoal;BAIXE A PLANILHA AQUI
6392786711;Sem nome;4656;Pessoal;BAIXE A PLANILHA AQUI
16992390209;Sem nome;4657;Pessoal;BAIXE A PLANILHA AQUI
8481666347;Sem nome;4658;Pessoal;BAIXE A PLANILHA AQUI
11947931677;Sem nome;4659;Pessoal;BAIXE A PLANILHA AQUI
16997516338;Sem nome;4660;Pessoal;BAIXE A PLANILHA AQUI
8799722138;Sem nome;4661;Pessoal;BAIXE A PLANILHA AQUI
21990916426;Sem nome;4662;Pessoal;BAIXE A PLANILHA AQUI
3188786250;Sem nome;4663;Pessoal;BAIXE A PLANILHA AQUI
8598501641;Sem nome;4664;Pessoal;BAIXE A PLANILHA AQUI
3197765739;Sem nome;4665;Pessoal;BAIXE A PLANILHA AQUI
11940681799;Sem nome;4666;Pessoal;BAIXE A PLANILHA AQUI
4198858739;Sem nome;4667;Pessoal;BAIXE A PLANILHA AQUI
16997615115;Sem nome;4668;Pessoal;BAIXE A PLANILHA AQUI
19981755000;Sem nome;4669;Pessoal;BAIXE A PLANILHA AQUI
6596406305;Edvaldo MAIA;4670;Comercial;BAIXE A PLANILHA AQUI
6596918957;Droga Feira Popular da 7 de Setembro;4671;Pessoal;BAIXE A PLANILHA AQUI
8699823144;Sem nome;4672;Pessoal;BAIXE A PLANILHA AQUI
7399471118;Sem nome;4673;Pessoal;BAIXE A PLANILHA AQUI
11973717861;Sem nome;4674;Pessoal;BAIXE A PLANILHA AQUI
11946024089;Sem nome;4675;Pessoal;BAIXE A PLANILHA AQUI
6392833118;Sem nome;4676;Comercial;BAIXE A PLANILHA AQUI
11959649413;Rafael R;4677;Pessoal;BAIXE A PLANILHA AQUI
9991643172;Sem nome;4678;Pessoal;BAIXE A PLANILHA AQUI
8196379482;Sem nome;4679;Pessoal;BAIXE A PLANILHA AQUI
3284335453;Sem nome;4680;Pessoal;PATRÍCIA Y AGOPIAN #312
9481609316;Sem nome;4681;Comercial;PATRÍCIA Y AGOPIAN #312
18996396914;Alexandre Campos;4682;Pessoal;PATRÍCIA Y AGOPIAN #312
3388342042;Sem nome;4683;Pessoal;PATRÍCIA Y AGOPIAN #312
11974980210;Sem nome;4684;Comercial;PATRÍCIA Y AGOPIAN #312
9193060608;# FABRICAMOS E MONTAMOS ESTRUTURAS METALICAS#;4685;Pessoal;PATRÍCIA Y AGOPIAN #312
19988552233;Sem nome;4686;Pessoal;PATRÍCIA Y AGOPIAN #312
21981382057;Sem nome;4687;Pessoal;PATRÍCIA Y AGOPIAN #312
6296821617;Sem nome;4688;Comercial;PATRÍCIA Y AGOPIAN #312
5196637146;Sem nome;4689;Pessoal;PATRÍCIA Y AGOPIAN #312
11986720757;Sem nome;4690;Pessoal;PATRÍCIA Y AGOPIAN #312
11948629063;Sem nome;4691;Comercial;PATRÍCIA Y AGOPIAN #312
21973805352;Wagner Gabriel;4692;Comercial;PATRÍCIA Y AGOPIAN #312
16999949747;Wainer Junior;4693;Comercial;PATRÍCIA Y AGOPIAN #312
9492410028;Maciel Luz;4694;Comercial;PATRÍCIA Y AGOPIAN #312
6291096066;Huberson Cunha;4695;Comercial;PATRÍCIA Y AGOPIAN #312
11974854226;Lucas Cardoso;4696;Pessoal;PATRÍCIA Y AGOPIAN #312
21999974570;Sem nome;4697;Pessoal;PATRÍCIA Y AGOPIAN #312
11970397929;Sem nome;4698;Pessoal;PATRÍCIA Y AGOPIAN #312
11987021011;Sem nome;4699;Pessoal;PATRÍCIA Y AGOPIAN #312
4791801587;Sem nome;4700;Pessoal;PATRÍCIA Y AGOPIAN #312
6181745640;Sem nome;4701;Comercial;PATRÍCIA Y AGOPIAN #312
3196718052;Valmir Cordeiro;4702;Pessoal;PATRÍCIA Y AGOPIAN #312
11930316474;Sem nome;4703;Comercial;PATRÍCIA Y AGOPIAN #312
11947190957;Michael Rodrigues;4704;Pessoal;PATRÍCIA Y AGOPIAN #312
6798555907;Sem nome;4705;Pessoal;PATRÍCIA Y AGOPIAN #312
16991538844;Sem nome;4706;Pessoal;PATRÍCIA Y AGOPIAN #312
16996062509;Sem nome;4707;Pessoal;PATRÍCIA Y AGOPIAN #312
21981005490;Sem nome;4708;Pessoal;PATRÍCIA Y AGOPIAN #312
21997742324;Sem nome;4709;Pessoal;PATRÍCIA Y AGOPIAN #312
11976257113;Sem nome;4710;Pessoal;PATRÍCIA Y AGOPIAN #312
11985185808;Sem nome;4711;Pessoal;PATRÍCIA Y AGOPIAN #312
11988418650;Sem nome;4712;Pessoal;PATRÍCIA Y AGOPIAN #312
11982340640;Sem nome;4713;Pessoal;PATRÍCIA Y AGOPIAN #312
11972002559;Sem nome;4714;Pessoal;PATRÍCIA Y AGOPIAN #312
21997062446;Sem nome;4715;Pessoal;VIPs - Community
19988783507;Sem nome;4716;Pessoal;VIPs - Community
5499900088;Sem nome;4717;Pessoal;VIPs - Community
6195414166;Sem nome;4718;Pessoal;VIPs - Community
13988517474;Sem nome;4719;Pessoal;VIPs - Community
21997846502;Sem nome;4720;Pessoal;VIPs - Community
16991256575;Sem nome;4721;Pessoal;VIPs - Community
6181269594;Sem nome;4722;Pessoal;VIPs - Community
3384105104;Sem nome;4723;Pessoal;VIPs - Community
8498529000;Sem nome;4724;Pessoal;VIPs - Community
3193821815;Sem nome;4725;Pessoal;VIPs - Community
11987731260;Sem nome;4726;Comercial;VIPs - Community
13988280437;Assistente Virtual;4727;Comercial;VIPs - Community
2297778102;Pâmella Bresciani;4728;Pessoal;VIPs - Community
4792377677;Sem nome;4729;Pessoal;VIPs - Community
21979333338;Sem nome;4730;Comercial;VIPs - Community
8586060607;Sorriso Esportivo;4731;Pessoal;VIPs - Community
3492913738;Sem nome;4732;Comercial;VIPs - Community
21992056516;Tamiris Vergette;4733;Pessoal;VIPs - Community
21998573861;Sem nome;4734;Pessoal;VIPs - Community
11982606955;Sem nome;4735;Pessoal;VIPs - Community
9884129403;Sem nome;4736;Pessoal;VIPs - Community
11961642575;Sem nome;4737;Pessoal;VIPs - Community
6993832242;Sem nome;4738;Comercial;VIPs - Community
21980700701;Carla Vianna Aurora Branding;4739;Pessoal;VIPs - Community
3198885614;Sem nome;4740;Pessoal;VIPs - Community
21988326938;Sem nome;4741;Comercial;VIPs - Community
27997164976;winneoliveira;4742;Comercial;VIPs - Community
12996091006;Anny Caroline;4743;Pessoal;VIPs - Community
5194416434;Sem nome;4744;Pessoal;VIPs - Community
11939310505;Sem nome;4745;Pessoal;VIPs - Community
11948686369;Sem nome;4746;Pessoal;VIPs - Community
12974034962;Sem nome;4747;Pessoal;VIPs - Community
4197512695;Sem nome;4748;Pessoal;Piquenique da Revelação- Olavo ou Serena?
4198993305;Sem nome;4749;Pessoal;Piquenique da Revelação- Olavo ou Serena?
4197733411;Sem nome;4750;Pessoal;Piquenique da Revelação- Olavo ou Serena?
4199304506;Sem nome;4751;Pessoal;Piquenique da Revelação- Olavo ou Serena?
4187680702;Sem nome;4752;Pessoal;Piquenique da Revelação- Olavo ou Serena?
4196055389;Sem nome;4753;Pessoal;Piquenique da Revelação- Olavo ou Serena?
4196606610;Sem nome;4754;Pessoal;Piquenique da Revelação- Olavo ou Serena?
4184125907;Sem nome;4755;Comercial;Nova Oportunidade! #372
11969675630;Andressa De Assis Makeup;4756;Pessoal;Nova Oportunidade! #372
6182186848;Sem nome;4757;Pessoal;Nova Oportunidade! #372
6792148094;Sem nome;4758;Pessoal;Nova Oportunidade! #372
15991494090;Sem nome;4759;Pessoal;Nova Oportunidade! #372
8185221232;Sem nome;4760;Pessoal;Nova Oportunidade! #372
21972011612;Sem nome;4761;Pessoal;Nova Oportunidade! #372
6199938493;Sem nome;4762;Pessoal;Nova Oportunidade! #372
9591144250;Sem nome;4763;Pessoal;Nova Oportunidade! #372
8591290798;Sem nome;4764;Pessoal;Nova Oportunidade! #372
3171434185;Sem nome;4765;Comercial;Nova Oportunidade! #372
27998590964;Karla Ferreira;4766;Pessoal;Nova Oportunidade! #372
19994112100;Sem nome;4767;Pessoal;Nova Oportunidade! #372
7598024004;Sem nome;4768;Pessoal;Nova Oportunidade! #372
11996995031;Sem nome;4769;Pessoal;Nova Oportunidade! #372
6792940706;Sem nome;4770;Comercial;Nova Oportunidade! #372
11948613164;Júlio Santtos;4771;Pessoal;Nova Oportunidade! #372
6392306697;Sem nome;4772;Pessoal;Nova oportunidade - Excel #16
5197579508;Dia 31 - Silvana;4773;Pessoal;Nova oportunidade - Excel #16
19996865097;Sem nome;4774;Pessoal;Nova oportunidade - Excel #16
15996611215;Sem nome;4775;Pessoal;Nova oportunidade - Excel #16
27998251414;Sem nome;4776;Pessoal;Nova oportunidade - Excel #16
8291025378;Sem nome;4777;Pessoal;Nova oportunidade - Excel #16
11984647489;Sem nome;4778;Pessoal;Nova oportunidade - Excel #16
5192693662;Sem nome;4779;Pessoal;Nova oportunidade - Excel #16
7583284194;Sem nome;4780;Pessoal;Nova oportunidade - Excel #16
4399918423;Sem nome;4781;Pessoal;Nova oportunidade - Excel #12
7382514956;Sem nome;4782;Pessoal;Nova oportunidade - Excel #12
7996529393;Sem nome;4783;Pessoal;Nova oportunidade - Excel #12
9294673204;Sem nome;4784;Pessoal;Nova oportunidade - Excel #12
14996306728;Sem nome;4785;Pessoal;Nova oportunidade - Excel #12
27988066012;Sem nome;4786;Pessoal;Nova oportunidade - Excel #12
4198592211;Sem nome;4787;Pessoal;Nova oportunidade - Excel #12
9293266958;Sem nome;4788;Pessoal;Nova oportunidade - Excel #12
4198790627;Sem nome;4789;Pessoal;Nova oportunidade - Excel #12
11983316077;Sem nome;4790;Pessoal;Nova oportunidade - Excel #12
4199915444;Sem nome;4791;Pessoal;Nova oportunidade - Excel #12
4192122537;Sem nome;4792;Pessoal;Nova oportunidade - Excel #12
5584652059;Sem nome;4793;Pessoal;Nova oportunidade - Excel #12
21968427962;Sem nome;4794;Pessoal;Nova oportunidade - Excel #12
3196172770;Sem nome;4795;Comercial;Nova oportunidade - Excel #12
8291469649;Jeane Marques;4796;Pessoal;Nova oportunidade - Excel #12
8488606035;Sem nome;4797;Pessoal;Nova oportunidade - Excel #12
7591451583;Sem nome;4798;Pessoal;Nova oportunidade - Excel #12
7181276241;Sem nome;4799;Pessoal;Nova oportunidade - Excel #14
8599853086;Dia 31 - Waldiana;4800;Pessoal;Nova oportunidade - Excel #14
11988349696;Sem nome;4801;Pessoal;Nova oportunidade - Excel #14
8994675488;Sem nome;4802;Pessoal;Nova oportunidade - Excel #14
11975859346;Sem nome;4803;Pessoal;Nova oportunidade - Excel #14
8491893855;Sem nome;4804;Pessoal;Nova oportunidade - Excel #14
21986565040;Sem nome;4805;Pessoal;Nova oportunidade - Excel #14
21983075328;Sem nome;4806;Pessoal;Nova oportunidade - Excel #14
11983287058;Sem nome;4807;Pessoal;Nova oportunidade - Excel #14
8591031891;Sem nome;4808;Pessoal;Nova oportunidade - Excel #14
8592193834;Viviane Mendes;4809;Pessoal;Nova oportunidade - Excel #14
5496259673;Sem nome;4810;Pessoal;Nova oportunidade - Excel #14
11961437161;Sem nome;4811;Pessoal;Nova oportunidade - Excel #14
4188024733;Sem nome;4812;Pessoal;Nova oportunidade - Excel #14
8591480276;Sem nome;4813;Pessoal;Nova oportunidade - Excel #14
19987008548;Sem nome;4814;Pessoal;Nova oportunidade - Excel #14
6496449681;Sem nome;4815;Comercial;Nova oportunidade - Excel #14
12997708064;Luma Di Giovani;4816;Pessoal;Nova oportunidade - Excel #14
21988777498;Sem nome;4817;Pessoal;Nova oportunidade - Excel #14
4499414150;Sem nome;4818;Pessoal;Nova oportunidade - Excel #14
19987712676;Sem nome;4819;Pessoal;Nova oportunidade - Excel #14
5191996442;Sem nome;4820;Pessoal;Nova oportunidade - Excel #14
16982008194;Sem nome;4821;Pessoal;Nova oportunidade - Excel #14
9882663178;Sem nome;4822;Pessoal;Nova oportunidade - Excel #14
5194772840;Sem nome;4823;Pessoal;Nova oportunidade - Excel #14
7591451583;Sem nome;4824;Pessoal;Nova oportunidade - Excel #14
9882118279;Sem nome;4825;Pessoal;Nova oportunidade - Excel #14
11966703953;Sem nome;4826;Pessoal;Nova oportunidade - Excel #13
8386264439;Dia 31 - Natalia;4827;Pessoal;Nova oportunidade - Excel #13
13996640188;Sem nome;4828;Pessoal;Nova oportunidade - Excel #13
3799452304;Sem nome;4829;Pessoal;Nova oportunidade - Excel #13
5384554840;Sem nome;4830;Pessoal;Nova oportunidade - Excel #13
5195878207;Sem nome;4831;Pessoal;Nova oportunidade - Excel #13
4199017087;Sem nome;4832;Pessoal;Nova oportunidade - Excel #13
5192008232;Sem nome;4833;Pessoal;Nova oportunidade - Excel #13
7186623603;Sem nome;4834;Pessoal;Nova oportunidade - Excel #13
14996816173;Sem nome;4835;Pessoal;Nova oportunidade - Excel #13
11993899927;Sem nome;4836;Pessoal;Nova oportunidade - Excel #13
5198610344;Sem nome;4837;Pessoal;Nova oportunidade - Excel #13
8694307505;Sem nome;4838;Pessoal;Nova oportunidade - Excel #13
3499171300;Sem nome;4839;Pessoal;Nova oportunidade - Excel #13
16994626326;Sem nome;4840;Pessoal;Nova oportunidade - Excel #13
11961212197;Yasmin Rios;4841;Comercial;Nova oportunidade - Excel #13
12988815895;Bruna Moraes;4842;Pessoal;Nova oportunidade - Excel #13
13997060568;Sem nome;4843;Pessoal;Nova oportunidade - Excel #13
9291900993;Sem nome;4844;Pessoal;Nova oportunidade - Excel #13
8599007103;Sem nome;4845;Pessoal;Nova oportunidade - Excel #13
8187628362;Sem nome;4846;Pessoal;Nova oportunidade - Excel #13
6499658546;Sem nome;4847;Pessoal;Nova oportunidade - Excel #13
8591540735;Sem nome;4848;Pessoal;Nova oportunidade - Excel #15
8585203142;Sem nome;4849;Pessoal;Nova oportunidade - Excel #15
5195892149;Sem nome;4850;Pessoal;Nova oportunidade - Excel #15
11963529326;Sem nome;4851;Pessoal;Nova oportunidade - Excel #15
3192780565;Sem nome;4852;Pessoal;Nova oportunidade - Excel #15
8496143625;Sem nome;4853;Pessoal;Nova oportunidade - Excel #15
8598470646;Sem nome;4854;Pessoal;Nova oportunidade - Excel #15
8195377098;Sem nome;4855;Pessoal;Nova oportunidade - Excel #15
27996677548;Sem nome;4856;Pessoal;Nova oportunidade - Excel #15
21980806914;Sem nome;4857;Pessoal;Nova oportunidade - Excel #15
4196001865;Sem nome;4858;Pessoal;Nova oportunidade - Excel #15
8194952199;Sem nome;4859;Pessoal;Link Aulas ao vivo Primeiras Mordidas
6292679867;Sem nome;4860;Pessoal;Link Aulas ao vivo Primeiras Mordidas
8487498281;Sem nome;4861;Pessoal;Link Aulas ao vivo Primeiras Mordidas
8381394073;Sem nome;4862;Pessoal;Link Aulas ao vivo Primeiras Mordidas
22999510812;Sem nome;4863;Pessoal;Link Aulas ao vivo Primeiras Mordidas
13996586761;Sem nome;4864;Pessoal;Link Aulas ao vivo Primeiras Mordidas
19991624710;Sem nome;4865;Pessoal;Link Aulas ao vivo Primeiras Mordidas
14981482238;Sem nome;4866;Pessoal;Link Aulas ao vivo Primeiras Mordidas
5196339256;Sem nome;4867;Pessoal;Link Aulas ao vivo Primeiras Mordidas
22998126336;Sem nome;4868;Comercial;Link Aulas ao vivo Primeiras Mordidas
22992835952;Dra Carolina Gramlich;4869;Pessoal;Link Aulas ao vivo Primeiras Mordidas
22998514485;Sem nome;4870;Pessoal;Link Aulas ao vivo Primeiras Mordidas
8391792059;Sem nome;4871;Pessoal;Link Aulas ao vivo Primeiras Mordidas
11919273589;Sem nome;4872;Pessoal;Link Aulas ao vivo Primeiras Mordidas
8291530162;Sem nome;4873;Pessoal;Link Aulas ao vivo Primeiras Mordidas
4991085373;Sem nome;4874;Pessoal;Link Aulas ao vivo Primeiras Mordidas
6681323341;Sem nome;4875;Pessoal;Link Aulas ao vivo Primeiras Mordidas
11954750823;Sem nome;4876;Comercial;Link Aulas ao vivo Primeiras Mordidas
3399420906;Nutri Emilia Miranda Materno Infantil;4877;Pessoal;Link Aulas ao vivo Primeiras Mordidas
21982671259;Sem nome;4878;Pessoal;Link Aulas ao vivo Primeiras Mordidas
5399527841;Sem nome;4879;Pessoal;Link Aulas ao vivo Primeiras Mordidas
21994459880;Sem nome;4880;Pessoal;Link Aulas ao vivo Primeiras Mordidas
22981572489;Sem nome;4881;Pessoal;Link Aulas ao vivo Primeiras Mordidas
11974990869;Sem nome;4882;Pessoal;Link Aulas ao vivo Primeiras Mordidas
22991030505;Sem nome;4883;Pessoal;Link Aulas ao vivo Primeiras Mordidas
21986308229;Sem nome;4884;Pessoal;Link Aulas ao vivo Primeiras Mordidas
8487011647;Sem nome;4885;Pessoal;Link Aulas ao vivo Primeiras Mordidas
3196027033;Sem nome;4886;Pessoal;Link Aulas ao vivo Primeiras Mordidas
22988481583;Sem nome;4887;Pessoal;Link Aulas ao vivo Primeiras Mordidas
8185070226;Sem nome;4888;Pessoal;Link Aulas ao vivo Primeiras Mordidas
22988449925;Sem nome;4889;Pessoal;Link Aulas ao vivo Primeiras Mordidas
6791938516;Sem nome;4890;Pessoal;Link Aulas ao vivo Primeiras Mordidas
11996367125;Sem nome;4891;Pessoal;Link Aulas ao vivo Primeiras Mordidas
5596229190;Sem nome;4892;Pessoal;Link Aulas ao vivo Primeiras Mordidas
28999109009;Sem nome;4893;Pessoal;Link Aulas ao vivo Primeiras Mordidas
7382418040;Sem nome;4894;Pessoal;Link Aulas ao vivo Primeiras Mordidas
8588396419;Sem nome;4895;Comercial;Link Aulas ao vivo Primeiras Mordidas
8488908559;Gengis Roger;4896;Pessoal;Link Aulas ao vivo Primeiras Mordidas
8799391004;Sem nome;4897;Pessoal;Link Aulas ao vivo Primeiras Mordidas
7799513650;Sem nome;4898;Pessoal;Link Aulas ao vivo Primeiras Mordidas
21976188051;Sem nome;4899;Pessoal;Link Aulas ao vivo Primeiras Mordidas
13981213230;Sem nome;4900;Pessoal;Link Aulas ao vivo Primeiras Mordidas
7391417746;Sem nome;4901;Pessoal;Link Aulas ao vivo Primeiras Mordidas
16994549951;Sem nome;4902;Pessoal;Link Aulas ao vivo Primeiras Mordidas
8498461889;Sem nome;4903;Pessoal;Link Aulas ao vivo Primeiras Mordidas
